[2025-06-01 13:43:04] -ReimuHakurei- has joined the game!
[2025-06-01 13:43:06] -ReimuHakurei- has left the game
[2025-06-01 16:50:38] -ReimuHakurei- has joined the game!
[2025-06-01 16:50:40] -ReimuHakurei- started the game from menu
[2025-06-01 16:50:40] [2025-06-01 16:50:40] An Error in Game has been Occurred! Exception Traceback: 
Traceback (most recent call last):
  File "/Users/angelina/Documents/Projekt_git/Battle-City-Remake/battle_city_remake/game.py", line 44, in <module>
    game()
  File "/Users/angelina/Documents/Projekt_git/Battle-City-Remake/battle_city_remake/game.py", line 34, in game
    curr_scene.draw()
  File "/Users/angelina/Documents/Projekt_git/Battle-City-Remake/battle_city_remake/scenes/game_scene.py", line 84, in draw
    for enemy in self.enemies:
                 ^^^^^^^^^^^^
AttributeError: 'GameScene' object has no attribute 'enemies'
 
    
-ReimuHakurei- has left the game.
[2025-06-01 16:52:39] -ReimuHakurei- has joined the game!
[2025-06-01 16:52:40] -ReimuHakurei- started the game from menu
[2025-06-01 16:52:40] [2025-06-01 16:52:40] An Error in Game has been Occurred! Exception Traceback: 
Traceback (most recent call last):
  File "/Users/angelina/Documents/Projekt_git/Battle-City-Remake/battle_city_remake/game.py", line 44, in <module>
    game()
  File "/Users/angelina/Documents/Projekt_git/Battle-City-Remake/battle_city_remake/game.py", line 34, in game
    curr_scene.draw()
  File "/Users/angelina/Documents/Projekt_git/Battle-City-Remake/battle_city_remake/scenes/game_scene.py", line 104, in draw
    self.player.draw(self.screen)
    ^^^^^^^^^^^^^^^^
AttributeError: 'Player' object has no attribute 'draw'
 
    
-ReimuHakurei- has left the game.
[2025-06-01 17:00:12] -ReimuHakurei- has joined the game!
[2025-06-01 17:00:13] 🟢 Player started the game from menu
[2025-06-01 17:00:22] ➡️ Player moved to (100, 104)
[2025-06-01 17:00:22] ➡️ Player moved to (100, 108)
[2025-06-01 17:00:22] ➡️ Player moved to (100, 112)
[2025-06-01 17:00:22] ➡️ Player moved to (100, 116)
[2025-06-01 17:00:22] ➡️ Player moved to (100, 120)
[2025-06-01 17:00:22] ➡️ Player moved to (100, 124)
[2025-06-01 17:00:22] ➡️ Player moved to (100, 128)
[2025-06-01 17:00:22] ➡️ Player moved to (100, 132)
[2025-06-01 17:00:22] ➡️ Player moved to (100, 136)
[2025-06-01 17:00:22] ➡️ Player moved to (100, 140)
[2025-06-01 17:00:22] ➡️ Player moved to (100, 144)
[2025-06-01 17:00:22] ➡️ Player moved to (100, 148)
[2025-06-01 17:00:22] ➡️ Player moved to (100, 152)
[2025-06-01 17:00:22] ➡️ Player moved to (100, 156)
[2025-06-01 17:00:22] ➡️ Player moved to (100, 160)
[2025-06-01 17:00:23] ➡️ Player moved to (104, 160)
[2025-06-01 17:00:23] ➡️ Player moved to (108, 160)
[2025-06-01 17:00:23] ➡️ Player moved to (112, 160)
[2025-06-01 17:00:23] ➡️ Player moved to (116, 160)
[2025-06-01 17:00:23] ➡️ Player moved to (120, 160)
[2025-06-01 17:00:23] ➡️ Player moved to (124, 160)
[2025-06-01 17:00:23] ➡️ Player moved to (128, 160)
[2025-06-01 17:00:23] ➡️ Player moved to (132, 160)
[2025-06-01 17:00:23] ➡️ Player moved to (136, 160)
[2025-06-01 17:00:23] ➡️ Player moved to (140, 160)
[2025-06-01 17:00:23] ➡️ Player moved to (144, 160)
[2025-06-01 17:00:23] ➡️ Player moved to (148, 160)
[2025-06-01 17:00:23] ➡️ Player moved to (152, 160)
[2025-06-01 17:00:23] ➡️ Player moved to (156, 160)
[2025-06-01 17:00:23] ➡️ Player moved to (160, 160)
[2025-06-01 17:00:23] ➡️ Player moved to (164, 160)
[2025-06-01 17:00:23] ➡️ Player moved to (168, 160)
[2025-06-01 17:00:23] ➡️ Player moved to (172, 160)
[2025-06-01 17:00:23] ➡️ Player moved to (176, 160)
[2025-06-01 17:00:23] ➡️ Player moved to (180, 160)
[2025-06-01 17:00:23] ➡️ Player moved to (184, 160)
[2025-06-01 17:00:23] ➡️ Player moved to (188, 160)
[2025-06-01 17:00:23] ➡️ Player moved to (192, 160)
[2025-06-01 17:00:23] ➡️ Player moved to (196, 160)
[2025-06-01 17:00:23] ➡️ Player moved to (200, 160)
[2025-06-01 17:00:23] ➡️ Player moved to (204, 160)
[2025-06-01 17:00:24] ➡️ Player moved to (208, 160)
[2025-06-01 17:00:24] ➡️ Player moved to (212, 160)
[2025-06-01 17:00:24] ➡️ Player moved to (216, 160)
[2025-06-01 17:00:24] ➡️ Player moved to (220, 160)
[2025-06-01 17:00:24] ➡️ Player moved to (224, 160)
[2025-06-01 17:00:24] ➡️ Player moved to (228, 160)
[2025-06-01 17:00:24] ➡️ Player moved to (232, 160)
[2025-06-01 17:00:24] ➡️ Player moved to (236, 160)
[2025-06-01 17:00:24] ➡️ Player moved to (240, 160)
[2025-06-01 17:00:24] ➡️ Player moved to (244, 160)
[2025-06-01 17:00:24] ➡️ Player moved to (248, 160)
[2025-06-01 17:00:24] ➡️ Player moved to (252, 160)
[2025-06-01 17:00:24] ➡️ Player moved to (256, 160)
[2025-06-01 17:00:24] ➡️ Player moved to (260, 160)
[2025-06-01 17:00:24] ➡️ Player moved to (264, 160)
[2025-06-01 17:00:24] ➡️ Player moved to (268, 160)
[2025-06-01 17:00:24] ➡️ Player moved to (272, 160)
[2025-06-01 17:00:24] ➡️ Player moved to (276, 160)
[2025-06-01 17:00:24] ➡️ Player moved to (280, 160)
[2025-06-01 17:00:24] ➡️ Player moved to (284, 160)
[2025-06-01 17:00:24] ➡️ Player moved to (288, 160)
[2025-06-01 17:00:24] ➡️ Player moved to (292, 160)
[2025-06-01 17:00:24] ➡️ Player moved to (296, 160)
[2025-06-01 17:00:24] ➡️ Player moved to (300, 160)
[2025-06-01 17:00:24] ➡️ Player moved to (304, 160)
[2025-06-01 17:00:24] ➡️ Player moved to (308, 160)
[2025-06-01 17:00:24] ➡️ Player moved to (312, 160)
[2025-06-01 17:00:24] ➡️ Player moved to (316, 160)
[2025-06-01 17:00:24] ➡️ Player moved to (320, 160)
[2025-06-01 17:00:24] ➡️ Player moved to (324, 160)
[2025-06-01 17:00:24] ➡️ Player moved to (328, 160)
[2025-06-01 17:00:24] ➡️ Player moved to (332, 160)
[2025-06-01 17:00:24] ➡️ Player moved to (336, 160)
[2025-06-01 17:00:24] ➡️ Player moved to (340, 160)
[2025-06-01 17:00:24] ➡️ Player moved to (344, 160)
[2025-06-01 17:00:24] ➡️ Player moved to (348, 160)
[2025-06-01 17:00:24] ➡️ Player moved to (352, 160)
[2025-06-01 17:00:24] ➡️ Player moved to (356, 160)
[2025-06-01 17:00:24] ➡️ Player moved to (360, 160)
[2025-06-01 17:00:24] ❌ Player hit an obstacle!
[2025-06-01 17:00:24] ❌ Player hit an obstacle!
[2025-06-01 17:00:24] ❌ Player hit an obstacle!
[2025-06-01 17:00:24] ❌ Player hit an obstacle!
[2025-06-01 17:00:24] ❌ Player hit an obstacle!
[2025-06-01 17:00:24] ❌ Player hit an obstacle!
[2025-06-01 17:00:24] ❌ Player hit an obstacle!
[2025-06-01 17:00:24] ❌ Player hit an obstacle!
[2025-06-01 17:00:25] ❌ Player hit an obstacle!
[2025-06-01 17:00:25] ❌ Player hit an obstacle!
[2025-06-01 17:00:25] ❌ Player hit an obstacle!
[2025-06-01 17:00:25] ❌ Player hit an obstacle!
[2025-06-01 17:00:25] ❌ Player hit an obstacle!
[2025-06-01 17:00:25] ❌ Player hit an obstacle!
[2025-06-01 17:00:25] ❌ Player hit an obstacle!
[2025-06-01 17:00:25] ❌ Player hit an obstacle!
[2025-06-01 17:00:25] ❌ Player hit an obstacle!
[2025-06-01 17:00:25] ❌ Player hit an obstacle!
[2025-06-01 17:00:25] ❌ Player hit an obstacle!
[2025-06-01 17:00:25] ❌ Player hit an obstacle!
[2025-06-01 17:00:25] ❌ Player hit an obstacle!
[2025-06-01 17:00:25] ❌ Player hit an obstacle!
[2025-06-01 17:00:25] ❌ Player hit an obstacle!
[2025-06-01 17:00:25] ❌ Player hit an obstacle!
[2025-06-01 17:00:25] ❌ Player hit an obstacle!
[2025-06-01 17:00:25] ❌ Player hit an obstacle!
[2025-06-01 17:00:25] ❌ Player hit an obstacle!
[2025-06-01 17:00:25] ❌ Player hit an obstacle!
[2025-06-01 17:00:25] ❌ Player hit an obstacle!
[2025-06-01 17:00:25] ❌ Player hit an obstacle!
[2025-06-01 17:00:25] ❌ Player hit an obstacle!
[2025-06-01 17:00:25] ❌ Player hit an obstacle!
[2025-06-01 17:00:25] ❌ Player hit an obstacle!
[2025-06-01 17:00:25] ❌ Player hit an obstacle!
[2025-06-01 17:00:25] ❌ Player hit an obstacle!
[2025-06-01 17:00:25] ❌ Player hit an obstacle!
[2025-06-01 17:00:25] ❌ Player hit an obstacle!
[2025-06-01 17:00:25] ❌ Player hit an obstacle!
[2025-06-01 17:00:26] ➡️ Player moved to (356, 160)
[2025-06-01 17:00:26] ➡️ Player moved to (352, 160)
[2025-06-01 17:00:26] ➡️ Player moved to (348, 160)
[2025-06-01 17:00:26] ➡️ Player moved to (344, 160)
[2025-06-01 17:00:26] ➡️ Player moved to (340, 160)
[2025-06-01 17:00:26] ➡️ Player moved to (336, 160)
[2025-06-01 17:00:26] ➡️ Player moved to (332, 160)
[2025-06-01 17:00:26] ➡️ Player moved to (328, 160)
[2025-06-01 17:00:26] ➡️ Player moved to (324, 160)
[2025-06-01 17:00:26] ➡️ Player moved to (320, 160)
[2025-06-01 17:00:26] ➡️ Player moved to (316, 160)
[2025-06-01 17:00:26] ➡️ Player moved to (312, 160)
[2025-06-01 17:00:26] ➡️ Player moved to (308, 160)
[2025-06-01 17:00:26] ➡️ Player moved to (304, 160)
[2025-06-01 17:00:26] ➡️ Player moved to (300, 160)
[2025-06-01 17:00:26] ➡️ Player moved to (296, 160)
[2025-06-01 17:00:26] ➡️ Player moved to (292, 160)
[2025-06-01 17:00:26] ➡️ Player moved to (288, 160)
[2025-06-01 17:00:26] ➡️ Player moved to (284, 160)
[2025-06-01 17:00:26] ➡️ Player moved to (280, 160)
[2025-06-01 17:00:27] ➡️ Player moved to (280, 164)
[2025-06-01 17:00:27] ➡️ Player moved to (280, 168)
[2025-06-01 17:00:27] ➡️ Player moved to (280, 172)
[2025-06-01 17:00:27] ➡️ Player moved to (280, 176)
[2025-06-01 17:00:27] ➡️ Player moved to (280, 180)
[2025-06-01 17:00:27] ➡️ Player moved to (280, 184)
[2025-06-01 17:00:27] ➡️ Player moved to (280, 188)
[2025-06-01 17:00:27] ➡️ Player moved to (280, 192)
[2025-06-01 17:00:27] ➡️ Player moved to (280, 196)
[2025-06-01 17:00:28] ➡️ Player moved to (280, 200)
[2025-06-01 17:00:28] ➡️ Player moved to (280, 204)
[2025-06-01 17:00:28] ➡️ Player moved to (280, 208)
[2025-06-01 17:00:28] ➡️ Player moved to (284, 208)
[2025-06-01 17:00:28] ➡️ Player moved to (288, 208)
[2025-06-01 17:00:28] ➡️ Player moved to (292, 208)
[2025-06-01 17:00:28] ➡️ Player moved to (296, 208)
[2025-06-01 17:00:28] ➡️ Player moved to (300, 208)
[2025-06-01 17:00:28] ➡️ Player moved to (304, 208)
[2025-06-01 17:00:28] ➡️ Player moved to (308, 208)
[2025-06-01 17:00:28] ➡️ Player moved to (312, 208)
[2025-06-01 17:00:28] ➡️ Player moved to (316, 208)
[2025-06-01 17:00:28] -ReimuHakurei- shot bullet at (1, 0)
[2025-06-01 17:00:29] -ReimuHakurei- shot bullet at (1, 0)
[2025-06-01 17:00:33] ➡️ Player moved to (320, 208)
[2025-06-01 17:00:33] ➡️ Player moved to (324, 208)
[2025-06-01 17:00:33] ➡️ Player moved to (328, 208)
[2025-06-01 17:00:33] ➡️ Player moved to (332, 208)
[2025-06-01 17:00:34] ➡️ Player moved to (336, 208)
[2025-06-01 17:00:34] ➡️ Player moved to (340, 208)
[2025-06-01 17:00:34] ➡️ Player moved to (344, 208)
[2025-06-01 17:00:34] ➡️ Player moved to (348, 208)
[2025-06-01 17:00:34] ➡️ Player moved to (352, 208)
[2025-06-01 17:00:34] ➡️ Player moved to (356, 208)
[2025-06-01 17:00:34] ➡️ Player moved to (360, 208)
[2025-06-01 17:00:34] ➡️ Player moved to (364, 208)
[2025-06-01 17:00:34] ➡️ Player moved to (368, 208)
[2025-06-01 17:00:34] ➡️ Player moved to (372, 208)
[2025-06-01 17:00:34] ➡️ Player moved to (376, 208)
[2025-06-01 17:00:34] ➡️ Player moved to (380, 208)
[2025-06-01 17:00:34] ➡️ Player moved to (384, 208)
[2025-06-01 17:00:34] ➡️ Player moved to (388, 208)
[2025-06-01 17:00:34] ➡️ Player moved to (392, 208)
[2025-06-01 17:00:34] ➡️ Player moved to (396, 208)
[2025-06-01 17:00:34] ➡️ Player moved to (400, 208)
[2025-06-01 17:00:34] ➡️ Player moved to (404, 208)
[2025-06-01 17:00:34] ➡️ Player moved to (408, 208)
[2025-06-01 17:00:34] ➡️ Player moved to (412, 208)
[2025-06-01 17:00:34] ➡️ Player moved to (416, 208)
[2025-06-01 17:00:34] ➡️ Player moved to (420, 208)
[2025-06-01 17:00:34] ➡️ Player moved to (424, 208)
[2025-06-01 17:00:34] ➡️ Player moved to (428, 208)
[2025-06-01 17:00:34] ➡️ Player moved to (432, 208)
[2025-06-01 17:00:34] ➡️ Player moved to (436, 208)
[2025-06-01 17:00:34] ➡️ Player moved to (440, 208)
[2025-06-01 17:00:34] ➡️ Player moved to (444, 208)
[2025-06-01 17:00:34] ➡️ Player moved to (448, 208)
[2025-06-01 17:00:34] ➡️ Player moved to (452, 208)
[2025-06-01 17:00:34] ➡️ Player moved to (456, 208)
[2025-06-01 17:00:34] ➡️ Player moved to (460, 208)
[2025-06-01 17:00:34] ➡️ Player moved to (464, 208)
[2025-06-01 17:00:34] ➡️ Player moved to (468, 208)
[2025-06-01 17:00:34] ➡️ Player moved to (472, 208)
[2025-06-01 17:00:34] ➡️ Player moved to (476, 208)
[2025-06-01 17:00:34] ➡️ Player moved to (480, 208)
[2025-06-01 17:00:34] ➡️ Player moved to (484, 208)
[2025-06-01 17:00:34] ➡️ Player moved to (488, 208)
[2025-06-01 17:00:34] ➡️ Player moved to (492, 208)
[2025-06-01 17:00:34] ➡️ Player moved to (496, 208)
[2025-06-01 17:00:34] ➡️ Player moved to (500, 208)
[2025-06-01 17:00:34] ➡️ Player moved to (504, 208)
[2025-06-01 17:00:34] ➡️ Player moved to (508, 208)
[2025-06-01 17:00:34] ➡️ Player moved to (512, 208)
[2025-06-01 17:00:34] ➡️ Player moved to (516, 208)
[2025-06-01 17:00:34] ➡️ Player moved to (520, 208)
[2025-06-01 17:00:34] ➡️ Player moved to (524, 208)
[2025-06-01 17:00:34] ➡️ Player moved to (528, 208)
[2025-06-01 17:00:34] ➡️ Player moved to (532, 208)
[2025-06-01 17:00:34] ➡️ Player moved to (536, 208)
[2025-06-01 17:00:34] ➡️ Player moved to (540, 208)
[2025-06-01 17:00:34] ➡️ Player moved to (544, 208)
[2025-06-01 17:00:35] ➡️ Player moved to (548, 208)
[2025-06-01 17:00:35] ➡️ Player moved to (552, 208)
[2025-06-01 17:00:35] ➡️ Player moved to (556, 208)
[2025-06-01 17:00:35] ➡️ Player moved to (560, 208)
[2025-06-01 17:00:35] ➡️ Player moved to (564, 208)
[2025-06-01 17:00:35] ➡️ Player moved to (568, 208)
[2025-06-01 17:00:35] ➡️ Player moved to (572, 208)
[2025-06-01 17:00:35] ➡️ Player moved to (576, 208)
[2025-06-01 17:00:35] ➡️ Player moved to (580, 208)
[2025-06-01 17:00:35] ➡️ Player moved to (584, 208)
[2025-06-01 17:00:35] ➡️ Player moved to (588, 208)
[2025-06-01 17:00:35] ➡️ Player moved to (592, 208)
[2025-06-01 17:00:35] ➡️ Player moved to (596, 208)
[2025-06-01 17:00:37] ➡️ Player moved to (596, 212)
[2025-06-01 17:00:37] ➡️ Player moved to (596, 216)
[2025-06-01 17:00:37] ➡️ Player moved to (596, 220)
[2025-06-01 17:00:37] ➡️ Player moved to (596, 224)
[2025-06-01 17:00:37] ➡️ Player moved to (596, 228)
[2025-06-01 17:00:37] ➡️ Player moved to (596, 232)
[2025-06-01 17:00:37] ➡️ Player moved to (596, 236)
[2025-06-01 17:00:37] ➡️ Player moved to (596, 240)
[2025-06-01 17:00:37] ➡️ Player moved to (596, 244)
[2025-06-01 17:00:37] ➡️ Player moved to (596, 248)
[2025-06-01 17:00:37] ➡️ Player moved to (596, 252)
[2025-06-01 17:00:37] ➡️ Player moved to (596, 256)
[2025-06-01 17:00:37] ➡️ Player moved to (596, 260)
[2025-06-01 17:00:37] ➡️ Player moved to (596, 264)
[2025-06-01 17:00:37] ➡️ Player moved to (596, 268)
[2025-06-01 17:00:37] ➡️ Player moved to (596, 272)
[2025-06-01 17:00:37] ➡️ Player moved to (596, 276)
[2025-06-01 17:00:37] ➡️ Player moved to (596, 280)
[2025-06-01 17:00:37] ➡️ Player moved to (596, 284)
[2025-06-01 17:00:37] ➡️ Player moved to (596, 288)
[2025-06-01 17:00:37] ➡️ Player moved to (596, 292)
[2025-06-01 17:00:37] -ReimuHakurei- hit by enemy! Health: 2
[2025-06-01 17:00:37] ➡️ Player moved to (100, 104)
[2025-06-01 17:00:37] ➡️ Player moved to (100, 108)
[2025-06-01 17:00:38] ➡️ Player moved to (100, 112)
[2025-06-01 17:00:38] ➡️ Player moved to (100, 116)
[2025-06-01 17:00:38] ➡️ Player moved to (100, 120)
[2025-06-01 17:00:38] ➡️ Player moved to (100, 124)
[2025-06-01 17:00:38] ➡️ Player moved to (100, 128)
[2025-06-01 17:00:38] ➡️ Player moved to (100, 132)
[2025-06-01 17:00:38] ➡️ Player moved to (100, 136)
[2025-06-01 17:00:38] ➡️ Player moved to (100, 140)
[2025-06-01 17:00:38] ➡️ Player moved to (100, 144)
[2025-06-01 17:00:38] ➡️ Player moved to (100, 148)
[2025-06-01 17:00:38] ➡️ Player moved to (100, 152)
[2025-06-01 17:00:38] ➡️ Player moved to (100, 156)
[2025-06-01 17:00:38] ➡️ Player moved to (100, 160)
[2025-06-01 17:00:38] ➡️ Player moved to (100, 164)
[2025-06-01 17:00:38] ➡️ Player moved to (100, 168)
[2025-06-01 17:00:38] ➡️ Player moved to (100, 172)
[2025-06-01 17:00:38] ➡️ Player moved to (100, 176)
[2025-06-01 17:00:38] ➡️ Player moved to (100, 180)
[2025-06-01 17:00:38] ➡️ Player moved to (100, 184)
[2025-06-01 17:00:38] ➡️ Player moved to (100, 188)
[2025-06-01 17:00:38] ➡️ Player moved to (100, 192)
[2025-06-01 17:00:38] ➡️ Player moved to (100, 196)
[2025-06-01 17:00:38] ➡️ Player moved to (100, 200)
[2025-06-01 17:00:38] ➡️ Player moved to (100, 204)
[2025-06-01 17:00:38] ➡️ Player moved to (100, 208)
[2025-06-01 17:00:38] ➡️ Player moved to (100, 212)
[2025-06-01 17:00:38] ➡️ Player moved to (100, 216)
[2025-06-01 17:00:38] ➡️ Player moved to (100, 220)
[2025-06-01 17:00:38] ➡️ Player moved to (100, 224)
[2025-06-01 17:00:38] ➡️ Player moved to (100, 228)
[2025-06-01 17:00:38] ➡️ Player moved to (100, 232)
[2025-06-01 17:00:38] ➡️ Player moved to (100, 236)
[2025-06-01 17:00:38] ➡️ Player moved to (100, 240)
[2025-06-01 17:00:38] ➡️ Player moved to (100, 244)
[2025-06-01 17:00:38] ➡️ Player moved to (100, 248)
[2025-06-01 17:00:39] ➡️ Player moved to (100, 252)
[2025-06-01 17:00:39] ➡️ Player moved to (100, 256)
[2025-06-01 17:00:39] ➡️ Player moved to (100, 260)
[2025-06-01 17:00:39] ➡️ Player moved to (100, 264)
[2025-06-01 17:00:39] ➡️ Player moved to (100, 268)
[2025-06-01 17:00:39] ➡️ Player moved to (100, 272)
[2025-06-01 17:00:39] ➡️ Player moved to (100, 276)
[2025-06-01 17:00:39] ➡️ Player moved to (100, 280)
[2025-06-01 17:00:39] ➡️ Player moved to (100, 284)
[2025-06-01 17:00:39] ➡️ Player moved to (100, 288)
[2025-06-01 17:00:39] ➡️ Player moved to (100, 292)
[2025-06-01 17:00:39] ➡️ Player moved to (100, 296)
[2025-06-01 17:00:39] ➡️ Player moved to (100, 300)
[2025-06-01 17:00:39] ➡️ Player moved to (100, 304)
[2025-06-01 17:00:39] ➡️ Player moved to (100, 308)
[2025-06-01 17:00:39] ➡️ Player moved to (100, 312)
[2025-06-01 17:00:39] ➡️ Player moved to (100, 316)
[2025-06-01 17:00:39] ➡️ Player moved to (100, 320)
[2025-06-01 17:00:39] ➡️ Player moved to (100, 324)
[2025-06-01 17:00:39] ➡️ Player moved to (100, 328)
[2025-06-01 17:00:39] ➡️ Player moved to (100, 332)
[2025-06-01 17:00:39] ➡️ Player moved to (100, 336)
[2025-06-01 17:00:39] ➡️ Player moved to (100, 340)
[2025-06-01 17:00:39] ➡️ Player moved to (100, 344)
[2025-06-01 17:00:39] ➡️ Player moved to (100, 348)
[2025-06-01 17:00:39] ➡️ Player moved to (100, 352)
[2025-06-01 17:00:39] ➡️ Player moved to (100, 356)
[2025-06-01 17:00:39] ➡️ Player moved to (100, 360)
[2025-06-01 17:00:39] ➡️ Player moved to (100, 364)
[2025-06-01 17:00:39] -ReimuHakurei- hit by enemy! Health: 1
[2025-06-01 17:00:39] ➡️ Player moved to (100, 104)
[2025-06-01 17:00:39] ➡️ Player moved to (100, 108)
[2025-06-01 17:00:39] ➡️ Player moved to (100, 112)
[2025-06-01 17:00:39] ➡️ Player moved to (100, 116)
[2025-06-01 17:00:40] ➡️ Player moved to (100, 120)
[2025-06-01 17:00:40] ➡️ Player moved to (100, 124)
[2025-06-01 17:00:40] ➡️ Player moved to (100, 128)
[2025-06-01 17:00:40] ➡️ Player moved to (100, 132)
[2025-06-01 17:00:40] ➡️ Player moved to (100, 136)
[2025-06-01 17:00:40] ➡️ Player moved to (100, 140)
[2025-06-01 17:00:40] ➡️ Player moved to (100, 144)
[2025-06-01 17:00:40] ➡️ Player moved to (100, 148)
[2025-06-01 17:00:40] ➡️ Player moved to (100, 152)
[2025-06-01 17:00:40] ➡️ Player moved to (100, 156)
[2025-06-01 17:00:40] ➡️ Player moved to (100, 160)
[2025-06-01 17:00:40] ➡️ Player moved to (100, 164)
[2025-06-01 17:00:40] ➡️ Player moved to (100, 168)
[2025-06-01 17:00:40] ➡️ Player moved to (100, 172)
[2025-06-01 17:00:40] ➡️ Player moved to (100, 176)
[2025-06-01 17:00:40] ➡️ Player moved to (100, 180)
[2025-06-01 17:00:40] ➡️ Player moved to (100, 184)
[2025-06-01 17:00:40] ➡️ Player moved to (100, 188)
[2025-06-01 17:00:40] ➡️ Player moved to (100, 192)
[2025-06-01 17:00:40] ➡️ Player moved to (100, 196)
[2025-06-01 17:00:40] ➡️ Player moved to (100, 200)
[2025-06-01 17:00:40] ➡️ Player moved to (100, 204)
[2025-06-01 17:00:40] ➡️ Player moved to (100, 208)
[2025-06-01 17:00:40] ➡️ Player moved to (100, 212)
[2025-06-01 17:00:40] ➡️ Player moved to (100, 216)
[2025-06-01 17:00:40] ➡️ Player moved to (100, 220)
[2025-06-01 17:00:40] ➡️ Player moved to (100, 224)
[2025-06-01 17:00:40] ➡️ Player moved to (100, 228)
[2025-06-01 17:00:40] ➡️ Player moved to (100, 232)
[2025-06-01 17:00:40] ➡️ Player moved to (100, 236)
[2025-06-01 17:00:40] ➡️ Player moved to (100, 240)
[2025-06-01 17:00:40] ➡️ Player moved to (100, 244)
[2025-06-01 17:00:40] ➡️ Player moved to (100, 248)
[2025-06-01 17:00:40] ➡️ Player moved to (100, 252)
[2025-06-01 17:00:40] ➡️ Player moved to (100, 256)
[2025-06-01 17:00:40] ➡️ Player moved to (100, 260)
[2025-06-01 17:00:40] ➡️ Player moved to (100, 264)
[2025-06-01 17:00:40] ➡️ Player moved to (100, 268)
[2025-06-01 17:00:40] ➡️ Player moved to (100, 272)
[2025-06-01 17:00:40] ➡️ Player moved to (100, 276)
[2025-06-01 17:00:40] ➡️ Player moved to (100, 280)
[2025-06-01 17:00:40] ➡️ Player moved to (100, 284)
[2025-06-01 17:00:40] ➡️ Player moved to (100, 288)
[2025-06-01 17:00:40] ➡️ Player moved to (100, 292)
[2025-06-01 17:00:40] ➡️ Player moved to (100, 296)
[2025-06-01 17:00:40] ➡️ Player moved to (100, 300)
[2025-06-01 17:00:40] ➡️ Player moved to (100, 304)
[2025-06-01 17:00:40] ➡️ Player moved to (100, 308)
[2025-06-01 17:00:41] ➡️ Player moved to (100, 312)
[2025-06-01 17:00:41] ➡️ Player moved to (100, 316)
[2025-06-01 17:00:41] ➡️ Player moved to (100, 320)
[2025-06-01 17:00:41] ➡️ Player moved to (100, 324)
[2025-06-01 17:00:41] ➡️ Player moved to (100, 328)
[2025-06-01 17:00:41] ➡️ Player moved to (100, 332)
[2025-06-01 17:00:41] ➡️ Player moved to (100, 336)
[2025-06-01 17:00:41] ➡️ Player moved to (100, 340)
[2025-06-01 17:00:41] ➡️ Player moved to (100, 344)
[2025-06-01 17:00:41] ➡️ Player moved to (100, 348)
[2025-06-01 17:00:41] ➡️ Player moved to (104, 348)
[2025-06-01 17:00:41] ➡️ Player moved to (108, 348)
[2025-06-01 17:00:41] ➡️ Player moved to (112, 348)
[2025-06-01 17:00:41] ➡️ Player moved to (116, 348)
[2025-06-01 17:00:41] ➡️ Player moved to (120, 348)
[2025-06-01 17:00:41] ➡️ Player moved to (124, 348)
[2025-06-01 17:00:41] ➡️ Player moved to (128, 348)
[2025-06-01 17:00:41] ➡️ Player moved to (132, 352)
[2025-06-01 17:00:41] ➡️ Player moved to (136, 356)
[2025-06-01 17:00:41] ➡️ Player moved to (140, 360)
[2025-06-01 17:00:41] ➡️ Player moved to (144, 364)
[2025-06-01 17:00:41] ➡️ Player moved to (148, 368)
[2025-06-01 17:00:41] ➡️ Player moved to (152, 372)
[2025-06-01 17:00:41] ➡️ Player moved to (156, 376)
[2025-06-01 17:00:41] ➡️ Player moved to (160, 376)
[2025-06-01 17:00:41] ➡️ Player moved to (164, 376)
[2025-06-01 17:00:41] ➡️ Player moved to (168, 376)
[2025-06-01 17:00:41] ➡️ Player moved to (172, 376)
[2025-06-01 17:00:41] ➡️ Player moved to (176, 376)
[2025-06-01 17:00:41] ➡️ Player moved to (180, 376)
[2025-06-01 17:00:41] ➡️ Player moved to (184, 376)
[2025-06-01 17:00:41] ➡️ Player moved to (188, 376)
[2025-06-01 17:00:41] ➡️ Player moved to (192, 376)
[2025-06-01 17:00:41] ➡️ Player moved to (196, 376)
[2025-06-01 17:00:41] ➡️ Player moved to (200, 376)
[2025-06-01 17:00:41] ➡️ Player moved to (204, 376)
[2025-06-01 17:00:41] ➡️ Player moved to (208, 376)
[2025-06-01 17:00:41] ➡️ Player moved to (212, 376)
[2025-06-01 17:00:41] ➡️ Player moved to (216, 376)
[2025-06-01 17:00:41] ➡️ Player moved to (220, 376)
[2025-06-01 17:00:41] ➡️ Player moved to (224, 376)
[2025-06-01 17:00:41] ➡️ Player moved to (228, 376)
[2025-06-01 17:00:41] ➡️ Player moved to (232, 376)
[2025-06-01 17:00:41] ➡️ Player moved to (236, 376)
[2025-06-01 17:00:41] ➡️ Player moved to (240, 376)
[2025-06-01 17:00:41] ➡️ Player moved to (244, 376)
[2025-06-01 17:00:41] ➡️ Player moved to (248, 376)
[2025-06-01 17:00:41] ➡️ Player moved to (252, 376)
[2025-06-01 17:00:41] ➡️ Player moved to (256, 376)
[2025-06-01 17:00:41] ➡️ Player moved to (260, 376)
[2025-06-01 17:00:41] ➡️ Player moved to (264, 376)
[2025-06-01 17:00:41] ➡️ Player moved to (268, 376)
[2025-06-01 17:00:41] ➡️ Player moved to (272, 376)
[2025-06-01 17:00:41] ➡️ Player moved to (276, 376)
[2025-06-01 17:00:41] ➡️ Player moved to (280, 376)
[2025-06-01 17:00:41] ➡️ Player moved to (284, 376)
[2025-06-01 17:00:41] ➡️ Player moved to (288, 376)
[2025-06-01 17:00:42] ➡️ Player moved to (292, 376)
[2025-06-01 17:00:42] ➡️ Player moved to (296, 376)
[2025-06-01 17:00:42] ➡️ Player moved to (300, 376)
[2025-06-01 17:00:42] ➡️ Player moved to (304, 376)
[2025-06-01 17:00:42] ➡️ Player moved to (308, 376)
[2025-06-01 17:00:42] ➡️ Player moved to (312, 376)
[2025-06-01 17:00:42] ➡️ Player moved to (316, 376)
[2025-06-01 17:00:42] ➡️ Player moved to (320, 376)
[2025-06-01 17:00:42] ➡️ Player moved to (324, 376)
[2025-06-01 17:00:42] ➡️ Player moved to (328, 376)
[2025-06-01 17:00:42] ➡️ Player moved to (332, 376)
[2025-06-01 17:00:42] ➡️ Player moved to (336, 376)
[2025-06-01 17:00:42] ➡️ Player moved to (340, 376)
[2025-06-01 17:00:42] ➡️ Player moved to (344, 376)
[2025-06-01 17:00:42] ➡️ Player moved to (348, 376)
[2025-06-01 17:00:42] ➡️ Player moved to (352, 376)
[2025-06-01 17:00:42] ➡️ Player moved to (356, 376)
[2025-06-01 17:00:42] ➡️ Player moved to (360, 376)
[2025-06-01 17:00:42] ➡️ Player moved to (364, 376)
[2025-06-01 17:00:42] ➡️ Player moved to (368, 376)
[2025-06-01 17:00:42] ➡️ Player moved to (372, 376)
[2025-06-01 17:00:42] ➡️ Player moved to (376, 376)
[2025-06-01 17:00:42] ➡️ Player moved to (380, 376)
[2025-06-01 17:00:42] ➡️ Player moved to (384, 376)
[2025-06-01 17:00:42] ➡️ Player moved to (388, 376)
[2025-06-01 17:00:42] ➡️ Player moved to (392, 376)
[2025-06-01 17:00:42] ➡️ Player moved to (396, 376)
[2025-06-01 17:00:42] ➡️ Player moved to (400, 376)
[2025-06-01 17:00:42] ➡️ Player moved to (404, 376)
[2025-06-01 17:00:42] ➡️ Player moved to (408, 376)
[2025-06-01 17:00:42] ➡️ Player moved to (412, 376)
[2025-06-01 17:00:42] ➡️ Player moved to (416, 376)
[2025-06-01 17:00:42] ➡️ Player moved to (420, 376)
[2025-06-01 17:00:42] ➡️ Player moved to (424, 376)
[2025-06-01 17:00:42] ➡️ Player moved to (428, 376)
[2025-06-01 17:00:42] ➡️ Player moved to (432, 376)
[2025-06-01 17:00:42] ➡️ Player moved to (436, 376)
[2025-06-01 17:00:42] ➡️ Player moved to (440, 376)
[2025-06-01 17:00:42] ➡️ Player moved to (444, 376)
[2025-06-01 17:00:42] ➡️ Player moved to (448, 376)
[2025-06-01 17:00:42] ➡️ Player moved to (452, 376)
[2025-06-01 17:00:42] ➡️ Player moved to (456, 376)
[2025-06-01 17:00:42] ➡️ Player moved to (460, 376)
[2025-06-01 17:00:42] ➡️ Player moved to (464, 376)
[2025-06-01 17:00:42] ➡️ Player moved to (468, 376)
[2025-06-01 17:00:42] ➡️ Player moved to (472, 376)
[2025-06-01 17:00:42] ➡️ Player moved to (476, 376)
[2025-06-01 17:00:42] ➡️ Player moved to (480, 376)
[2025-06-01 17:00:42] ➡️ Player moved to (484, 376)
[2025-06-01 17:00:42] ➡️ Player moved to (488, 376)
[2025-06-01 17:00:42] ➡️ Player moved to (492, 376)
[2025-06-01 17:00:42] ➡️ Player moved to (496, 376)
[2025-06-01 17:00:42] ➡️ Player moved to (500, 376)
[2025-06-01 17:00:42] ➡️ Player moved to (504, 376)
[2025-06-01 17:00:42] ➡️ Player moved to (508, 376)
[2025-06-01 17:00:42] ➡️ Player moved to (512, 376)
[2025-06-01 17:00:42] ➡️ Player moved to (516, 376)
[2025-06-01 17:00:42] ➡️ Player moved to (520, 376)
[2025-06-01 17:00:42] ➡️ Player moved to (524, 376)
[2025-06-01 17:00:43] ➡️ Player moved to (528, 376)
[2025-06-01 17:00:43] ➡️ Player moved to (532, 376)
[2025-06-01 17:00:43] ➡️ Player moved to (536, 376)
[2025-06-01 17:00:43] ➡️ Player moved to (540, 376)
[2025-06-01 17:00:43] ➡️ Player moved to (544, 376)
[2025-06-01 17:00:43] ➡️ Player moved to (548, 376)
[2025-06-01 17:00:43] ➡️ Player moved to (552, 376)
[2025-06-01 17:00:43] ➡️ Player moved to (556, 376)
[2025-06-01 17:00:43] ➡️ Player moved to (560, 376)
[2025-06-01 17:00:43] ➡️ Player moved to (564, 376)
[2025-06-01 17:00:43] ➡️ Player moved to (568, 376)
[2025-06-01 17:00:43] ➡️ Player moved to (572, 376)
[2025-06-01 17:00:43] ➡️ Player moved to (576, 376)
[2025-06-01 17:00:43] ➡️ Player moved to (580, 376)
[2025-06-01 17:00:43] ➡️ Player moved to (584, 376)
[2025-06-01 17:00:43] ➡️ Player moved to (588, 376)
[2025-06-01 17:00:43] ➡️ Player moved to (592, 376)
[2025-06-01 17:00:43] ➡️ Player moved to (596, 376)
[2025-06-01 17:00:43] ➡️ Player moved to (600, 376)
[2025-06-01 17:00:43] ➡️ Player moved to (604, 376)
[2025-06-01 17:00:43] ➡️ Player moved to (608, 376)
[2025-06-01 17:00:43] ➡️ Player moved to (612, 376)
[2025-06-01 17:00:43] ➡️ Player moved to (616, 376)
[2025-06-01 17:00:43] ➡️ Player moved to (620, 376)
[2025-06-01 17:00:43] ➡️ Player moved to (624, 376)
[2025-06-01 17:00:43] ➡️ Player moved to (628, 376)
[2025-06-01 17:00:43] -ReimuHakurei- hit by enemy! Health: 0
[2025-06-01 17:00:43] ☠️ No health — Game Over
[2025-06-01 17:00:44] Повернення у меню з Game Over сцени
[2025-06-01 17:00:46] -ReimuHakurei- has left the game
[2025-06-01 17:25:05] -ReimuHakurei- has joined the game!
[2025-06-01 17:25:49] -ReimuHakurei- has joined the game!
[2025-06-01 17:26:13] -ReimuHakurei- has joined the game!
[2025-06-01 17:26:14] Player started the game from menu
[2025-06-01 17:26:15] Player moved to (100, 104)
[2025-06-01 17:26:15] Player moved to (100, 108)
[2025-06-01 17:26:15] Player moved to (100, 112)
[2025-06-01 17:26:15] Player moved to (100, 116)
[2025-06-01 17:26:15] Player moved to (100, 120)
[2025-06-01 17:26:15] Player moved to (100, 124)
[2025-06-01 17:26:15] Player moved to (100, 128)
[2025-06-01 17:26:15] Player moved to (100, 132)
[2025-06-01 17:26:15] Player moved to (100, 136)
[2025-06-01 17:26:15] Player moved to (100, 140)
[2025-06-01 17:26:15] Player moved to (100, 144)
[2025-06-01 17:26:15] Player moved to (100, 148)
[2025-06-01 17:26:15] Player moved to (100, 152)
[2025-06-01 17:26:15] Player moved to (100, 156)
[2025-06-01 17:26:15] Player moved to (100, 160)
[2025-06-01 17:26:15] Player moved to (100, 164)
[2025-06-01 17:26:15] Player moved to (100, 168)
[2025-06-01 17:26:15] Player moved to (100, 172)
[2025-06-01 17:26:15] Player moved to (100, 176)
[2025-06-01 17:26:15] Player moved to (100, 180)
[2025-06-01 17:26:15] Player moved to (100, 184)
[2025-06-01 17:26:16] Player moved to (100, 188)
[2025-06-01 17:26:16] Player moved to (100, 192)
[2025-06-01 17:26:16] Player moved to (100, 196)
[2025-06-01 17:26:16] Player moved to (100, 200)
[2025-06-01 17:26:16] Player moved to (100, 204)
[2025-06-01 17:26:16] Player moved to (100, 208)
[2025-06-01 17:26:16] Player moved to (100, 212)
[2025-06-01 17:26:16] Player moved to (100, 216)
[2025-06-01 17:26:16] Player moved to (100, 220)
[2025-06-01 17:26:16] Player moved to (100, 224)
[2025-06-01 17:26:16] Player moved to (104, 228)
[2025-06-01 17:26:16] Player moved to (108, 228)
[2025-06-01 17:26:16] Player moved to (112, 228)
[2025-06-01 17:26:16] Player moved to (116, 228)
[2025-06-01 17:26:16] Player moved to (120, 228)
[2025-06-01 17:26:16] Player moved to (124, 228)
[2025-06-01 17:26:16] Player moved to (128, 228)
[2025-06-01 17:26:16] Player moved to (132, 228)
[2025-06-01 17:26:16] Player moved to (136, 228)
[2025-06-01 17:26:16] Player moved to (140, 228)
[2025-06-01 17:26:16] Player moved to (144, 228)
[2025-06-01 17:26:16] Player moved to (148, 228)
[2025-06-01 17:26:16] Player moved to (152, 228)
[2025-06-01 17:26:16] Player moved to (156, 228)
[2025-06-01 17:26:16] Player moved to (160, 228)
[2025-06-01 17:26:16] Player moved to (164, 228)
[2025-06-01 17:26:16] Player moved to (168, 228)
[2025-06-01 17:26:16] Player moved to (172, 228)
[2025-06-01 17:26:16] Player moved to (176, 228)
[2025-06-01 17:26:16] Player moved to (180, 228)
[2025-06-01 17:26:16] Player moved to (184, 228)
[2025-06-01 17:26:16] Player moved to (188, 228)
[2025-06-01 17:26:16] Player moved to (192, 228)
[2025-06-01 17:26:16] Player moved to (196, 228)
[2025-06-01 17:26:16] Player moved to (200, 228)
[2025-06-01 17:26:16] Player moved to (204, 228)
[2025-06-01 17:26:16] Player moved to (208, 228)
[2025-06-01 17:26:16] Player moved to (212, 228)
[2025-06-01 17:26:16] Player moved to (216, 228)
[2025-06-01 17:26:16] Player moved to (220, 228)
[2025-06-01 17:26:16] Player moved to (224, 228)
[2025-06-01 17:26:16] Player moved to (228, 228)
[2025-06-01 17:26:16] Player moved to (232, 228)
[2025-06-01 17:26:16] Player moved to (236, 228)
[2025-06-01 17:26:16] Player moved to (240, 228)
[2025-06-01 17:26:16] Player moved to (244, 228)
[2025-06-01 17:26:16] Player moved to (248, 228)
[2025-06-01 17:26:16] Player moved to (252, 228)
[2025-06-01 17:26:16] Player moved to (256, 228)
[2025-06-01 17:26:16] Player moved to (260, 228)
[2025-06-01 17:26:16] Player moved to (264, 228)
[2025-06-01 17:26:16] Player moved to (268, 228)
[2025-06-01 17:26:16] Player moved to (272, 228)
[2025-06-01 17:26:16] Player moved to (276, 228)
[2025-06-01 17:26:16] Player moved to (280, 228)
[2025-06-01 17:26:16] Player moved to (284, 228)
[2025-06-01 17:26:16] Player moved to (288, 228)
[2025-06-01 17:26:16] Player moved to (292, 228)
[2025-06-01 17:26:16] Player moved to (296, 228)
[2025-06-01 17:26:16] Player moved to (300, 228)
[2025-06-01 17:26:17] Player moved to (304, 228)
[2025-06-01 17:26:17] Player moved to (308, 228)
[2025-06-01 17:26:17] Player moved to (312, 228)
[2025-06-01 17:26:17] Player moved to (316, 228)
[2025-06-01 17:26:17] Player moved to (320, 228)
[2025-06-01 17:26:17] Player moved to (324, 228)
[2025-06-01 17:26:17] Player moved to (328, 228)
[2025-06-01 17:26:17] Player moved to (332, 228)
[2025-06-01 17:26:17] Player moved to (336, 228)
[2025-06-01 17:26:17] Player moved to (340, 228)
[2025-06-01 17:26:17] Player moved to (344, 228)
[2025-06-01 17:26:17] Player moved to (348, 228)
[2025-06-01 17:26:17] Player moved to (352, 228)
[2025-06-01 17:26:17] Player moved to (356, 228)
[2025-06-01 17:26:17] Player moved to (360, 228)
[2025-06-01 17:26:17] Player moved to (364, 228)
[2025-06-01 17:26:17] Player moved to (368, 228)
[2025-06-01 17:26:17] Player moved to (372, 228)
[2025-06-01 17:26:17] Player moved to (376, 228)
[2025-06-01 17:26:17] Player moved to (380, 228)
[2025-06-01 17:26:17] Player moved to (384, 228)
[2025-06-01 17:26:17] Player moved to (388, 228)
[2025-06-01 17:26:17] Player moved to (392, 228)
[2025-06-01 17:26:17] Player moved to (396, 228)
[2025-06-01 17:26:17] Player moved to (400, 228)
[2025-06-01 17:26:17] Player moved to (404, 228)
[2025-06-01 17:26:17] Player moved to (408, 228)
[2025-06-01 17:26:17] Player moved to (412, 228)
[2025-06-01 17:26:17] Player moved to (416, 228)
[2025-06-01 17:26:17] Player moved to (412, 228)
[2025-06-01 17:26:17] Player moved to (408, 228)
[2025-06-01 17:26:17] Player moved to (404, 228)
[2025-06-01 17:26:17] Player moved to (400, 228)
[2025-06-01 17:26:17] Player moved to (396, 228)
[2025-06-01 17:26:17] Player moved to (392, 228)
[2025-06-01 17:26:17] Player moved to (388, 228)
[2025-06-01 17:26:17] Player moved to (384, 228)
[2025-06-01 17:26:17] Player moved to (380, 228)
[2025-06-01 17:26:17] Player moved to (376, 228)
[2025-06-01 17:26:17] Player moved to (376, 232)
[2025-06-01 17:26:17] Player moved to (376, 236)
[2025-06-01 17:26:17] Player moved to (376, 240)
[2025-06-01 17:26:18] Player moved to (376, 244)
[2025-06-01 17:26:18] Player moved to (376, 248)
[2025-06-01 17:26:18] Player moved to (376, 252)
[2025-06-01 17:26:18] Player moved to (376, 256)
[2025-06-01 17:26:18] Player moved to (376, 260)
[2025-06-01 17:26:18] Player moved to (376, 264)
[2025-06-01 17:26:18] Player moved to (376, 268)
[2025-06-01 17:26:18] Player moved to (376, 272)
[2025-06-01 17:26:18] Player moved to (376, 276)
[2025-06-01 17:26:18] Player moved to (376, 280)
[2025-06-01 17:26:18] Player moved to (376, 284)
[2025-06-01 17:26:18] Player moved to (376, 288)
[2025-06-01 17:26:18] Player moved to (376, 292)
[2025-06-01 17:26:18] Player moved to (376, 296)
[2025-06-01 17:26:18] Player moved to (376, 300)
[2025-06-01 17:26:18] Player moved to (376, 304)
[2025-06-01 17:26:18] Player moved to (376, 308)
[2025-06-01 17:26:18] Player moved to (376, 312)
[2025-06-01 17:26:18] Player moved to (376, 316)
[2025-06-01 17:26:18] Player moved to (376, 320)
[2025-06-01 17:26:18] Player moved to (376, 324)
[2025-06-01 17:26:18] Player moved to (376, 328)
[2025-06-01 17:26:18] Player moved to (376, 332)
[2025-06-01 17:26:18] Player moved to (376, 336)
[2025-06-01 17:26:18] Player moved to (376, 340)
[2025-06-01 17:26:18] Player moved to (376, 344)
[2025-06-01 17:26:18] Player moved to (376, 348)
[2025-06-01 17:26:18] Player moved to (376, 352)
[2025-06-01 17:26:18] Player moved to (380, 352)
[2025-06-01 17:26:18] Player moved to (384, 352)
[2025-06-01 17:26:18] Player moved to (388, 352)
[2025-06-01 17:26:18] Player moved to (392, 352)
[2025-06-01 17:26:18] Player moved to (396, 352)
[2025-06-01 17:26:18] Player moved to (400, 352)
[2025-06-01 17:26:18] Player moved to (404, 352)
[2025-06-01 17:26:18] Player moved to (408, 352)
[2025-06-01 17:26:18] Player moved to (412, 352)
[2025-06-01 17:26:18] Player moved to (416, 352)
[2025-06-01 17:26:19] Player moved to (420, 352)
[2025-06-01 17:26:19] -ReimuHakurei- shot bullet at (1, 0)
[2025-06-01 17:26:19] Player moved to (416, 352)
[2025-06-01 17:26:19] Player moved to (412, 352)
[2025-06-01 17:26:19] Player moved to (408, 352)
[2025-06-01 17:26:19] Player moved to (404, 352)
[2025-06-01 17:26:19] Player moved to (400, 352)
[2025-06-01 17:26:19] Player moved to (396, 352)
[2025-06-01 17:26:19] Player moved to (392, 352)
[2025-06-01 17:26:19] Player moved to (388, 352)
[2025-06-01 17:26:19] Player moved to (384, 352)
[2025-06-01 17:26:19] Player moved to (380, 352)
[2025-06-01 17:26:19] Player moved to (376, 352)
[2025-06-01 17:26:19] Player moved to (372, 352)
[2025-06-01 17:26:19] Player moved to (376, 352)
[2025-06-01 17:26:19] Player moved to (380, 352)
[2025-06-01 17:26:19] Player moved to (384, 352)
[2025-06-01 17:26:19] Player moved to (388, 352)
[2025-06-01 17:26:19] Player moved to (392, 352)
[2025-06-01 17:26:19] Player moved to (396, 352)
[2025-06-01 17:26:20] Player moved to (400, 352)
[2025-06-01 17:26:20] Player moved to (404, 352)
[2025-06-01 17:26:20] Player moved to (408, 352)
[2025-06-01 17:26:20] Player moved to (412, 352)
[2025-06-01 17:26:20] Player moved to (416, 352)
[2025-06-01 17:26:20] Player moved to (420, 356)
[2025-06-01 17:26:20] Player moved to (420, 360)
[2025-06-01 17:26:20] Player moved to (420, 364)
[2025-06-01 17:26:20] Player moved to (420, 368)
[2025-06-01 17:26:20] Player moved to (420, 372)
[2025-06-01 17:26:20] Player moved to (420, 376)
[2025-06-01 17:26:20] Player moved to (420, 380)
[2025-06-01 17:26:20] Player moved to (416, 384)
[2025-06-01 17:26:20] Player moved to (412, 388)
[2025-06-01 17:26:20] Player moved to (408, 392)
[2025-06-01 17:26:20] Player moved to (404, 392)
[2025-06-01 17:26:20] Player moved to (400, 392)
[2025-06-01 17:26:20] Player moved to (396, 392)
[2025-06-01 17:26:20] Player moved to (392, 392)
[2025-06-01 17:26:20] -ReimuHakurei- shot bullet at (-1, 0)
[2025-06-01 17:26:21] Bullet hit enemy!
[2025-06-01 17:26:21] Player moved to (396, 392)
[2025-06-01 17:26:21] Player moved to (400, 392)
[2025-06-01 17:26:21] Player moved to (404, 392)
[2025-06-01 17:26:21] Player moved to (408, 392)
[2025-06-01 17:26:21] Player moved to (412, 392)
[2025-06-01 17:26:21] Player moved to (416, 392)
[2025-06-01 17:26:21] Player moved to (420, 392)
[2025-06-01 17:26:21] Player moved to (424, 392)
[2025-06-01 17:26:21] Player moved to (428, 392)
[2025-06-01 17:26:21] Player moved to (432, 392)
[2025-06-01 17:26:21] Player moved to (436, 392)
[2025-06-01 17:26:21] Player moved to (440, 392)
[2025-06-01 17:26:21] Player moved to (444, 392)
[2025-06-01 17:26:21] Player moved to (448, 392)
[2025-06-01 17:26:21] Player moved to (452, 392)
[2025-06-01 17:26:21] Player moved to (456, 392)
[2025-06-01 17:26:21] Player moved to (460, 392)
[2025-06-01 17:26:21] Player moved to (464, 392)
[2025-06-01 17:26:21] Player moved to (468, 392)
[2025-06-01 17:26:21] Player moved to (472, 392)
[2025-06-01 17:26:21] Player moved to (476, 392)
[2025-06-01 17:26:21] Player moved to (480, 392)
[2025-06-01 17:26:21] Player moved to (484, 392)
[2025-06-01 17:26:22] -ReimuHakurei- shot bullet at (1, 0)
[2025-06-01 17:26:22] Bullet hit enemy!
[2025-06-01 17:26:23] -ReimuHakurei- has left the game
[2025-06-02 20:23:53] -ReimuHakurei- has joined the game!
[2025-06-02 20:23:54] Player started the game from menu
[2025-06-02 20:23:54] [2025-06-02 20:23:54] An Error in Game has been Occurred! Exception Traceback: 
Traceback (most recent call last):
  File "c:\Users\user\Desktop\programs\waaa\Battle-City-Remake\battle_city_remake\game.py", line 45, in <module>
    game()
    ~~~~^^
  File "c:\Users\user\Desktop\programs\waaa\Battle-City-Remake\battle_city_remake\game.py", line 27, in game
    curr_scene.handle_event(e)
    ~~~~~~~~~~~~~~~~~~~~~~~^^^
  File "c:\Users\user\Desktop\programs\waaa\Battle-City-Remake\battle_city_remake\scenes\menu_scene.py", line 19, in handle_event
    self.next_scene = GameScene(self.screen)
                      ~~~~~~~~~^^^^^^^^^^^^^
  File "c:\Users\user\Desktop\programs\waaa\Battle-City-Remake\battle_city_remake\scenes\game_scene.py", line 24, in __init__
    Enemy(200, 400, direction="horizontal"),
    ~~~~~^^^^^^^^^^^^^^^^^^^^^^^^^^^^^^^^^^
  File "c:\Users\user\Desktop\programs\waaa\Battle-City-Remake\battle_city_remake\entities\enemy.py", line 10, in __init__
    self.color = GRAY
                 ^^^^
NameError: name 'GRAY' is not defined
 
    
-ReimuHakurei- has left the game.
[2025-06-02 20:29:35] -ReimuHakurei- has joined the game!
[2025-06-02 20:29:35] [2025-06-02 20:29:35] An Error in Game has been Occurred! Exception Traceback: 
Traceback (most recent call last):
  File "c:\Users\user\Desktop\programs\waaa\Battle-City-Remake\battle_city_remake\game.py", line 45, in <module>
    game()
    ~~~~^^
  File "c:\Users\user\Desktop\programs\waaa\Battle-City-Remake\battle_city_remake\game.py", line 27, in game
    curr_scene.handle_event(e)
    ~~~~~~~~~~~~~~~~~~~~~~~^^^
  File "c:\Users\user\Desktop\programs\waaa\Battle-City-Remake\battle_city_remake\scenes\menu_scene.py", line 15, in handle_event
    from scenes.game_scene import GameScene
  File "c:\Users\user\Desktop\programs\waaa\Battle-City-Remake\battle_city_remake\scenes\game_scene.py", line 5, in <module>
    from entities.bullet import Bullet
  File "c:\Users\user\Desktop\programs\waaa\Battle-City-Remake\battle_city_remake\entities\bullet.py", line 2, in <module>
    from config import WHITE
ImportError: cannot import name 'WHITE' from 'config' (c:\Users\user\Desktop\programs\waaa\Battle-City-Remake\battle_city_remake\config.py)
 
    
-ReimuHakurei- has left the game.
[2025-06-02 20:29:49] -ReimuHakurei- has joined the game!
[2025-06-02 20:29:50] Player started the game from menu
[2025-06-02 20:29:51] Player moved to (100, 104)
[2025-06-02 20:29:51] Player moved to (100, 108)
[2025-06-02 20:29:51] Player moved to (100, 112)
[2025-06-02 20:29:51] Player moved to (100, 116)
[2025-06-02 20:29:51] Player moved to (100, 120)
[2025-06-02 20:29:51] Player moved to (100, 124)
[2025-06-02 20:29:51] Player moved to (100, 128)
[2025-06-02 20:29:51] Player moved to (100, 132)
[2025-06-02 20:29:51] Player moved to (100, 136)
[2025-06-02 20:29:51] Player moved to (100, 140)
[2025-06-02 20:29:51] Player moved to (100, 144)
[2025-06-02 20:29:51] Player moved to (100, 148)
[2025-06-02 20:29:51] Player moved to (100, 152)
[2025-06-02 20:29:51] Player moved to (100, 156)
[2025-06-02 20:29:51] Player moved to (100, 160)
[2025-06-02 20:29:51] Player moved to (100, 164)
[2025-06-02 20:29:51] Player moved to (100, 168)
[2025-06-02 20:29:51] Player moved to (100, 172)
[2025-06-02 20:29:51] Player moved to (100, 176)
[2025-06-02 20:29:51] Player moved to (100, 180)
[2025-06-02 20:29:51] Player moved to (100, 184)
[2025-06-02 20:29:51] Player moved to (100, 188)
[2025-06-02 20:29:51] Player moved to (100, 192)
[2025-06-02 20:29:51] Player moved to (100, 196)
[2025-06-02 20:29:51] Player moved to (100, 200)
[2025-06-02 20:29:51] Player moved to (100, 204)
[2025-06-02 20:29:51] Player moved to (100, 208)
[2025-06-02 20:29:51] Player moved to (100, 212)
[2025-06-02 20:29:51] Player moved to (100, 216)
[2025-06-02 20:29:51] Player moved to (100, 220)
[2025-06-02 20:29:51] Player moved to (100, 224)
[2025-06-02 20:29:51] Player moved to (100, 228)
[2025-06-02 20:29:51] Player moved to (100, 232)
[2025-06-02 20:29:51] Player moved to (100, 236)
[2025-06-02 20:29:51] Player moved to (100, 240)
[2025-06-02 20:29:51] Player moved to (100, 244)
[2025-06-02 20:29:51] Player moved to (100, 248)
[2025-06-02 20:29:51] Player moved to (100, 252)
[2025-06-02 20:29:51] Player moved to (100, 256)
[2025-06-02 20:29:51] Player moved to (100, 260)
[2025-06-02 20:29:51] Player moved to (100, 264)
[2025-06-02 20:29:51] Player moved to (100, 268)
[2025-06-02 20:29:51] Player moved to (100, 272)
[2025-06-02 20:29:51] Player moved to (100, 276)
[2025-06-02 20:29:51] Player moved to (100, 280)
[2025-06-02 20:29:51] Player moved to (100, 284)
[2025-06-02 20:29:51] Player moved to (100, 288)
[2025-06-02 20:29:51] Player moved to (100, 292)
[2025-06-02 20:29:51] Player moved to (100, 296)
[2025-06-02 20:29:51] Player moved to (100, 300)
[2025-06-02 20:29:51] Player moved to (100, 304)
[2025-06-02 20:29:51] Player moved to (100, 308)
[2025-06-02 20:29:51] Player moved to (100, 312)
[2025-06-02 20:29:51] Player moved to (100, 316)
[2025-06-02 20:29:51] Player moved to (100, 320)
[2025-06-02 20:29:51] Player moved to (100, 324)
[2025-06-02 20:29:51] Player moved to (100, 328)
[2025-06-02 20:29:51] Player moved to (100, 332)
[2025-06-02 20:29:51] Player moved to (100, 336)
[2025-06-02 20:29:51] Player moved to (100, 340)
[2025-06-02 20:29:52] Player moved to (100, 344)
[2025-06-02 20:29:52] Player moved to (100, 348)
[2025-06-02 20:29:52] Player moved to (100, 352)
[2025-06-02 20:29:52] Player moved to (104, 352)
[2025-06-02 20:29:52] Player moved to (108, 352)
[2025-06-02 20:29:52] Player moved to (112, 352)
[2025-06-02 20:29:52] Player moved to (116, 352)
[2025-06-02 20:29:52] Player moved to (120, 352)
[2025-06-02 20:29:52] Player moved to (124, 352)
[2025-06-02 20:29:52] Player moved to (128, 352)
[2025-06-02 20:29:52] Player moved to (132, 352)
[2025-06-02 20:29:52] Player moved to (136, 356)
[2025-06-02 20:29:52] Player moved to (140, 360)
[2025-06-02 20:29:52] Player moved to (144, 364)
[2025-06-02 20:29:52] Player moved to (148, 368)
[2025-06-02 20:29:52] Player moved to (152, 372)
[2025-06-02 20:29:52] Player moved to (156, 376)
[2025-06-02 20:29:52] Player moved to (160, 380)
[2025-06-02 20:29:52] Player moved to (164, 384)
[2025-06-02 20:29:52] Player moved to (168, 388)
[2025-06-02 20:29:52] Player moved to (172, 392)
[2025-06-02 20:29:52] Player moved to (176, 396)
[2025-06-02 20:29:52] Player moved to (180, 400)
[2025-06-02 20:29:52] Player moved to (184, 404)
[2025-06-02 20:29:52] Player moved to (188, 408)
[2025-06-02 20:29:52] Player moved to (192, 412)
[2025-06-02 20:29:52] Player moved to (196, 412)
[2025-06-02 20:29:52] Player moved to (200, 412)
[2025-06-02 20:29:52] Player moved to (204, 412)
[2025-06-02 20:29:52] Player moved to (208, 412)
[2025-06-02 20:29:52] Player moved to (212, 412)
[2025-06-02 20:29:52] Player moved to (216, 412)
[2025-06-02 20:29:52] Player moved to (220, 412)
[2025-06-02 20:29:52] Player moved to (224, 412)
[2025-06-02 20:29:52] Player moved to (228, 412)
[2025-06-02 20:29:52] Player moved to (232, 412)
[2025-06-02 20:29:52] Player moved to (236, 412)
[2025-06-02 20:29:52] Player moved to (240, 412)
[2025-06-02 20:29:52] Player moved to (244, 412)
[2025-06-02 20:29:52] Player moved to (248, 412)
[2025-06-02 20:29:52] Player moved to (252, 412)
[2025-06-02 20:29:53] Player moved to (256, 412)
[2025-06-02 20:29:53] Player moved to (260, 412)
[2025-06-02 20:29:53] Player moved to (264, 412)
[2025-06-02 20:29:53] Player moved to (268, 412)
[2025-06-02 20:29:53] Player moved to (272, 412)
[2025-06-02 20:29:53] Player moved to (276, 412)
[2025-06-02 20:29:53] Player moved to (280, 412)
[2025-06-02 20:29:53] Player moved to (284, 412)
[2025-06-02 20:29:53] Player moved to (288, 412)
[2025-06-02 20:29:53] Player moved to (292, 412)
[2025-06-02 20:29:53] Player moved to (296, 412)
[2025-06-02 20:29:53] Player moved to (300, 412)
[2025-06-02 20:29:53] Player moved to (304, 412)
[2025-06-02 20:29:53] Player moved to (308, 412)
[2025-06-02 20:29:53] Player moved to (312, 412)
[2025-06-02 20:29:53] Player moved to (316, 412)
[2025-06-02 20:29:53] Player moved to (320, 412)
[2025-06-02 20:29:53] Player moved to (324, 412)
[2025-06-02 20:29:53] Player moved to (328, 412)
[2025-06-02 20:29:53] Player moved to (332, 412)
[2025-06-02 20:29:53] Player moved to (336, 412)
[2025-06-02 20:29:53] Player moved to (340, 412)
[2025-06-02 20:29:54] Player moved to (344, 412)
[2025-06-02 20:29:54] Player moved to (348, 412)
[2025-06-02 20:29:54] Player moved to (352, 412)
[2025-06-02 20:29:54] Player moved to (356, 412)
[2025-06-02 20:29:54] Player moved to (360, 412)
[2025-06-02 20:29:54] Player moved to (356, 412)
[2025-06-02 20:29:54] Player moved to (352, 412)
[2025-06-02 20:29:54] Player moved to (348, 412)
[2025-06-02 20:29:54] Player moved to (344, 412)
[2025-06-02 20:29:54] Player moved to (340, 412)
[2025-06-02 20:29:54] Player moved to (336, 412)
[2025-06-02 20:29:55] Player moved to (332, 412)
[2025-06-02 20:29:55] Player moved to (328, 412)
[2025-06-02 20:29:55] Player moved to (324, 412)
[2025-06-02 20:29:55] Player moved to (320, 412)
[2025-06-02 20:29:55] Player moved to (316, 412)
[2025-06-02 20:29:55] Player moved to (312, 412)
[2025-06-02 20:29:55] Player moved to (308, 412)
[2025-06-02 20:29:55] Player moved to (304, 412)
[2025-06-02 20:29:55] Player moved to (300, 412)
[2025-06-02 20:29:55] Player moved to (296, 412)
[2025-06-02 20:29:55] Player moved to (292, 412)
[2025-06-02 20:29:55] Player moved to (288, 412)
[2025-06-02 20:29:55] Player moved to (284, 412)
[2025-06-02 20:29:55] Player moved to (280, 412)
[2025-06-02 20:29:55] Player moved to (276, 412)
[2025-06-02 20:29:55] Player moved to (272, 412)
[2025-06-02 20:29:55] Player moved to (268, 412)
[2025-06-02 20:29:55] Player moved to (264, 412)
[2025-06-02 20:29:55] Player moved to (260, 412)
[2025-06-02 20:29:55] Player moved to (256, 412)
[2025-06-02 20:29:55] Player moved to (252, 412)
[2025-06-02 20:29:55] Player moved to (248, 412)
[2025-06-02 20:29:55] Player moved to (244, 412)
[2025-06-02 20:29:55] Player moved to (240, 412)
[2025-06-02 20:29:55] Player moved to (236, 412)
[2025-06-02 20:29:55] Player moved to (232, 412)
[2025-06-02 20:29:55] Player moved to (228, 412)
[2025-06-02 20:29:55] Player moved to (224, 412)
[2025-06-02 20:29:55] Player moved to (220, 412)
[2025-06-02 20:29:55] Player moved to (216, 412)
[2025-06-02 20:29:55] Player moved to (212, 412)
[2025-06-02 20:29:55] Player moved to (208, 412)
[2025-06-02 20:29:55] Player moved to (204, 412)
[2025-06-02 20:29:55] Player moved to (200, 412)
[2025-06-02 20:29:55] Player moved to (196, 412)
[2025-06-02 20:29:55] Player moved to (192, 412)
[2025-06-02 20:29:55] Player moved to (188, 412)
[2025-06-02 20:29:55] Player moved to (184, 412)
[2025-06-02 20:29:55] Player moved to (180, 412)
[2025-06-02 20:29:55] Player moved to (184, 412)
[2025-06-02 20:29:55] Player moved to (188, 412)
[2025-06-02 20:29:55] Player moved to (192, 412)
[2025-06-02 20:29:55] Player moved to (196, 412)
[2025-06-02 20:29:55] Player moved to (200, 412)
[2025-06-02 20:29:55] Player moved to (204, 412)
[2025-06-02 20:29:55] Player moved to (200, 412)
[2025-06-02 20:29:55] Player moved to (196, 412)
[2025-06-02 20:29:55] Player moved to (192, 412)
[2025-06-02 20:29:55] Player moved to (188, 412)
[2025-06-02 20:29:55] Player moved to (184, 412)
[2025-06-02 20:29:55] Player moved to (180, 412)
[2025-06-02 20:29:55] Player moved to (176, 412)
[2025-06-02 20:29:55] Player moved to (172, 412)
[2025-06-02 20:29:56] Player moved to (168, 412)
[2025-06-02 20:29:56] Player moved to (164, 412)
[2025-06-02 20:29:56] Player moved to (160, 412)
[2025-06-02 20:29:56] Player moved to (156, 412)
[2025-06-02 20:29:56] Player moved to (152, 412)
[2025-06-02 20:29:56] Player moved to (148, 412)
[2025-06-02 20:29:56] Player moved to (144, 412)
[2025-06-02 20:29:56] Player moved to (140, 412)
[2025-06-02 20:29:56] Player moved to (136, 412)
[2025-06-02 20:29:56] Player moved to (132, 412)
[2025-06-02 20:29:56] Player moved to (128, 408)
[2025-06-02 20:29:56] Player moved to (124, 404)
[2025-06-02 20:29:56] Player moved to (120, 400)
[2025-06-02 20:29:56] Player moved to (116, 396)
[2025-06-02 20:29:56] Player moved to (112, 392)
[2025-06-02 20:29:56] Player moved to (108, 388)
[2025-06-02 20:29:56] Player moved to (104, 384)
[2025-06-02 20:29:56] Player moved to (100, 380)
[2025-06-02 20:29:56] Player moved to (96, 376)
[2025-06-02 20:29:56] Player moved to (92, 372)
[2025-06-02 20:29:56] Player moved to (92, 368)
[2025-06-02 20:29:56] Player moved to (92, 364)
[2025-06-02 20:29:56] Player moved to (92, 360)
[2025-06-02 20:29:56] Player moved to (92, 356)
[2025-06-02 20:29:56] Player moved to (92, 352)
[2025-06-02 20:29:56] Player moved to (92, 348)
[2025-06-02 20:29:56] Player moved to (92, 344)
[2025-06-02 20:29:56] Player moved to (92, 340)
[2025-06-02 20:29:56] Player moved to (92, 336)
[2025-06-02 20:29:56] Player moved to (92, 332)
[2025-06-02 20:29:56] Player moved to (92, 328)
[2025-06-02 20:29:56] Player moved to (92, 324)
[2025-06-02 20:29:56] Player moved to (92, 320)
[2025-06-02 20:29:56] Player moved to (92, 316)
[2025-06-02 20:29:56] Player moved to (92, 312)
[2025-06-02 20:29:56] Player moved to (92, 308)
[2025-06-02 20:29:56] Player moved to (92, 304)
[2025-06-02 20:29:56] Player moved to (92, 300)
[2025-06-02 20:29:56] Player moved to (92, 296)
[2025-06-02 20:29:56] Player moved to (92, 292)
[2025-06-02 20:29:56] Player moved to (92, 288)
[2025-06-02 20:29:56] Player moved to (92, 284)
[2025-06-02 20:29:56] Player moved to (92, 280)
[2025-06-02 20:29:56] Player moved to (92, 276)
[2025-06-02 20:29:56] Player moved to (92, 272)
[2025-06-02 20:29:56] Player moved to (92, 268)
[2025-06-02 20:29:56] Player moved to (92, 264)
[2025-06-02 20:29:56] Player moved to (92, 260)
[2025-06-02 20:29:56] Player moved to (92, 256)
[2025-06-02 20:29:56] Player moved to (92, 252)
[2025-06-02 20:29:56] Player moved to (92, 248)
[2025-06-02 20:29:56] Player moved to (92, 244)
[2025-06-02 20:29:56] Player moved to (92, 240)
[2025-06-02 20:29:56] Player moved to (92, 236)
[2025-06-02 20:29:56] Player moved to (92, 232)
[2025-06-02 20:29:56] Player moved to (92, 228)
[2025-06-02 20:29:56] Player moved to (92, 224)
[2025-06-02 20:29:56] Player moved to (96, 224)
[2025-06-02 20:29:56] Player moved to (100, 224)
[2025-06-02 20:29:57] Player moved to (104, 224)
[2025-06-02 20:29:57] Player moved to (108, 224)
[2025-06-02 20:29:57] Player moved to (112, 224)
[2025-06-02 20:29:57] Player moved to (116, 224)
[2025-06-02 20:29:57] Player moved to (120, 224)
[2025-06-02 20:29:57] Player moved to (124, 224)
[2025-06-02 20:29:57] Player moved to (128, 224)
[2025-06-02 20:29:57] Player moved to (132, 224)
[2025-06-02 20:29:57] Player moved to (136, 224)
[2025-06-02 20:29:57] Player moved to (140, 224)
[2025-06-02 20:29:57] Player moved to (144, 224)
[2025-06-02 20:29:57] Player moved to (148, 224)
[2025-06-02 20:29:57] Player moved to (152, 224)
[2025-06-02 20:29:57] Player moved to (156, 224)
[2025-06-02 20:29:57] Player moved to (160, 224)
[2025-06-02 20:29:57] Player moved to (164, 224)
[2025-06-02 20:29:57] -ReimuHakurei- shot bullet at (1, 0)
[2025-06-02 20:29:57] Player moved to (160, 224)
[2025-06-02 20:29:57] Player moved to (156, 224)
[2025-06-02 20:29:57] Player moved to (152, 224)
[2025-06-02 20:29:57] Player moved to (148, 224)
[2025-06-02 20:29:57] Player moved to (144, 224)
[2025-06-02 20:29:57] Player moved to (140, 224)
[2025-06-02 20:29:57] Player moved to (136, 224)
[2025-06-02 20:29:57] Player moved to (132, 224)
[2025-06-02 20:29:58] Player moved to (128, 224)
[2025-06-02 20:29:58] Player moved to (124, 224)
[2025-06-02 20:29:58] Player moved to (120, 224)
[2025-06-02 20:29:58] Player moved to (116, 224)
[2025-06-02 20:29:58] Player moved to (112, 224)
[2025-06-02 20:29:58] Player moved to (108, 224)
[2025-06-02 20:29:58] Player moved to (104, 224)
[2025-06-02 20:29:58] Player moved to (100, 224)
[2025-06-02 20:29:58] Player moved to (96, 224)
[2025-06-02 20:29:58] Player moved to (92, 224)
[2025-06-02 20:29:58] Player moved to (88, 224)
[2025-06-02 20:29:58] Player moved to (84, 224)
[2025-06-02 20:29:58] Player moved to (80, 224)
[2025-06-02 20:29:58] Player moved to (76, 224)
[2025-06-02 20:29:58] Player moved to (72, 228)
[2025-06-02 20:29:58] Player moved to (68, 232)
[2025-06-02 20:29:58] Player moved to (68, 236)
[2025-06-02 20:29:58] Player moved to (68, 240)
[2025-06-02 20:29:58] Player moved to (68, 244)
[2025-06-02 20:29:58] Player moved to (68, 248)
[2025-06-02 20:29:58] Player moved to (68, 252)
[2025-06-02 20:29:58] Player moved to (68, 256)
[2025-06-02 20:29:58] Player moved to (68, 260)
[2025-06-02 20:29:58] Player moved to (68, 264)
[2025-06-02 20:29:58] Player moved to (68, 268)
[2025-06-02 20:29:58] Player moved to (68, 272)
[2025-06-02 20:29:58] Player moved to (68, 276)
[2025-06-02 20:29:58] Player moved to (68, 280)
[2025-06-02 20:29:58] Player moved to (68, 284)
[2025-06-02 20:29:58] Player moved to (68, 288)
[2025-06-02 20:29:58] Player moved to (68, 292)
[2025-06-02 20:29:58] Player moved to (68, 296)
[2025-06-02 20:29:58] Player moved to (68, 300)
[2025-06-02 20:29:58] Player moved to (68, 304)
[2025-06-02 20:29:58] Player moved to (68, 308)
[2025-06-02 20:29:58] Player moved to (68, 312)
[2025-06-02 20:29:58] Player moved to (68, 316)
[2025-06-02 20:29:58] Player moved to (68, 320)
[2025-06-02 20:29:58] Player moved to (68, 324)
[2025-06-02 20:29:58] Player moved to (68, 328)
[2025-06-02 20:29:58] Player moved to (68, 332)
[2025-06-02 20:29:58] Player moved to (68, 336)
[2025-06-02 20:29:58] Player moved to (68, 340)
[2025-06-02 20:29:58] Player moved to (68, 344)
[2025-06-02 20:29:58] Player moved to (68, 348)
[2025-06-02 20:29:58] Player moved to (68, 352)
[2025-06-02 20:29:58] Player moved to (68, 356)
[2025-06-02 20:29:58] Player moved to (68, 360)
[2025-06-02 20:29:58] Player moved to (68, 364)
[2025-06-02 20:29:58] Player moved to (68, 368)
[2025-06-02 20:29:58] Player moved to (68, 372)
[2025-06-02 20:29:58] Player moved to (68, 376)
[2025-06-02 20:29:58] Player moved to (68, 380)
[2025-06-02 20:29:58] Player moved to (68, 384)
[2025-06-02 20:29:58] Player moved to (68, 388)
[2025-06-02 20:29:58] Player moved to (72, 388)
[2025-06-02 20:29:58] Player moved to (76, 388)
[2025-06-02 20:29:58] Player moved to (80, 388)
[2025-06-02 20:29:59] Player moved to (84, 388)
[2025-06-02 20:29:59] Player moved to (88, 388)
[2025-06-02 20:29:59] Player moved to (92, 388)
[2025-06-02 20:29:59] Player moved to (96, 388)
[2025-06-02 20:29:59] -ReimuHakurei- shot bullet at (1, 0)
[2025-06-02 20:29:59] Player moved to (100, 388)
[2025-06-02 20:29:59] Player moved to (104, 388)
[2025-06-02 20:29:59] Player moved to (108, 388)
[2025-06-02 20:29:59] Player moved to (112, 388)
[2025-06-02 20:29:59] Player moved to (116, 388)
[2025-06-02 20:29:59] Player moved to (120, 388)
[2025-06-02 20:29:59] Player moved to (124, 388)
[2025-06-02 20:29:59] Player moved to (128, 388)
[2025-06-02 20:29:59] Player moved to (132, 388)
[2025-06-02 20:29:59] Player moved to (136, 388)
[2025-06-02 20:29:59] Player moved to (140, 388)
[2025-06-02 20:29:59] Player moved to (144, 388)
[2025-06-02 20:29:59] Player moved to (148, 388)
[2025-06-02 20:29:59] Player moved to (152, 388)
[2025-06-02 20:29:59] Player moved to (156, 388)
[2025-06-02 20:29:59] Player moved to (160, 388)
[2025-06-02 20:29:59] Player moved to (164, 388)
[2025-06-02 20:29:59] Player moved to (168, 388)
[2025-06-02 20:29:59] Player moved to (172, 388)
[2025-06-02 20:29:59] Player moved to (176, 388)
[2025-06-02 20:29:59] Player moved to (180, 388)
[2025-06-02 20:29:59] Player moved to (184, 392)
[2025-06-02 20:29:59] Player moved to (188, 396)
[2025-06-02 20:29:59] Player moved to (192, 400)
[2025-06-02 20:29:59] Player moved to (196, 400)
[2025-06-02 20:29:59] Player moved to (200, 400)
[2025-06-02 20:29:59] Player moved to (204, 400)
[2025-06-02 20:29:59] Player moved to (208, 400)
[2025-06-02 20:29:59] Player moved to (212, 400)
[2025-06-02 20:29:59] Player moved to (216, 400)
[2025-06-02 20:29:59] Player moved to (220, 400)
[2025-06-02 20:29:59] Player moved to (224, 400)
[2025-06-02 20:29:59] Player moved to (228, 400)
[2025-06-02 20:29:59] Player moved to (232, 400)
[2025-06-02 20:29:59] Player moved to (236, 400)
[2025-06-02 20:29:59] Player moved to (240, 400)
[2025-06-02 20:29:59] Player moved to (244, 400)
[2025-06-02 20:29:59] Player moved to (248, 400)
[2025-06-02 20:29:59] Player moved to (252, 400)
[2025-06-02 20:29:59] Bullet hit enemy!
[2025-06-02 20:29:59] Player moved to (256, 400)
[2025-06-02 20:29:59] Player moved to (260, 400)
[2025-06-02 20:29:59] Player moved to (264, 400)
[2025-06-02 20:29:59] Player moved to (268, 400)
[2025-06-02 20:29:59] Player moved to (272, 400)
[2025-06-02 20:29:59] Player moved to (276, 400)
[2025-06-02 20:29:59] Player moved to (280, 400)
[2025-06-02 20:29:59] Player moved to (284, 400)
[2025-06-02 20:29:59] Player moved to (288, 400)
[2025-06-02 20:29:59] Player moved to (292, 400)
[2025-06-02 20:29:59] Player moved to (296, 400)
[2025-06-02 20:29:59] Player moved to (300, 400)
[2025-06-02 20:29:59] Player moved to (304, 400)
[2025-06-02 20:29:59] Player moved to (308, 400)
[2025-06-02 20:29:59] Player moved to (312, 400)
[2025-06-02 20:29:59] Player moved to (316, 400)
[2025-06-02 20:29:59] Player moved to (320, 400)
[2025-06-02 20:30:00] Player moved to (324, 400)
[2025-06-02 20:30:00] Player moved to (328, 400)
[2025-06-02 20:30:00] Player moved to (332, 400)
[2025-06-02 20:30:00] Player moved to (336, 400)
[2025-06-02 20:30:00] -ReimuHakurei- shot bullet at (1, 0)
[2025-06-02 20:30:00] Player moved to (340, 400)
[2025-06-02 20:30:00] Player moved to (344, 400)
[2025-06-02 20:30:00] Player moved to (348, 400)
[2025-06-02 20:30:00] Player moved to (352, 400)
[2025-06-02 20:30:00] Player moved to (356, 400)
[2025-06-02 20:30:00] Player moved to (360, 400)
[2025-06-02 20:30:00] Player moved to (364, 400)
[2025-06-02 20:30:00] Player moved to (368, 400)
[2025-06-02 20:30:00] Player moved to (372, 400)
[2025-06-02 20:30:00] Player moved to (376, 400)
[2025-06-02 20:30:00] Player moved to (380, 400)
[2025-06-02 20:30:00] Player moved to (384, 396)
[2025-06-02 20:30:00] Player moved to (388, 392)
[2025-06-02 20:30:00] Player moved to (392, 388)
[2025-06-02 20:30:00] Player moved to (392, 384)
[2025-06-02 20:30:00] Player moved to (392, 380)
[2025-06-02 20:30:00] Player moved to (392, 376)
[2025-06-02 20:30:00] Player moved to (392, 372)
[2025-06-02 20:30:00] Player moved to (392, 368)
[2025-06-02 20:30:00] Player moved to (392, 364)
[2025-06-02 20:30:00] Player moved to (392, 360)
[2025-06-02 20:30:00] Player moved to (392, 356)
[2025-06-02 20:30:00] Player moved to (392, 352)
[2025-06-02 20:30:00] Player moved to (392, 348)
[2025-06-02 20:30:00] Player moved to (392, 344)
[2025-06-02 20:30:00] Player moved to (392, 340)
[2025-06-02 20:30:00] Player moved to (388, 336)
[2025-06-02 20:30:00] Player moved to (384, 332)
[2025-06-02 20:30:00] Player moved to (380, 328)
[2025-06-02 20:30:00] Player moved to (376, 324)
[2025-06-02 20:30:00] Player moved to (372, 320)
[2025-06-02 20:30:00] Player moved to (368, 316)
[2025-06-02 20:30:00] Player moved to (364, 312)
[2025-06-02 20:30:00] Player moved to (360, 308)
[2025-06-02 20:30:00] Player moved to (356, 304)
[2025-06-02 20:30:00] Player moved to (352, 300)
[2025-06-02 20:30:00] Player moved to (352, 296)
[2025-06-02 20:30:00] Player moved to (352, 292)
[2025-06-02 20:30:00] Player moved to (352, 288)
[2025-06-02 20:30:00] Player moved to (352, 284)
[2025-06-02 20:30:00] Player moved to (352, 280)
[2025-06-02 20:30:00] Player moved to (352, 276)
[2025-06-02 20:30:00] Player moved to (352, 272)
[2025-06-02 20:30:00] Player moved to (352, 268)
[2025-06-02 20:30:00] Player moved to (352, 264)
[2025-06-02 20:30:00] Player moved to (352, 260)
[2025-06-02 20:30:00] Player moved to (352, 256)
[2025-06-02 20:30:00] Player moved to (352, 252)
[2025-06-02 20:30:00] Player moved to (352, 248)
[2025-06-02 20:30:00] Player moved to (352, 244)
[2025-06-02 20:30:00] Player moved to (352, 240)
[2025-06-02 20:30:00] Player moved to (356, 236)
[2025-06-02 20:30:00] Player moved to (360, 232)
[2025-06-02 20:30:00] Player moved to (364, 228)
[2025-06-02 20:30:00] Player moved to (368, 224)
[2025-06-02 20:30:00] Player moved to (372, 220)
[2025-06-02 20:30:01] Player moved to (376, 220)
[2025-06-02 20:30:01] Player moved to (380, 220)
[2025-06-02 20:30:01] Player moved to (384, 220)
[2025-06-02 20:30:01] Player moved to (388, 220)
[2025-06-02 20:30:01] Player moved to (392, 220)
[2025-06-02 20:30:01] Player moved to (396, 220)
[2025-06-02 20:30:01] Player moved to (400, 220)
[2025-06-02 20:30:01] Player moved to (404, 220)
[2025-06-02 20:30:01] Player moved to (408, 220)
[2025-06-02 20:30:01] Player moved to (412, 220)
[2025-06-02 20:30:01] Player moved to (416, 220)
[2025-06-02 20:30:01] Player moved to (420, 220)
[2025-06-02 20:30:01] Player moved to (424, 220)
[2025-06-02 20:30:01] Player moved to (428, 220)
[2025-06-02 20:30:01] Player moved to (432, 220)
[2025-06-02 20:30:01] Player moved to (436, 220)
[2025-06-02 20:30:01] Player moved to (440, 220)
[2025-06-02 20:30:01] Player moved to (444, 220)
[2025-06-02 20:30:01] Player moved to (448, 220)
[2025-06-02 20:30:01] Player moved to (452, 220)
[2025-06-02 20:30:01] Player moved to (456, 220)
[2025-06-02 20:30:01] Player moved to (460, 216)
[2025-06-02 20:30:01] Player moved to (464, 212)
[2025-06-02 20:30:01] Player moved to (468, 208)
[2025-06-02 20:30:01] Player moved to (472, 204)
[2025-06-02 20:30:01] Player moved to (476, 200)
[2025-06-02 20:30:01] Player moved to (476, 196)
[2025-06-02 20:30:01] Player moved to (476, 192)
[2025-06-02 20:30:01] Player moved to (476, 188)
[2025-06-02 20:30:01] Player moved to (476, 184)
[2025-06-02 20:30:01] Player moved to (476, 180)
[2025-06-02 20:30:01] Player moved to (476, 176)
[2025-06-02 20:30:01] Player moved to (476, 172)
[2025-06-02 20:30:01] Player moved to (476, 168)
[2025-06-02 20:30:01] Player moved to (476, 164)
[2025-06-02 20:30:01] Player moved to (476, 160)
[2025-06-02 20:30:01] Player moved to (476, 156)
[2025-06-02 20:30:01] Player moved to (476, 152)
[2025-06-02 20:30:01] Player moved to (476, 148)
[2025-06-02 20:30:01] Player moved to (476, 144)
[2025-06-02 20:30:01] Player moved to (476, 140)
[2025-06-02 20:30:01] Player moved to (476, 136)
[2025-06-02 20:30:01] Player moved to (472, 132)
[2025-06-02 20:30:01] Player moved to (468, 128)
[2025-06-02 20:30:01] Player moved to (464, 124)
[2025-06-02 20:30:01] Player moved to (460, 120)
[2025-06-02 20:30:01] Player moved to (456, 116)
[2025-06-02 20:30:01] Player moved to (452, 112)
[2025-06-02 20:30:01] Player moved to (448, 108)
[2025-06-02 20:30:01] Player moved to (444, 104)
[2025-06-02 20:30:01] Player moved to (440, 100)
[2025-06-02 20:30:01] Player moved to (436, 96)
[2025-06-02 20:30:01] Player moved to (432, 92)
[2025-06-02 20:30:01] Player moved to (428, 88)
[2025-06-02 20:30:01] Player moved to (424, 84)
[2025-06-02 20:30:01] Player moved to (420, 80)
[2025-06-02 20:30:01] Player moved to (416, 76)
[2025-06-02 20:30:01] Player moved to (412, 72)
[2025-06-02 20:30:01] Player moved to (408, 68)
[2025-06-02 20:30:01] Player moved to (404, 64)
[2025-06-02 20:30:01] Player moved to (400, 60)
[2025-06-02 20:30:02] Player moved to (396, 56)
[2025-06-02 20:30:02] Player moved to (392, 52)
[2025-06-02 20:30:02] Player moved to (388, 48)
[2025-06-02 20:30:02] Player moved to (384, 44)
[2025-06-02 20:30:02] Player moved to (380, 40)
[2025-06-02 20:30:02] Player moved to (376, 40)
[2025-06-02 20:30:02] Player moved to (372, 40)
[2025-06-02 20:30:02] Player moved to (368, 40)
[2025-06-02 20:30:02] Player moved to (364, 40)
[2025-06-02 20:30:02] Player moved to (360, 40)
[2025-06-02 20:30:02] Player moved to (356, 40)
[2025-06-02 20:30:02] Player moved to (352, 40)
[2025-06-02 20:30:02] Player moved to (348, 40)
[2025-06-02 20:30:02] Player moved to (344, 40)
[2025-06-02 20:30:02] Player moved to (340, 44)
[2025-06-02 20:30:02] Player moved to (336, 48)
[2025-06-02 20:30:02] Player moved to (332, 52)
[2025-06-02 20:30:02] Player moved to (328, 56)
[2025-06-02 20:30:02] Player moved to (328, 60)
[2025-06-02 20:30:02] Player moved to (328, 64)
[2025-06-02 20:30:02] Player moved to (328, 68)
[2025-06-02 20:30:02] Player moved to (328, 72)
[2025-06-02 20:30:02] Player moved to (328, 76)
[2025-06-02 20:30:02] Player moved to (332, 80)
[2025-06-02 20:30:02] Player moved to (336, 84)
[2025-06-02 20:30:02] Player moved to (340, 88)
[2025-06-02 20:30:02] Player moved to (344, 88)
[2025-06-02 20:30:02] Player moved to (348, 88)
[2025-06-02 20:30:02] Player moved to (352, 88)
[2025-06-02 20:30:02] Player moved to (356, 88)
[2025-06-02 20:30:02] Player moved to (360, 88)
[2025-06-02 20:30:02] Player moved to (364, 88)
[2025-06-02 20:30:02] Player moved to (368, 88)
[2025-06-02 20:30:02] Player moved to (372, 88)
[2025-06-02 20:30:02] Player moved to (376, 88)
[2025-06-02 20:30:02] Player moved to (380, 88)
[2025-06-02 20:30:02] Player moved to (384, 88)
[2025-06-02 20:30:02] Player moved to (388, 88)
[2025-06-02 20:30:02] Player moved to (392, 88)
[2025-06-02 20:30:02] Player moved to (396, 88)
[2025-06-02 20:30:02] Player moved to (400, 88)
[2025-06-02 20:30:02] Player moved to (404, 88)
[2025-06-02 20:30:02] Player moved to (408, 88)
[2025-06-02 20:30:02] Player moved to (412, 88)
[2025-06-02 20:30:02] Player moved to (416, 88)
[2025-06-02 20:30:02] Player moved to (420, 88)
[2025-06-02 20:30:02] Player moved to (424, 88)
[2025-06-02 20:30:02] Player moved to (428, 92)
[2025-06-02 20:30:02] Player moved to (432, 96)
[2025-06-02 20:30:02] Player moved to (436, 100)
[2025-06-02 20:30:02] Player moved to (440, 104)
[2025-06-02 20:30:02] Player moved to (444, 108)
[2025-06-02 20:30:02] Player moved to (448, 112)
[2025-06-02 20:30:02] Player moved to (452, 116)
[2025-06-02 20:30:02] Player moved to (456, 120)
[2025-06-02 20:30:02] Player moved to (460, 124)
[2025-06-02 20:30:02] Player moved to (464, 128)
[2025-06-02 20:30:02] Player moved to (468, 132)
[2025-06-02 20:30:02] Player moved to (472, 136)
[2025-06-02 20:30:02] Player moved to (476, 140)
[2025-06-02 20:30:02] Player moved to (480, 144)
[2025-06-02 20:30:03] Player moved to (484, 148)
[2025-06-02 20:30:03] Player moved to (488, 152)
[2025-06-02 20:30:03] Player moved to (488, 156)
[2025-06-02 20:30:03] Player moved to (488, 160)
[2025-06-02 20:30:03] Player moved to (488, 164)
[2025-06-02 20:30:03] Player moved to (488, 168)
[2025-06-02 20:30:03] Player moved to (488, 172)
[2025-06-02 20:30:03] Player moved to (488, 176)
[2025-06-02 20:30:03] Player moved to (488, 180)
[2025-06-02 20:30:03] Player moved to (488, 184)
[2025-06-02 20:30:03] Player moved to (488, 188)
[2025-06-02 20:30:03] Player moved to (488, 192)
[2025-06-02 20:30:03] Player moved to (488, 196)
[2025-06-02 20:30:03] Player moved to (488, 200)
[2025-06-02 20:30:03] Player moved to (488, 204)
[2025-06-02 20:30:03] Player moved to (488, 208)
[2025-06-02 20:30:03] Player moved to (488, 212)
[2025-06-02 20:30:03] Player moved to (488, 216)
[2025-06-02 20:30:03] Player moved to (488, 220)
[2025-06-02 20:30:03] Player moved to (488, 224)
[2025-06-02 20:30:03] Player moved to (488, 228)
[2025-06-02 20:30:03] Player moved to (488, 232)
[2025-06-02 20:30:03] Player moved to (488, 236)
[2025-06-02 20:30:03] Player moved to (488, 240)
[2025-06-02 20:30:03] Player moved to (488, 244)
[2025-06-02 20:30:03] Player moved to (488, 248)
[2025-06-02 20:30:03] Player moved to (488, 252)
[2025-06-02 20:30:03] -ReimuHakurei- shot bullet at (0, 1)
[2025-06-02 20:30:03] Player moved to (488, 256)
[2025-06-02 20:30:03] Player moved to (488, 260)
[2025-06-02 20:30:03] Player moved to (488, 264)
[2025-06-02 20:30:03] Player moved to (492, 268)
[2025-06-02 20:30:03] Player moved to (496, 272)
[2025-06-02 20:30:03] Player moved to (500, 276)
[2025-06-02 20:30:03] Player moved to (504, 280)
[2025-06-02 20:30:03] Player moved to (508, 284)
[2025-06-02 20:30:03] Player moved to (512, 288)
[2025-06-02 20:30:03] Player moved to (516, 292)
[2025-06-02 20:30:03] Player moved to (520, 296)
[2025-06-02 20:30:03] Player moved to (524, 300)
[2025-06-02 20:30:03] Player moved to (528, 304)
[2025-06-02 20:30:03] Player moved to (532, 308)
[2025-06-02 20:30:03] Player moved to (536, 312)
[2025-06-02 20:30:03] Player moved to (536, 316)
[2025-06-02 20:30:03] Player moved to (536, 320)
[2025-06-02 20:30:03] Player moved to (536, 324)
[2025-06-02 20:30:03] Player moved to (532, 328)
[2025-06-02 20:30:03] Player moved to (528, 332)
[2025-06-02 20:30:03] Player moved to (524, 336)
[2025-06-02 20:30:03] Player moved to (520, 340)
[2025-06-02 20:30:03] Player moved to (516, 344)
[2025-06-02 20:30:03] Player moved to (512, 348)
[2025-06-02 20:30:03] Player moved to (508, 352)
[2025-06-02 20:30:03] Player moved to (504, 356)
[2025-06-02 20:30:03] Player moved to (500, 360)
[2025-06-02 20:30:03] Player moved to (496, 360)
[2025-06-02 20:30:03] Player moved to (492, 360)
[2025-06-02 20:30:03] Player moved to (488, 360)
[2025-06-02 20:30:03] Player moved to (484, 360)
[2025-06-02 20:30:03] Player moved to (480, 360)
[2025-06-02 20:30:03] Player moved to (476, 360)
[2025-06-02 20:30:04] Player moved to (472, 360)
[2025-06-02 20:30:04] Player moved to (468, 360)
[2025-06-02 20:30:04] Player moved to (464, 360)
[2025-06-02 20:30:04] Player moved to (460, 360)
[2025-06-02 20:30:04] Player moved to (464, 360)
[2025-06-02 20:30:04] Player moved to (468, 360)
[2025-06-02 20:30:04] Player moved to (472, 360)
[2025-06-02 20:30:04] Player moved to (476, 360)
[2025-06-02 20:30:04] Player moved to (480, 360)
[2025-06-02 20:30:04] Player moved to (484, 360)
[2025-06-02 20:30:04] Player moved to (488, 360)
[2025-06-02 20:30:04] Player moved to (492, 360)
[2025-06-02 20:30:04] Player moved to (496, 360)
[2025-06-02 20:30:04] Player moved to (500, 360)
[2025-06-02 20:30:04] Player moved to (504, 360)
[2025-06-02 20:30:04] Player moved to (508, 360)
[2025-06-02 20:30:04] -ReimuHakurei- shot bullet at (1, 0)
[2025-06-02 20:30:04] Player moved to (512, 360)
[2025-06-02 20:30:04] Player moved to (516, 360)
[2025-06-02 20:30:04] Player moved to (520, 360)
[2025-06-02 20:30:04] Player moved to (524, 360)
[2025-06-02 20:30:04] Player moved to (528, 360)
[2025-06-02 20:30:04] Player moved to (532, 360)
[2025-06-02 20:30:04] Player moved to (536, 360)
[2025-06-02 20:30:04] Player moved to (540, 360)
[2025-06-02 20:30:04] Player moved to (544, 360)
[2025-06-02 20:30:04] Player moved to (548, 360)
[2025-06-02 20:30:04] Player moved to (552, 360)
[2025-06-02 20:30:04] Player moved to (556, 360)
[2025-06-02 20:30:04] Player moved to (560, 360)
[2025-06-02 20:30:04] Player moved to (564, 360)
[2025-06-02 20:30:04] Player moved to (568, 360)
[2025-06-02 20:30:04] Player moved to (572, 364)
[2025-06-02 20:30:04] Player moved to (576, 368)
[2025-06-02 20:30:04] Player moved to (580, 372)
[2025-06-02 20:30:04] Player moved to (584, 376)
[2025-06-02 20:30:04] Player moved to (580, 380)
[2025-06-02 20:30:04] Player moved to (576, 384)
[2025-06-02 20:30:04] Player moved to (572, 388)
[2025-06-02 20:30:04] Player moved to (568, 392)
[2025-06-02 20:30:04] Player moved to (564, 392)
[2025-06-02 20:30:04] Player moved to (560, 392)
[2025-06-02 20:30:04] Player moved to (556, 392)
[2025-06-02 20:30:04] Player moved to (552, 392)
[2025-06-02 20:30:04] Player moved to (548, 392)
[2025-06-02 20:30:04] Player moved to (544, 392)
[2025-06-02 20:30:04] Player moved to (540, 392)
[2025-06-02 20:30:04] Player moved to (536, 392)
[2025-06-02 20:30:04] Player moved to (532, 392)
[2025-06-02 20:30:04] Player moved to (528, 392)
[2025-06-02 20:30:04] Player moved to (524, 392)
[2025-06-02 20:30:04] Player moved to (520, 392)
[2025-06-02 20:30:04] Player moved to (516, 392)
[2025-06-02 20:30:04] Player moved to (512, 392)
[2025-06-02 20:30:04] Player moved to (508, 392)
[2025-06-02 20:30:04] Player moved to (504, 392)
[2025-06-02 20:30:04] Player moved to (500, 392)
[2025-06-02 20:30:04] Player moved to (496, 392)
[2025-06-02 20:30:04] Player moved to (492, 392)
[2025-06-02 20:30:04] Player moved to (488, 396)
[2025-06-02 20:30:04] Player moved to (484, 400)
[2025-06-02 20:30:04] Player moved to (480, 404)
[2025-06-02 20:30:05] Player moved to (476, 408)
[2025-06-02 20:30:05] Player moved to (472, 412)
[2025-06-02 20:30:05] Player moved to (468, 416)
[2025-06-02 20:30:05] Player moved to (464, 420)
[2025-06-02 20:30:05] Player moved to (460, 424)
[2025-06-02 20:30:05] Player moved to (456, 428)
[2025-06-02 20:30:05] Player moved to (456, 432)
[2025-06-02 20:30:05] Player moved to (456, 436)
[2025-06-02 20:30:05] Player moved to (456, 440)
[2025-06-02 20:30:05] Player moved to (456, 444)
[2025-06-02 20:30:05] Player moved to (456, 448)
[2025-06-02 20:30:05] Player moved to (456, 452)
[2025-06-02 20:30:05] Player moved to (456, 456)
[2025-06-02 20:30:05] Player moved to (456, 460)
[2025-06-02 20:30:05] Player moved to (456, 464)
[2025-06-02 20:30:05] Player moved to (456, 468)
[2025-06-02 20:30:05] Player moved to (456, 472)
[2025-06-02 20:30:05] Player moved to (456, 476)
[2025-06-02 20:30:05] Player moved to (456, 480)
[2025-06-02 20:30:05] Player moved to (456, 484)
[2025-06-02 20:30:05] Player moved to (456, 488)
[2025-06-02 20:30:05] Player moved to (456, 492)
[2025-06-02 20:30:05] Player moved to (456, 496)
[2025-06-02 20:30:05] Player moved to (456, 500)
[2025-06-02 20:30:05] Player moved to (456, 504)
[2025-06-02 20:30:05] Player moved to (456, 508)
[2025-06-02 20:30:05] Player moved to (460, 512)
[2025-06-02 20:30:05] Player moved to (464, 516)
[2025-06-02 20:30:05] Player moved to (468, 520)
[2025-06-02 20:30:05] Player moved to (472, 520)
[2025-06-02 20:30:05] Player moved to (476, 520)
[2025-06-02 20:30:05] Player moved to (480, 520)
[2025-06-02 20:30:05] Player moved to (484, 520)
[2025-06-02 20:30:05] Player moved to (488, 520)
[2025-06-02 20:30:05] -ReimuHakurei- shot bullet at (1, 0)
[2025-06-02 20:30:05] Player moved to (492, 520)
[2025-06-02 20:30:05] Player moved to (496, 520)
[2025-06-02 20:30:05] Player moved to (500, 520)
[2025-06-02 20:30:05] Player moved to (504, 520)
[2025-06-02 20:30:05] Player moved to (508, 520)
[2025-06-02 20:30:05] Player moved to (512, 520)
[2025-06-02 20:30:05] Player moved to (516, 520)
[2025-06-02 20:30:05] Player moved to (520, 520)
[2025-06-02 20:30:05] Player moved to (524, 520)
[2025-06-02 20:30:05] Player moved to (528, 520)
[2025-06-02 20:30:05] Player moved to (532, 520)
[2025-06-02 20:30:05] Player moved to (536, 520)
[2025-06-02 20:30:05] Player moved to (540, 520)
[2025-06-02 20:30:05] Player moved to (544, 520)
[2025-06-02 20:30:05] Player moved to (548, 520)
[2025-06-02 20:30:05] Player moved to (552, 520)
[2025-06-02 20:30:05] Player moved to (556, 520)
[2025-06-02 20:30:05] Player moved to (560, 520)
[2025-06-02 20:30:05] Player moved to (556, 520)
[2025-06-02 20:30:05] Player moved to (552, 520)
[2025-06-02 20:30:05] Player moved to (548, 520)
[2025-06-02 20:30:05] Player moved to (544, 520)
[2025-06-02 20:30:05] Player moved to (540, 520)
[2025-06-02 20:30:05] Player moved to (536, 520)
[2025-06-02 20:30:05] Player moved to (532, 520)
[2025-06-02 20:30:05] Player moved to (528, 520)
[2025-06-02 20:30:06] Player moved to (524, 520)
[2025-06-02 20:30:06] Player moved to (520, 520)
[2025-06-02 20:30:06] Player moved to (516, 516)
[2025-06-02 20:30:06] Player moved to (512, 512)
[2025-06-02 20:30:06] Player moved to (508, 508)
[2025-06-02 20:30:06] Player moved to (504, 504)
[2025-06-02 20:30:06] Player moved to (500, 500)
[2025-06-02 20:30:06] Player moved to (496, 496)
[2025-06-02 20:30:06] Player moved to (492, 492)
[2025-06-02 20:30:06] Player moved to (488, 488)
[2025-06-02 20:30:06] Player moved to (484, 484)
[2025-06-02 20:30:06] Player moved to (484, 480)
[2025-06-02 20:30:06] Player moved to (484, 476)
[2025-06-02 20:30:06] Player moved to (484, 472)
[2025-06-02 20:30:06] Player moved to (484, 468)
[2025-06-02 20:30:06] Player moved to (484, 464)
[2025-06-02 20:30:06] Player moved to (484, 460)
[2025-06-02 20:30:06] Player moved to (484, 456)
[2025-06-02 20:30:06] Player moved to (484, 452)
[2025-06-02 20:30:06] Player moved to (484, 448)
[2025-06-02 20:30:06] Player moved to (484, 444)
[2025-06-02 20:30:06] Player moved to (484, 440)
[2025-06-02 20:30:06] Player moved to (484, 436)
[2025-06-02 20:30:06] Player moved to (484, 432)
[2025-06-02 20:30:06] Player moved to (484, 428)
[2025-06-02 20:30:06] Player moved to (484, 424)
[2025-06-02 20:30:06] Player moved to (484, 420)
[2025-06-02 20:30:06] Player moved to (484, 416)
[2025-06-02 20:30:06] Player moved to (484, 412)
[2025-06-02 20:30:06] Player moved to (484, 408)
[2025-06-02 20:30:06] Player moved to (484, 404)
[2025-06-02 20:30:06] Player moved to (484, 400)
[2025-06-02 20:30:06] Player moved to (484, 396)
[2025-06-02 20:30:06] Player moved to (484, 392)
[2025-06-02 20:30:06] Player moved to (484, 388)
[2025-06-02 20:30:06] Player moved to (484, 384)
[2025-06-02 20:30:06] Player moved to (484, 380)
[2025-06-02 20:30:06] Player moved to (484, 376)
[2025-06-02 20:30:06] Player moved to (484, 372)
[2025-06-02 20:30:06] Player moved to (484, 368)
[2025-06-02 20:30:06] Player moved to (484, 364)
[2025-06-02 20:30:06] Player moved to (484, 360)
[2025-06-02 20:30:06] Player moved to (484, 356)
[2025-06-02 20:30:06] Player moved to (484, 352)
[2025-06-02 20:30:06] Player moved to (484, 348)
[2025-06-02 20:30:06] Player moved to (484, 344)
[2025-06-02 20:30:06] Player moved to (484, 340)
[2025-06-02 20:30:06] Player moved to (484, 336)
[2025-06-02 20:30:06] Player moved to (484, 332)
[2025-06-02 20:30:06] Player moved to (484, 328)
[2025-06-02 20:30:06] Player moved to (484, 324)
[2025-06-02 20:30:06] Player moved to (484, 320)
[2025-06-02 20:30:06] Player moved to (484, 316)
[2025-06-02 20:30:06] Player moved to (484, 312)
[2025-06-02 20:30:06] Player moved to (484, 308)
[2025-06-02 20:30:06] Player moved to (484, 304)
[2025-06-02 20:30:06] Player moved to (484, 300)
[2025-06-02 20:30:06] Player moved to (484, 296)
[2025-06-02 20:30:06] Player moved to (484, 292)
[2025-06-02 20:30:06] Player moved to (484, 288)
[2025-06-02 20:30:07] Player moved to (484, 284)
[2025-06-02 20:30:07] Player moved to (484, 280)
[2025-06-02 20:30:07] Player moved to (484, 276)
[2025-06-02 20:30:07] Player moved to (484, 272)
[2025-06-02 20:30:07] Player moved to (484, 268)
[2025-06-02 20:30:07] Player moved to (484, 264)
[2025-06-02 20:30:07] Player moved to (484, 260)
[2025-06-02 20:30:07] Player moved to (484, 256)
[2025-06-02 20:30:07] Player moved to (484, 252)
[2025-06-02 20:30:07] Player moved to (484, 248)
[2025-06-02 20:30:07] Player moved to (484, 244)
[2025-06-02 20:30:07] Player moved to (484, 240)
[2025-06-02 20:30:07] Player moved to (484, 236)
[2025-06-02 20:30:07] Player moved to (484, 232)
[2025-06-02 20:30:07] Player moved to (484, 228)
[2025-06-02 20:30:07] Player moved to (484, 224)
[2025-06-02 20:30:07] Player moved to (484, 220)
[2025-06-02 20:30:07] Player moved to (488, 216)
[2025-06-02 20:30:07] Player moved to (492, 212)
[2025-06-02 20:30:07] Player moved to (496, 208)
[2025-06-02 20:30:07] Player moved to (500, 208)
[2025-06-02 20:30:07] Player moved to (504, 208)
[2025-06-02 20:30:07] Player moved to (508, 208)
[2025-06-02 20:30:07] Player moved to (512, 208)
[2025-06-02 20:30:07] Player moved to (516, 208)
[2025-06-02 20:30:07] -ReimuHakurei- shot bullet at (1, 0)
[2025-06-02 20:30:07] Player moved to (520, 208)
[2025-06-02 20:30:07] Player moved to (524, 208)
[2025-06-02 20:30:07] Player moved to (528, 208)
[2025-06-02 20:30:07] Player moved to (532, 208)
[2025-06-02 20:30:07] Player moved to (536, 208)
[2025-06-02 20:30:07] Player moved to (540, 208)
[2025-06-02 20:30:08] -ReimuHakurei- shot bullet at (1, 0)
[2025-06-02 20:30:08] -ReimuHakurei- shot bullet at (1, 0)
[2025-06-02 20:30:08] -ReimuHakurei- shot bullet at (1, 0)
[2025-06-02 20:30:08] -ReimuHakurei- shot bullet at (1, 0)
[2025-06-02 20:30:09] -ReimuHakurei- shot bullet at (1, 0)
[2025-06-02 20:30:09] -ReimuHakurei- shot bullet at (1, 0)
[2025-06-02 20:30:09] Bullet hit enemy!
[2025-06-02 20:30:09] -ReimuHakurei- shot bullet at (1, 0)
[2025-06-02 20:30:09] -ReimuHakurei- shot bullet at (1, 0)
[2025-06-02 20:30:10] -ReimuHakurei- shot bullet at (1, 0)
[2025-06-02 20:30:10] -ReimuHakurei- shot bullet at (1, 0)
[2025-06-02 20:30:10] -ReimuHakurei- shot bullet at (1, 0)
[2025-06-02 20:30:10] -ReimuHakurei- shot bullet at (1, 0)
[2025-06-02 20:30:11] -ReimuHakurei- shot bullet at (1, 0)
[2025-06-02 20:30:11] -ReimuHakurei- shot bullet at (1, 0)
[2025-06-02 20:30:11] -ReimuHakurei- shot bullet at (1, 0)
[2025-06-02 20:30:11] -ReimuHakurei- shot bullet at (1, 0)
[2025-06-02 20:30:11] -ReimuHakurei- shot bullet at (1, 0)
[2025-06-02 20:30:12] -ReimuHakurei- shot bullet at (1, 0)
[2025-06-02 20:30:12] -ReimuHakurei- shot bullet at (1, 0)
[2025-06-02 20:30:12] -ReimuHakurei- shot bullet at (1, 0)
[2025-06-02 20:30:12] -ReimuHakurei- shot bullet at (1, 0)
[2025-06-02 20:30:12] -ReimuHakurei- shot bullet at (1, 0)
[2025-06-02 20:30:13] -ReimuHakurei- shot bullet at (1, 0)
[2025-06-02 20:30:13] -ReimuHakurei- shot bullet at (1, 0)
[2025-06-02 20:30:13] -ReimuHakurei- shot bullet at (1, 0)
[2025-06-02 20:30:13] -ReimuHakurei- shot bullet at (1, 0)
[2025-06-02 20:30:13] -ReimuHakurei- shot bullet at (1, 0)
[2025-06-02 20:30:14] -ReimuHakurei- shot bullet at (1, 0)
[2025-06-02 20:30:14] -ReimuHakurei- shot bullet at (1, 0)
[2025-06-02 20:30:14] -ReimuHakurei- shot bullet at (1, 0)
[2025-06-02 20:30:14] -ReimuHakurei- shot bullet at (1, 0)
[2025-06-02 20:30:14] -ReimuHakurei- shot bullet at (1, 0)
[2025-06-02 20:30:14] -ReimuHakurei- shot bullet at (1, 0)
[2025-06-02 20:30:14] -ReimuHakurei- shot bullet at (1, 0)
[2025-06-02 20:30:14] -ReimuHakurei- shot bullet at (1, 0)
[2025-06-02 20:30:14] -ReimuHakurei- shot bullet at (1, 0)
[2025-06-02 20:30:14] -ReimuHakurei- shot bullet at (1, 0)
[2025-06-02 20:30:14] -ReimuHakurei- shot bullet at (1, 0)
[2025-06-02 20:30:15] -ReimuHakurei- shot bullet at (1, 0)
[2025-06-02 20:30:15] -ReimuHakurei- shot bullet at (1, 0)
[2025-06-02 20:30:15] -ReimuHakurei- shot bullet at (1, 0)
[2025-06-02 20:30:15] -ReimuHakurei- shot bullet at (1, 0)
[2025-06-02 20:30:16] -ReimuHakurei- has left the game
[2025-06-02 20:33:27] -ReimuHakurei- has joined the game!
[2025-06-02 20:33:28] Player started the game from menu
[2025-06-02 20:33:29] Player moved to (100, 104)
[2025-06-02 20:33:29] Player moved to (100, 108)
[2025-06-02 20:33:29] Player moved to (100, 112)
[2025-06-02 20:33:29] Player moved to (100, 116)
[2025-06-02 20:33:29] Player moved to (100, 120)
[2025-06-02 20:33:29] Player moved to (100, 124)
[2025-06-02 20:33:29] Player moved to (100, 128)
[2025-06-02 20:33:29] Player moved to (100, 132)
[2025-06-02 20:33:29] Player moved to (100, 136)
[2025-06-02 20:33:29] Player moved to (100, 140)
[2025-06-02 20:33:29] Player moved to (100, 144)
[2025-06-02 20:33:29] Player moved to (100, 148)
[2025-06-02 20:33:29] Player moved to (100, 152)
[2025-06-02 20:33:29] Player moved to (100, 156)
[2025-06-02 20:33:29] Player moved to (100, 160)
[2025-06-02 20:33:29] Player moved to (100, 164)
[2025-06-02 20:33:29] Player moved to (100, 168)
[2025-06-02 20:33:29] Player moved to (100, 172)
[2025-06-02 20:33:29] Player moved to (100, 176)
[2025-06-02 20:33:29] Player moved to (100, 180)
[2025-06-02 20:33:29] Player moved to (100, 184)
[2025-06-02 20:33:29] Player moved to (100, 188)
[2025-06-02 20:33:29] Player moved to (100, 192)
[2025-06-02 20:33:29] Player moved to (100, 196)
[2025-06-02 20:33:29] Player moved to (100, 200)
[2025-06-02 20:33:29] Player moved to (100, 204)
[2025-06-02 20:33:29] Player moved to (100, 208)
[2025-06-02 20:33:29] Player moved to (100, 212)
[2025-06-02 20:33:29] Player moved to (104, 216)
[2025-06-02 20:33:29] Player moved to (108, 220)
[2025-06-02 20:33:29] Player moved to (112, 224)
[2025-06-02 20:33:29] Player moved to (116, 228)
[2025-06-02 20:33:29] Player moved to (120, 232)
[2025-06-02 20:33:29] Player moved to (124, 236)
[2025-06-02 20:33:29] Player moved to (128, 240)
[2025-06-02 20:33:29] Player moved to (132, 244)
[2025-06-02 20:33:29] Player moved to (136, 244)
[2025-06-02 20:33:29] Player moved to (140, 244)
[2025-06-02 20:33:29] Player moved to (144, 244)
[2025-06-02 20:33:29] Player moved to (148, 244)
[2025-06-02 20:33:29] Player moved to (152, 244)
[2025-06-02 20:33:29] Player moved to (156, 244)
[2025-06-02 20:33:29] Player moved to (160, 244)
[2025-06-02 20:33:29] Player moved to (164, 244)
[2025-06-02 20:33:29] Player moved to (168, 244)
[2025-06-02 20:33:29] Player moved to (172, 244)
[2025-06-02 20:33:29] Player moved to (176, 244)
[2025-06-02 20:33:29] Player moved to (180, 244)
[2025-06-02 20:33:29] Player moved to (184, 244)
[2025-06-02 20:33:29] Player moved to (188, 244)
[2025-06-02 20:33:29] Player moved to (192, 244)
[2025-06-02 20:33:29] Player moved to (196, 244)
[2025-06-02 20:33:29] Player moved to (200, 244)
[2025-06-02 20:33:29] Player moved to (204, 244)
[2025-06-02 20:33:29] Player moved to (208, 244)
[2025-06-02 20:33:29] Player moved to (212, 244)
[2025-06-02 20:33:30] Player moved to (216, 248)
[2025-06-02 20:33:30] Player moved to (220, 252)
[2025-06-02 20:33:30] Player moved to (224, 256)
[2025-06-02 20:33:30] Player moved to (224, 260)
[2025-06-02 20:33:30] Player moved to (224, 264)
[2025-06-02 20:33:30] Player moved to (224, 268)
[2025-06-02 20:33:30] Player moved to (224, 272)
[2025-06-02 20:33:30] Player moved to (224, 276)
[2025-06-02 20:33:30] Player moved to (224, 280)
[2025-06-02 20:33:30] Player moved to (224, 284)
[2025-06-02 20:33:30] Player moved to (224, 288)
[2025-06-02 20:33:30] Player moved to (224, 292)
[2025-06-02 20:33:30] Player moved to (228, 292)
[2025-06-02 20:33:30] Player moved to (232, 292)
[2025-06-02 20:33:30] Player moved to (236, 292)
[2025-06-02 20:33:30] Player moved to (240, 292)
[2025-06-02 20:33:30] Player moved to (244, 292)
[2025-06-02 20:33:30] Player moved to (248, 292)
[2025-06-02 20:33:30] Player moved to (252, 292)
[2025-06-02 20:33:30] Player moved to (256, 292)
[2025-06-02 20:33:30] Player moved to (260, 292)
[2025-06-02 20:33:30] Player hit an obstacle!
[2025-06-02 20:33:30] Player hit an obstacle!
[2025-06-02 20:33:30] Player hit an obstacle!
[2025-06-02 20:33:30] Player hit an obstacle!
[2025-06-02 20:33:30] Player hit an obstacle!
[2025-06-02 20:33:30] Player hit an obstacle!
[2025-06-02 20:33:30] Player hit an obstacle!
[2025-06-02 20:33:30] Player hit an obstacle!
[2025-06-02 20:33:30] Player hit an obstacle!
[2025-06-02 20:33:30] Player hit an obstacle!
[2025-06-02 20:33:30] Player hit an obstacle!
[2025-06-02 20:33:30] Player hit an obstacle!
[2025-06-02 20:33:30] Player hit an obstacle!
[2025-06-02 20:33:30] Player hit an obstacle!
[2025-06-02 20:33:30] Player hit an obstacle!
[2025-06-02 20:33:30] Player hit an obstacle!
[2025-06-02 20:33:30] Player hit an obstacle!
[2025-06-02 20:33:30] Player hit an obstacle!
[2025-06-02 20:33:30] Player moved to (256, 292)
[2025-06-02 20:33:30] Player moved to (252, 292)
[2025-06-02 20:33:30] Player moved to (248, 292)
[2025-06-02 20:33:30] Player moved to (244, 292)
[2025-06-02 20:33:30] Player moved to (240, 292)
[2025-06-02 20:33:30] Player moved to (236, 292)
[2025-06-02 20:33:30] Player moved to (232, 292)
[2025-06-02 20:33:30] Player moved to (228, 292)
[2025-06-02 20:33:30] Player moved to (232, 292)
[2025-06-02 20:33:30] Player moved to (236, 292)
[2025-06-02 20:33:30] Player moved to (240, 292)
[2025-06-02 20:33:31] Player moved to (244, 292)
[2025-06-02 20:33:31] Player moved to (248, 292)
[2025-06-02 20:33:31] Player moved to (252, 292)
[2025-06-02 20:33:31] Player moved to (256, 292)
[2025-06-02 20:33:31] Player moved to (260, 292)
[2025-06-02 20:33:31] Player hit an obstacle!
[2025-06-02 20:33:31] Player hit an obstacle!
[2025-06-02 20:33:31] Player hit an obstacle!
[2025-06-02 20:33:31] Player hit an obstacle!
[2025-06-02 20:33:31] Player hit an obstacle!
[2025-06-02 20:33:31] Player moved to (256, 292)
[2025-06-02 20:33:31] Player moved to (252, 292)
[2025-06-02 20:33:31] Player moved to (248, 292)
[2025-06-02 20:33:31] Player moved to (244, 292)
[2025-06-02 20:33:31] Player moved to (240, 292)
[2025-06-02 20:33:31] Player moved to (244, 292)
[2025-06-02 20:33:31] Player moved to (248, 292)
[2025-06-02 20:33:31] Player moved to (252, 292)
[2025-06-02 20:33:31] Player moved to (256, 292)
[2025-06-02 20:33:31] Player moved to (260, 292)
[2025-06-02 20:33:31] Player hit an obstacle!
[2025-06-02 20:33:31] Player hit an obstacle!
[2025-06-02 20:33:31] Player hit an obstacle!
[2025-06-02 20:33:31] Player moved to (256, 292)
[2025-06-02 20:33:31] Player moved to (252, 292)
[2025-06-02 20:33:31] Player moved to (248, 292)
[2025-06-02 20:33:31] Player moved to (244, 292)
[2025-06-02 20:33:31] Player moved to (248, 292)
[2025-06-02 20:33:31] Player moved to (252, 292)
[2025-06-02 20:33:31] Player moved to (256, 292)
[2025-06-02 20:33:31] Player moved to (260, 292)
[2025-06-02 20:33:31] Player hit an obstacle!
[2025-06-02 20:33:31] Player hit an obstacle!
[2025-06-02 20:33:31] Player hit an obstacle!
[2025-06-02 20:33:31] Player hit an obstacle!
[2025-06-02 20:33:31] Player hit an obstacle!
[2025-06-02 20:33:31] Player hit an obstacle!
[2025-06-02 20:33:31] Player hit an obstacle!
[2025-06-02 20:33:31] Player hit an obstacle!
[2025-06-02 20:33:31] Player hit an obstacle!
[2025-06-02 20:33:31] Player hit an obstacle!
[2025-06-02 20:33:31] Player hit an obstacle!
[2025-06-02 20:33:31] Player hit an obstacle!
[2025-06-02 20:33:31] Player hit an obstacle!
[2025-06-02 20:33:31] Player hit an obstacle!
[2025-06-02 20:33:31] Player hit an obstacle!
[2025-06-02 20:33:31] Player hit an obstacle!
[2025-06-02 20:33:31] Player hit an obstacle!
[2025-06-02 20:33:31] Player hit an obstacle!
[2025-06-02 20:33:31] Player hit an obstacle!
[2025-06-02 20:33:31] Player hit an obstacle!
[2025-06-02 20:33:32] Player moved to (260, 288)
[2025-06-02 20:33:32] Player moved to (260, 284)
[2025-06-02 20:33:32] Player moved to (260, 280)
[2025-06-02 20:33:32] Player moved to (260, 276)
[2025-06-02 20:33:32] Player moved to (260, 272)
[2025-06-02 20:33:32] Player moved to (260, 268)
[2025-06-02 20:33:32] Player moved to (260, 264)
[2025-06-02 20:33:32] Player moved to (260, 260)
[2025-06-02 20:33:32] Player moved to (260, 256)
[2025-06-02 20:33:32] Player moved to (260, 252)
[2025-06-02 20:33:32] Player moved to (264, 248)
[2025-06-02 20:33:32] Player moved to (268, 244)
[2025-06-02 20:33:32] Player moved to (272, 244)
[2025-06-02 20:33:32] Player moved to (276, 244)
[2025-06-02 20:33:32] Player moved to (280, 244)
[2025-06-02 20:33:32] Player moved to (284, 244)
[2025-06-02 20:33:32] Player moved to (288, 244)
[2025-06-02 20:33:32] Player moved to (292, 244)
[2025-06-02 20:33:32] Player moved to (296, 244)
[2025-06-02 20:33:32] Player moved to (300, 244)
[2025-06-02 20:33:32] Player moved to (304, 244)
[2025-06-02 20:33:32] Player moved to (308, 244)
[2025-06-02 20:33:32] Player moved to (312, 244)
[2025-06-02 20:33:32] Player moved to (316, 244)
[2025-06-02 20:33:32] Player moved to (320, 244)
[2025-06-02 20:33:32] Player moved to (324, 244)
[2025-06-02 20:33:32] Player moved to (328, 244)
[2025-06-02 20:33:32] Player moved to (332, 244)
[2025-06-02 20:33:32] Player moved to (336, 244)
[2025-06-02 20:33:32] Player moved to (340, 244)
[2025-06-02 20:33:32] Player moved to (344, 244)
[2025-06-02 20:33:32] Player moved to (348, 244)
[2025-06-02 20:33:32] Player moved to (352, 244)
[2025-06-02 20:33:32] Player moved to (356, 244)
[2025-06-02 20:33:32] Player moved to (360, 244)
[2025-06-02 20:33:32] Player moved to (364, 244)
[2025-06-02 20:33:32] Player moved to (368, 244)
[2025-06-02 20:33:32] Player moved to (372, 244)
[2025-06-02 20:33:32] Player moved to (376, 244)
[2025-06-02 20:33:32] Player moved to (380, 244)
[2025-06-02 20:33:32] Player moved to (384, 244)
[2025-06-02 20:33:32] Player moved to (388, 244)
[2025-06-02 20:33:32] Player moved to (392, 244)
[2025-06-02 20:33:32] Player moved to (396, 244)
[2025-06-02 20:33:32] Player moved to (400, 244)
[2025-06-02 20:33:32] Player moved to (404, 244)
[2025-06-02 20:33:32] Player moved to (408, 244)
[2025-06-02 20:33:32] Player moved to (412, 244)
[2025-06-02 20:33:32] Player moved to (416, 244)
[2025-06-02 20:33:32] Player moved to (420, 244)
[2025-06-02 20:33:32] Player moved to (424, 244)
[2025-06-02 20:33:33] Player moved to (428, 244)
[2025-06-02 20:33:33] Player moved to (432, 244)
[2025-06-02 20:33:33] Player moved to (436, 244)
[2025-06-02 20:33:33] Player moved to (440, 244)
[2025-06-02 20:33:33] Player moved to (444, 244)
[2025-06-02 20:33:33] Player moved to (448, 244)
[2025-06-02 20:33:33] Player moved to (452, 244)
[2025-06-02 20:33:33] Player moved to (456, 244)
[2025-06-02 20:33:33] Player moved to (460, 244)
[2025-06-02 20:33:33] Player moved to (464, 244)
[2025-06-02 20:33:33] Player moved to (468, 244)
[2025-06-02 20:33:33] Player moved to (472, 244)
[2025-06-02 20:33:33] Player moved to (476, 244)
[2025-06-02 20:33:33] Player moved to (480, 244)
[2025-06-02 20:33:33] Player moved to (484, 244)
[2025-06-02 20:33:33] Player moved to (488, 244)
[2025-06-02 20:33:33] Player moved to (492, 244)
[2025-06-02 20:33:33] Player moved to (496, 244)
[2025-06-02 20:33:33] Player moved to (500, 244)
[2025-06-02 20:33:33] Player moved to (504, 244)
[2025-06-02 20:33:33] Player moved to (508, 244)
[2025-06-02 20:33:33] Player moved to (512, 244)
[2025-06-02 20:33:33] Player moved to (516, 244)
[2025-06-02 20:33:33] Player moved to (520, 244)
[2025-06-02 20:33:33] Player moved to (524, 244)
[2025-06-02 20:33:33] Player moved to (528, 244)
[2025-06-02 20:33:33] Player moved to (532, 244)
[2025-06-02 20:33:33] Player moved to (536, 244)
[2025-06-02 20:33:33] Player moved to (540, 244)
[2025-06-02 20:33:33] Player moved to (544, 244)
[2025-06-02 20:33:33] Player moved to (548, 244)
[2025-06-02 20:33:33] Player moved to (552, 244)
[2025-06-02 20:33:33] -ReimuHakurei- shot bullet at (1, 0)
[2025-06-02 20:33:33] Player moved to (548, 244)
[2025-06-02 20:33:33] Player moved to (544, 244)
[2025-06-02 20:33:33] Player moved to (540, 244)
[2025-06-02 20:33:33] Player moved to (536, 244)
[2025-06-02 20:33:33] Player moved to (532, 244)
[2025-06-02 20:33:33] Player moved to (528, 244)
[2025-06-02 20:33:33] Player moved to (524, 244)
[2025-06-02 20:33:33] Player moved to (520, 244)
[2025-06-02 20:33:33] Player moved to (516, 244)
[2025-06-02 20:33:33] Player moved to (512, 244)
[2025-06-02 20:33:33] Player moved to (508, 244)
[2025-06-02 20:33:33] Player moved to (504, 244)
[2025-06-02 20:33:33] Player moved to (500, 244)
[2025-06-02 20:33:33] Player moved to (496, 244)
[2025-06-02 20:33:33] Player moved to (492, 244)
[2025-06-02 20:33:33] Player moved to (488, 244)
[2025-06-02 20:33:33] Player moved to (484, 244)
[2025-06-02 20:33:33] Player moved to (480, 244)
[2025-06-02 20:33:33] Player moved to (476, 244)
[2025-06-02 20:33:33] Player moved to (472, 244)
[2025-06-02 20:33:33] Player moved to (468, 244)
[2025-06-02 20:33:34] Player moved to (464, 244)
[2025-06-02 20:33:34] Player moved to (468, 244)
[2025-06-02 20:33:34] Player moved to (472, 244)
[2025-06-02 20:33:34] Player moved to (476, 244)
[2025-06-02 20:33:34] Player moved to (480, 244)
[2025-06-02 20:33:34] Player moved to (484, 244)
[2025-06-02 20:33:34] Player moved to (488, 244)
[2025-06-02 20:33:34] Player moved to (492, 244)
[2025-06-02 20:33:34] Player moved to (496, 244)
[2025-06-02 20:33:34] Player moved to (500, 244)
[2025-06-02 20:33:34] Player moved to (504, 244)
[2025-06-02 20:33:34] Player moved to (508, 244)
[2025-06-02 20:33:34] Player moved to (512, 244)
[2025-06-02 20:33:34] Player moved to (516, 244)
[2025-06-02 20:33:34] Player moved to (520, 244)
[2025-06-02 20:33:34] Player moved to (524, 244)
[2025-06-02 20:33:34] Player moved to (528, 244)
[2025-06-02 20:33:34] Player moved to (532, 244)
[2025-06-02 20:33:34] Player moved to (536, 244)
[2025-06-02 20:33:34] Player moved to (540, 244)
[2025-06-02 20:33:34] Player moved to (544, 244)
[2025-06-02 20:33:34] Player moved to (548, 244)
[2025-06-02 20:33:34] Player moved to (544, 244)
[2025-06-02 20:33:34] Player moved to (540, 244)
[2025-06-02 20:33:34] Player moved to (536, 244)
[2025-06-02 20:33:34] Player moved to (532, 244)
[2025-06-02 20:33:34] Player moved to (528, 244)
[2025-06-02 20:33:34] Player moved to (524, 244)
[2025-06-02 20:33:34] Player moved to (520, 244)
[2025-06-02 20:33:34] Player moved to (516, 244)
[2025-06-02 20:33:35] Player moved to (520, 244)
[2025-06-02 20:33:35] Player moved to (524, 244)
[2025-06-02 20:33:35] Player moved to (528, 244)
[2025-06-02 20:33:35] Player moved to (532, 244)
[2025-06-02 20:33:35] -ReimuHakurei- shot bullet at (1, 0)
[2025-06-02 20:33:35] Bullet hit enemy!
[2025-06-02 20:33:35] Player moved to (528, 244)
[2025-06-02 20:33:35] Player moved to (524, 244)
[2025-06-02 20:33:35] Player moved to (520, 244)
[2025-06-02 20:33:35] Player moved to (516, 244)
[2025-06-02 20:33:35] Player moved to (512, 244)
[2025-06-02 20:33:35] Player moved to (508, 244)
[2025-06-02 20:33:35] Player moved to (504, 244)
[2025-06-02 20:33:35] Player moved to (500, 244)
[2025-06-02 20:33:35] Player moved to (496, 244)
[2025-06-02 20:33:35] Player moved to (492, 244)
[2025-06-02 20:33:35] Player moved to (488, 248)
[2025-06-02 20:33:35] Player moved to (484, 252)
[2025-06-02 20:33:35] Player moved to (480, 256)
[2025-06-02 20:33:35] Player moved to (476, 260)
[2025-06-02 20:33:35] Player moved to (476, 264)
[2025-06-02 20:33:35] Player moved to (476, 268)
[2025-06-02 20:33:35] Player moved to (476, 272)
[2025-06-02 20:33:35] Player moved to (476, 276)
[2025-06-02 20:33:35] Player moved to (476, 280)
[2025-06-02 20:33:35] Player moved to (476, 284)
[2025-06-02 20:33:35] Player moved to (476, 288)
[2025-06-02 20:33:35] Player moved to (476, 292)
[2025-06-02 20:33:35] Player moved to (476, 296)
[2025-06-02 20:33:35] Player moved to (476, 300)
[2025-06-02 20:33:35] Player moved to (476, 304)
[2025-06-02 20:33:35] Player moved to (476, 308)
[2025-06-02 20:33:35] Player moved to (476, 312)
[2025-06-02 20:33:35] Player moved to (476, 316)
[2025-06-02 20:33:35] Player moved to (476, 320)
[2025-06-02 20:33:35] Player moved to (476, 324)
[2025-06-02 20:33:35] Player moved to (476, 328)
[2025-06-02 20:33:35] Player moved to (476, 332)
[2025-06-02 20:33:35] Player moved to (476, 336)
[2025-06-02 20:33:35] Player moved to (476, 340)
[2025-06-02 20:33:35] Player moved to (476, 344)
[2025-06-02 20:33:35] Player moved to (476, 348)
[2025-06-02 20:33:35] Player moved to (476, 352)
[2025-06-02 20:33:35] Player moved to (472, 356)
[2025-06-02 20:33:35] Player moved to (468, 360)
[2025-06-02 20:33:36] Player moved to (464, 364)
[2025-06-02 20:33:36] Player moved to (460, 368)
[2025-06-02 20:33:36] Player moved to (456, 372)
[2025-06-02 20:33:36] Player moved to (452, 376)
[2025-06-02 20:33:36] Player moved to (448, 380)
[2025-06-02 20:33:36] Player moved to (444, 384)
[2025-06-02 20:33:36] Player moved to (440, 388)
[2025-06-02 20:33:36] Player moved to (436, 392)
[2025-06-02 20:33:36] Player moved to (432, 396)
[2025-06-02 20:33:36] Player moved to (428, 396)
[2025-06-02 20:33:36] Player moved to (424, 396)
[2025-06-02 20:33:36] Player moved to (420, 396)
[2025-06-02 20:33:36] Player moved to (416, 396)
[2025-06-02 20:33:36] Player moved to (412, 396)
[2025-06-02 20:33:36] Player moved to (408, 396)
[2025-06-02 20:33:36] Player moved to (404, 396)
[2025-06-02 20:33:36] Player moved to (400, 396)
[2025-06-02 20:33:36] -ReimuHakurei- shot bullet at (-1, 0)
[2025-06-02 20:33:36] Player moved to (396, 396)
[2025-06-02 20:33:36] Player moved to (392, 396)
[2025-06-02 20:33:36] Player moved to (388, 396)
[2025-06-02 20:33:36] Player moved to (384, 396)
[2025-06-02 20:33:36] Player moved to (380, 396)
[2025-06-02 20:33:36] Player moved to (376, 396)
[2025-06-02 20:33:36] Player moved to (372, 396)
[2025-06-02 20:33:36] Player moved to (368, 396)
[2025-06-02 20:33:36] Player moved to (364, 396)
[2025-06-02 20:33:36] Player moved to (360, 396)
[2025-06-02 20:33:36] Player moved to (356, 396)
[2025-06-02 20:33:36] Player moved to (352, 396)
[2025-06-02 20:33:36] Player moved to (348, 396)
[2025-06-02 20:33:36] Player moved to (344, 396)
[2025-06-02 20:33:36] Player moved to (340, 396)
[2025-06-02 20:33:36] Player moved to (336, 396)
[2025-06-02 20:33:36] Player moved to (332, 396)
[2025-06-02 20:33:36] Player moved to (328, 396)
[2025-06-02 20:33:36] Player moved to (324, 396)
[2025-06-02 20:33:36] Player moved to (320, 396)
[2025-06-02 20:33:36] Player moved to (316, 396)
[2025-06-02 20:33:36] Player moved to (312, 396)
[2025-06-02 20:33:36] Player moved to (308, 396)
[2025-06-02 20:33:36] Bullet hit enemy!
[2025-06-02 20:33:36] Player moved to (312, 396)
[2025-06-02 20:33:36] Player moved to (316, 396)
[2025-06-02 20:33:36] Player moved to (320, 396)
[2025-06-02 20:33:36] Player moved to (324, 396)
[2025-06-02 20:33:36] Player moved to (328, 396)
[2025-06-02 20:33:36] Player moved to (332, 396)
[2025-06-02 20:33:36] Player moved to (336, 396)
[2025-06-02 20:33:36] Player moved to (340, 396)
[2025-06-02 20:33:36] Player moved to (344, 396)
[2025-06-02 20:33:36] Player moved to (348, 396)
[2025-06-02 20:33:36] Player moved to (352, 396)
[2025-06-02 20:33:36] Player moved to (356, 396)
[2025-06-02 20:33:36] Player moved to (360, 396)
[2025-06-02 20:33:36] Player moved to (364, 396)
[2025-06-02 20:33:36] Player moved to (368, 396)
[2025-06-02 20:33:36] Player moved to (372, 396)
[2025-06-02 20:33:36] Player moved to (376, 396)
[2025-06-02 20:33:37] Player moved to (380, 396)
[2025-06-02 20:33:37] Player moved to (384, 396)
[2025-06-02 20:33:37] Player moved to (388, 396)
[2025-06-02 20:33:37] Player moved to (392, 392)
[2025-06-02 20:33:37] Player moved to (396, 388)
[2025-06-02 20:33:37] Player moved to (400, 384)
[2025-06-02 20:33:37] Player moved to (404, 380)
[2025-06-02 20:33:37] Player moved to (408, 376)
[2025-06-02 20:33:37] Player moved to (412, 372)
[2025-06-02 20:33:37] Player moved to (412, 368)
[2025-06-02 20:33:37] Player moved to (412, 364)
[2025-06-02 20:33:37] Player moved to (412, 360)
[2025-06-02 20:33:37] Player moved to (412, 356)
[2025-06-02 20:33:37] Player moved to (412, 352)
[2025-06-02 20:33:37] Player moved to (412, 348)
[2025-06-02 20:33:37] Player moved to (412, 344)
[2025-06-02 20:33:37] Player moved to (412, 340)
[2025-06-02 20:33:37] Player moved to (412, 336)
[2025-06-02 20:33:37] Player moved to (408, 332)
[2025-06-02 20:33:37] Player moved to (404, 328)
[2025-06-02 20:33:37] Player moved to (400, 324)
[2025-06-02 20:33:37] Player moved to (396, 320)
[2025-06-02 20:33:37] Player moved to (392, 316)
[2025-06-02 20:33:37] Player moved to (388, 312)
[2025-06-02 20:33:37] Player moved to (384, 308)
[2025-06-02 20:33:37] Player moved to (380, 304)
[2025-06-02 20:33:37] Player moved to (376, 300)
[2025-06-02 20:33:37] Player moved to (372, 296)
[2025-06-02 20:33:37] Player moved to (372, 292)
[2025-06-02 20:33:37] Player moved to (372, 288)
[2025-06-02 20:33:37] Player moved to (376, 284)
[2025-06-02 20:33:37] Player moved to (380, 280)
[2025-06-02 20:33:37] Player moved to (384, 276)
[2025-06-02 20:33:37] Player moved to (388, 272)
[2025-06-02 20:33:37] Player moved to (392, 268)
[2025-06-02 20:33:37] Player moved to (396, 264)
[2025-06-02 20:33:37] Player moved to (400, 260)
[2025-06-02 20:33:37] Player moved to (404, 256)
[2025-06-02 20:33:37] Player moved to (408, 252)
[2025-06-02 20:33:37] Player moved to (404, 248)
[2025-06-02 20:33:37] Player moved to (400, 244)
[2025-06-02 20:33:37] Player moved to (396, 240)
[2025-06-02 20:33:37] Player moved to (392, 236)
[2025-06-02 20:33:37] Player moved to (388, 232)
[2025-06-02 20:33:37] Player moved to (384, 228)
[2025-06-02 20:33:37] Player moved to (380, 224)
[2025-06-02 20:33:37] Player moved to (376, 224)
[2025-06-02 20:33:37] Player moved to (372, 224)
[2025-06-02 20:33:37] Player moved to (368, 224)
[2025-06-02 20:33:37] Player moved to (364, 224)
[2025-06-02 20:33:37] Player moved to (360, 224)
[2025-06-02 20:33:37] Player moved to (356, 224)
[2025-06-02 20:33:37] Player moved to (356, 228)
[2025-06-02 20:33:37] Player moved to (356, 232)
[2025-06-02 20:33:37] Player moved to (360, 236)
[2025-06-02 20:33:37] Player moved to (364, 240)
[2025-06-02 20:33:37] Player moved to (368, 244)
[2025-06-02 20:33:37] Player moved to (372, 244)
[2025-06-02 20:33:37] Player moved to (376, 244)
[2025-06-02 20:33:38] Player moved to (380, 244)
[2025-06-02 20:33:38] Player moved to (384, 244)
[2025-06-02 20:33:38] Player moved to (388, 244)
[2025-06-02 20:33:38] Player moved to (392, 244)
[2025-06-02 20:33:38] Player moved to (396, 244)
[2025-06-02 20:33:38] Player moved to (400, 240)
[2025-06-02 20:33:38] Player moved to (404, 236)
[2025-06-02 20:33:38] Player moved to (408, 232)
[2025-06-02 20:33:38] Player moved to (412, 228)
[2025-06-02 20:33:38] Player moved to (412, 224)
[2025-06-02 20:33:38] Player moved to (412, 220)
[2025-06-02 20:33:38] Player moved to (412, 216)
[2025-06-02 20:33:38] Player moved to (408, 212)
[2025-06-02 20:33:38] Player moved to (404, 208)
[2025-06-02 20:33:38] Player moved to (400, 204)
[2025-06-02 20:33:38] Player moved to (396, 204)
[2025-06-02 20:33:38] Player moved to (392, 204)
[2025-06-02 20:33:38] Player moved to (388, 204)
[2025-06-02 20:33:38] Player moved to (384, 204)
[2025-06-02 20:33:38] Player moved to (380, 204)
[2025-06-02 20:33:38] Player moved to (376, 208)
[2025-06-02 20:33:38] Player moved to (372, 212)
[2025-06-02 20:33:38] Player moved to (368, 216)
[2025-06-02 20:33:38] Player moved to (364, 220)
[2025-06-02 20:33:38] Player moved to (364, 224)
[2025-06-02 20:33:38] Player moved to (364, 228)
[2025-06-02 20:33:38] Player moved to (364, 232)
[2025-06-02 20:33:38] Player moved to (368, 236)
[2025-06-02 20:33:38] Player moved to (372, 240)
[2025-06-02 20:33:38] Player moved to (376, 244)
[2025-06-02 20:33:38] Player moved to (380, 244)
[2025-06-02 20:33:38] Player moved to (384, 244)
[2025-06-02 20:33:38] Player moved to (388, 244)
[2025-06-02 20:33:38] Player moved to (392, 244)
[2025-06-02 20:33:38] Player moved to (396, 240)
[2025-06-02 20:33:38] Player moved to (400, 236)
[2025-06-02 20:33:38] Player moved to (404, 232)
[2025-06-02 20:33:38] Player moved to (408, 228)
[2025-06-02 20:33:38] Player moved to (408, 224)
[2025-06-02 20:33:38] Player moved to (408, 220)
[2025-06-02 20:33:38] Player moved to (408, 216)
[2025-06-02 20:33:38] Player moved to (408, 212)
[2025-06-02 20:33:38] Player moved to (404, 208)
[2025-06-02 20:33:38] Player moved to (400, 204)
[2025-06-02 20:33:38] Player moved to (396, 204)
[2025-06-02 20:33:38] Player moved to (392, 204)
[2025-06-02 20:33:38] Player moved to (388, 204)
[2025-06-02 20:33:38] Player moved to (384, 204)
[2025-06-02 20:33:38] Player moved to (380, 204)
[2025-06-02 20:33:38] Player moved to (376, 204)
[2025-06-02 20:33:38] Player moved to (372, 204)
[2025-06-02 20:33:38] Player moved to (368, 208)
[2025-06-02 20:33:38] Player moved to (364, 212)
[2025-06-02 20:33:38] Player moved to (364, 216)
[2025-06-02 20:33:38] Player moved to (364, 220)
[2025-06-02 20:33:38] Player moved to (368, 224)
[2025-06-02 20:33:38] Player moved to (372, 228)
[2025-06-02 20:33:38] Player moved to (376, 232)
[2025-06-02 20:33:38] Player moved to (380, 232)
[2025-06-02 20:33:38] Player moved to (384, 232)
[2025-06-02 20:33:39] Player moved to (388, 232)
[2025-06-02 20:33:39] Player moved to (392, 232)
[2025-06-02 20:33:39] Player moved to (396, 232)
[2025-06-02 20:33:39] Player moved to (396, 228)
[2025-06-02 20:33:39] Player moved to (396, 224)
[2025-06-02 20:33:39] Player moved to (396, 220)
[2025-06-02 20:33:39] Player moved to (392, 216)
[2025-06-02 20:33:39] Player moved to (388, 212)
[2025-06-02 20:33:39] Player moved to (384, 208)
[2025-06-02 20:33:39] Player moved to (380, 204)
[2025-06-02 20:33:39] Player moved to (376, 204)
[2025-06-02 20:33:39] Player moved to (372, 204)
[2025-06-02 20:33:39] Player moved to (368, 204)
[2025-06-02 20:33:39] Player moved to (364, 204)
[2025-06-02 20:33:39] Player moved to (360, 204)
[2025-06-02 20:33:39] Player moved to (356, 204)
[2025-06-02 20:33:39] Player moved to (352, 204)
[2025-06-02 20:33:39] Player moved to (348, 204)
[2025-06-02 20:33:39] Player moved to (344, 204)
[2025-06-02 20:33:39] Player moved to (340, 204)
[2025-06-02 20:33:42] -ReimuHakurei- has left the game
[2025-06-02 20:33:58] -ReimuHakurei- has joined the game!
[2025-06-02 20:34:00] Player started the game from menu
[2025-06-02 20:34:01] Player moved to (104, 100)
[2025-06-02 20:34:01] Player moved to (108, 100)
[2025-06-02 20:34:01] Player moved to (112, 100)
[2025-06-02 20:34:01] Player moved to (116, 100)
[2025-06-02 20:34:01] Player moved to (120, 100)
[2025-06-02 20:34:01] Player moved to (124, 100)
[2025-06-02 20:34:01] Player moved to (128, 100)
[2025-06-02 20:34:01] Player moved to (132, 100)
[2025-06-02 20:34:01] Player moved to (136, 100)
[2025-06-02 20:34:01] Player moved to (140, 100)
[2025-06-02 20:34:01] Player moved to (144, 100)
[2025-06-02 20:34:01] Player moved to (148, 100)
[2025-06-02 20:34:01] Player moved to (152, 100)
[2025-06-02 20:34:01] Player moved to (156, 100)
[2025-06-02 20:34:01] Player moved to (160, 100)
[2025-06-02 20:34:01] Player moved to (164, 100)
[2025-06-02 20:34:01] Player moved to (168, 100)
[2025-06-02 20:34:01] Player moved to (172, 100)
[2025-06-02 20:34:01] Player moved to (176, 100)
[2025-06-02 20:34:01] Player moved to (180, 100)
[2025-06-02 20:34:01] Player moved to (184, 100)
[2025-06-02 20:34:01] Player moved to (188, 100)
[2025-06-02 20:34:01] Player moved to (192, 100)
[2025-06-02 20:34:01] Player moved to (196, 104)
[2025-06-02 20:34:01] Player moved to (200, 108)
[2025-06-02 20:34:01] Player moved to (200, 112)
[2025-06-02 20:34:01] Player moved to (200, 116)
[2025-06-02 20:34:01] Player moved to (200, 120)
[2025-06-02 20:34:01] Player moved to (200, 124)
[2025-06-02 20:34:01] Player moved to (200, 128)
[2025-06-02 20:34:01] Player moved to (200, 132)
[2025-06-02 20:34:01] Player moved to (200, 136)
[2025-06-02 20:34:01] Player moved to (200, 140)
[2025-06-02 20:34:01] Player moved to (200, 144)
[2025-06-02 20:34:01] Player moved to (200, 148)
[2025-06-02 20:34:01] Player moved to (200, 152)
[2025-06-02 20:34:01] Player moved to (196, 156)
[2025-06-02 20:34:01] Player moved to (192, 160)
[2025-06-02 20:34:01] Player moved to (188, 164)
[2025-06-02 20:34:01] Player moved to (184, 168)
[2025-06-02 20:34:01] Player moved to (180, 172)
[2025-06-02 20:34:01] Player moved to (176, 176)
[2025-06-02 20:34:01] Player moved to (172, 180)
[2025-06-02 20:34:01] Player moved to (168, 184)
[2025-06-02 20:34:01] Player moved to (168, 188)
[2025-06-02 20:34:02] Player moved to (168, 192)
[2025-06-02 20:34:02] Player moved to (168, 196)
[2025-06-02 20:34:02] Player moved to (168, 200)
[2025-06-02 20:34:02] Player moved to (168, 204)
[2025-06-02 20:34:02] Player moved to (168, 208)
[2025-06-02 20:34:02] Player moved to (168, 212)
[2025-06-02 20:34:02] Player moved to (168, 216)
[2025-06-02 20:34:02] Player moved to (168, 220)
[2025-06-02 20:34:02] Player moved to (168, 224)
[2025-06-02 20:34:02] Player moved to (168, 228)
[2025-06-02 20:34:02] Player moved to (168, 232)
[2025-06-02 20:34:02] Player moved to (168, 236)
[2025-06-02 20:34:02] Player moved to (168, 240)
[2025-06-02 20:34:02] Player moved to (168, 244)
[2025-06-02 20:34:02] Player moved to (168, 248)
[2025-06-02 20:34:02] Player moved to (168, 252)
[2025-06-02 20:34:02] Player moved to (168, 256)
[2025-06-02 20:34:02] Player moved to (168, 260)
[2025-06-02 20:34:02] Player moved to (168, 264)
[2025-06-02 20:34:02] Player moved to (172, 268)
[2025-06-02 20:34:02] Player moved to (176, 272)
[2025-06-02 20:34:02] Player moved to (180, 276)
[2025-06-02 20:34:02] Player moved to (184, 280)
[2025-06-02 20:34:02] Player moved to (188, 284)
[2025-06-02 20:34:02] Player moved to (192, 288)
[2025-06-02 20:34:02] Player moved to (196, 292)
[2025-06-02 20:34:02] Player moved to (200, 296)
[2025-06-02 20:34:02] Player moved to (204, 300)
[2025-06-02 20:34:02] Player moved to (208, 304)
[2025-06-02 20:34:02] Player moved to (212, 308)
[2025-06-02 20:34:02] Player moved to (216, 312)
[2025-06-02 20:34:02] Player moved to (220, 316)
[2025-06-02 20:34:02] Player moved to (224, 316)
[2025-06-02 20:34:02] Player moved to (228, 316)
[2025-06-02 20:34:02] Player moved to (232, 316)
[2025-06-02 20:34:02] Player moved to (236, 316)
[2025-06-02 20:34:02] Player moved to (240, 316)
[2025-06-02 20:34:02] Player moved to (244, 316)
[2025-06-02 20:34:02] Player moved to (248, 316)
[2025-06-02 20:34:02] Player moved to (252, 316)
[2025-06-02 20:34:02] Player moved to (256, 316)
[2025-06-02 20:34:02] Player moved to (260, 316)
[2025-06-02 20:34:02] Player hit an obstacle!
[2025-06-02 20:34:02] Player hit an obstacle!
[2025-06-02 20:34:02] Player hit an obstacle!
[2025-06-02 20:34:02] Player hit an obstacle!
[2025-06-02 20:34:02] Player hit an obstacle!
[2025-06-02 20:34:02] Player hit an obstacle!
[2025-06-02 20:34:02] Player hit an obstacle!
[2025-06-02 20:34:02] Player hit an obstacle!
[2025-06-02 20:34:02] Player hit an obstacle!
[2025-06-02 20:34:02] Player hit an obstacle!
[2025-06-02 20:34:02] Player hit an obstacle!
[2025-06-02 20:34:02] Player hit an obstacle!
[2025-06-02 20:34:02] Player hit an obstacle!
[2025-06-02 20:34:02] Player hit an obstacle!
[2025-06-02 20:34:02] Player hit an obstacle!
[2025-06-02 20:34:02] Player hit an obstacle!
[2025-06-02 20:34:02] Player hit an obstacle!
[2025-06-02 20:34:02] Player hit an obstacle!
[2025-06-02 20:34:02] Player hit an obstacle!
[2025-06-02 20:34:03] Player hit an obstacle!
[2025-06-02 20:34:03] Player hit an obstacle!
[2025-06-02 20:34:03] Player hit an obstacle!
[2025-06-02 20:34:03] Player hit an obstacle!
[2025-06-02 20:34:03] Player hit an obstacle!
[2025-06-02 20:34:03] Player hit an obstacle!
[2025-06-02 20:34:03] Player hit an obstacle!
[2025-06-02 20:34:03] Player hit an obstacle!
[2025-06-02 20:34:03] Player hit an obstacle!
[2025-06-02 20:34:03] Player hit an obstacle!
[2025-06-02 20:34:03] Player hit an obstacle!
[2025-06-02 20:34:03] Player hit an obstacle!
[2025-06-02 20:34:03] Player hit an obstacle!
[2025-06-02 20:34:03] Player hit an obstacle!
[2025-06-02 20:34:03] Player hit an obstacle!
[2025-06-02 20:34:03] Player hit an obstacle!
[2025-06-02 20:34:03] Player hit an obstacle!
[2025-06-02 20:34:03] Player hit an obstacle!
[2025-06-02 20:34:03] Player hit an obstacle!
[2025-06-02 20:34:03] Player hit an obstacle!
[2025-06-02 20:34:03] Player hit an obstacle!
[2025-06-02 20:34:04] -ReimuHakurei- has left the game
[2025-06-02 20:42:40] -ReimuHakurei- has joined the game!
[2025-06-02 20:42:40] [2025-06-02 20:42:40] An Error in Game has been Occurred! Exception Traceback: 
Traceback (most recent call last):
  File "c:\Users\user\Desktop\programs\waaa\Battle-City-Remake\battle_city_remake\game.py", line 48, in <module>
    game()
    ~~~~^^
  File "c:\Users\user\Desktop\programs\waaa\Battle-City-Remake\battle_city_remake\game.py", line 27, in game
    curr_scene.handle_event(e)
    ~~~~~~~~~~~~~~~~~~~~~~~^^^
  File "c:\Users\user\Desktop\programs\waaa\Battle-City-Remake\battle_city_remake\scenes\menu_scene.py", line 15, in handle_event
    from scenes.game_scene import GameScene
  File "c:\Users\user\Desktop\programs\waaa\Battle-City-Remake\battle_city_remake\scenes\game_scene.py", line 3, in <module>
    from entities.player import Player
  File "c:\Users\user\Desktop\programs\waaa\Battle-City-Remake\battle_city_remake\entities\player.py", line 2, in <module>
    from config import PLAYER_COLOR, PLAYER_SPEED, PLAYER_SIZE, LEFT
ImportError: cannot import name 'LEFT' from 'config' (c:\Users\user\Desktop\programs\waaa\Battle-City-Remake\battle_city_remake\config.py)
 
    
-ReimuHakurei- has left the game.
[2025-06-02 20:42:54] -ReimuHakurei- has joined the game!
[2025-06-02 20:42:57] Player started the game from menu
[2025-06-02 20:42:59] Player moved to (100, 104)
[2025-06-02 20:42:59] Player moved to (100, 108)
[2025-06-02 20:42:59] Player moved to (100, 112)
[2025-06-02 20:42:59] Player moved to (100, 116)
[2025-06-02 20:42:59] Player moved to (100, 120)
[2025-06-02 20:42:59] Player moved to (100, 124)
[2025-06-02 20:42:59] Player moved to (100, 128)
[2025-06-02 20:42:59] Player moved to (100, 132)
[2025-06-02 20:42:59] Player moved to (100, 136)
[2025-06-02 20:42:59] Player moved to (100, 140)
[2025-06-02 20:42:59] Player moved to (100, 144)
[2025-06-02 20:42:59] Player moved to (100, 148)
[2025-06-02 20:42:59] Player moved to (100, 152)
[2025-06-02 20:42:59] Player moved to (100, 156)
[2025-06-02 20:42:59] Player moved to (100, 160)
[2025-06-02 20:42:59] Player moved to (100, 164)
[2025-06-02 20:42:59] Player moved to (100, 168)
[2025-06-02 20:42:59] Player moved to (100, 172)
[2025-06-02 20:42:59] Player moved to (104, 176)
[2025-06-02 20:42:59] Player moved to (108, 180)
[2025-06-02 20:42:59] Player moved to (112, 184)
[2025-06-02 20:42:59] Player moved to (116, 184)
[2025-06-02 20:42:59] Player moved to (120, 184)
[2025-06-02 20:42:59] Player moved to (124, 184)
[2025-06-02 20:42:59] Player moved to (128, 184)
[2025-06-02 20:42:59] Player moved to (132, 184)
[2025-06-02 20:42:59] Player moved to (136, 184)
[2025-06-02 20:42:59] Player moved to (140, 184)
[2025-06-02 20:43:00] Player moved to (144, 184)
[2025-06-02 20:43:00] Player moved to (148, 184)
[2025-06-02 20:43:00] Player moved to (152, 184)
[2025-06-02 20:43:00] Player moved to (156, 184)
[2025-06-02 20:43:00] Player moved to (160, 184)
[2025-06-02 20:43:00] Player moved to (164, 184)
[2025-06-02 20:43:00] Player moved to (168, 184)
[2025-06-02 20:43:00] Player moved to (172, 184)
[2025-06-02 20:43:00] Player moved to (176, 188)
[2025-06-02 20:43:00] Player moved to (180, 192)
[2025-06-02 20:43:00] Player moved to (184, 196)
[2025-06-02 20:43:00] Player moved to (188, 200)
[2025-06-02 20:43:00] Player moved to (192, 204)
[2025-06-02 20:43:00] Player moved to (196, 208)
[2025-06-02 20:43:00] Player moved to (200, 212)
[2025-06-02 20:43:00] Player moved to (204, 216)
[2025-06-02 20:43:00] Player moved to (208, 220)
[2025-06-02 20:43:00] Player moved to (212, 220)
[2025-06-02 20:43:00] Player moved to (216, 220)
[2025-06-02 20:43:00] Player moved to (220, 220)
[2025-06-02 20:43:00] Player moved to (224, 220)
[2025-06-02 20:43:00] Player moved to (228, 220)
[2025-06-02 20:43:00] Player moved to (232, 224)
[2025-06-02 20:43:00] Player moved to (236, 228)
[2025-06-02 20:43:00] Player moved to (240, 232)
[2025-06-02 20:43:00] Player moved to (244, 236)
[2025-06-02 20:43:00] Player moved to (248, 240)
[2025-06-02 20:43:00] Player moved to (252, 244)
[2025-06-02 20:43:00] Player moved to (256, 248)
[2025-06-02 20:43:00] Player moved to (260, 252)
[2025-06-02 20:43:00] Player moved to (264, 256)
[2025-06-02 20:43:00] Player moved to (268, 260)
[2025-06-02 20:43:00] Player hit an obstacle!
[2025-06-02 20:43:00] Player hit an obstacle!
[2025-06-02 20:43:00] Player moved to (272, 260)
[2025-06-02 20:43:00] Player moved to (276, 260)
[2025-06-02 20:43:00] Player moved to (280, 260)
[2025-06-02 20:43:00] Player moved to (284, 260)
[2025-06-02 20:43:00] Player moved to (288, 260)
[2025-06-02 20:43:00] Player moved to (292, 260)
[2025-06-02 20:43:00] Player moved to (296, 260)
[2025-06-02 20:43:00] Player moved to (300, 260)
[2025-06-02 20:43:00] Player moved to (304, 260)
[2025-06-02 20:43:00] Player moved to (308, 260)
[2025-06-02 20:43:00] Player moved to (312, 260)
[2025-06-02 20:43:00] Player moved to (316, 260)
[2025-06-02 20:43:00] Player moved to (320, 260)
[2025-06-02 20:43:00] Player moved to (324, 260)
[2025-06-02 20:43:00] Player moved to (328, 260)
[2025-06-02 20:43:00] Player moved to (332, 260)
[2025-06-02 20:43:00] Player moved to (336, 260)
[2025-06-02 20:43:00] Player moved to (340, 260)
[2025-06-02 20:43:00] Player moved to (344, 264)
[2025-06-02 20:43:00] Player moved to (348, 268)
[2025-06-02 20:43:00] Player moved to (352, 272)
[2025-06-02 20:43:00] Player moved to (356, 276)
[2025-06-02 20:43:00] Player moved to (360, 280)
[2025-06-02 20:43:00] Player moved to (364, 284)
[2025-06-02 20:43:00] Player moved to (368, 288)
[2025-06-02 20:43:00] Player moved to (372, 292)
[2025-06-02 20:43:01] Player moved to (376, 296)
[2025-06-02 20:43:01] Player moved to (380, 300)
[2025-06-02 20:43:01] Player moved to (384, 304)
[2025-06-02 20:43:01] Player moved to (388, 308)
[2025-06-02 20:43:01] Player moved to (392, 312)
[2025-06-02 20:43:01] Player moved to (396, 316)
[2025-06-02 20:43:01] Player moved to (400, 320)
[2025-06-02 20:43:01] Player moved to (404, 324)
[2025-06-02 20:43:01] Player moved to (408, 328)
[2025-06-02 20:43:01] Player moved to (412, 332)
[2025-06-02 20:43:01] Player moved to (416, 336)
[2025-06-02 20:43:01] Player moved to (420, 340)
[2025-06-02 20:43:01] Player moved to (424, 344)
[2025-06-02 20:43:01] Player moved to (428, 348)
[2025-06-02 20:43:01] Player moved to (432, 352)
[2025-06-02 20:43:01] Player moved to (436, 356)
[2025-06-02 20:43:01] Player moved to (440, 360)
[2025-06-02 20:43:01] Player moved to (444, 360)
[2025-06-02 20:43:01] Player moved to (448, 360)
[2025-06-02 20:43:01] Player moved to (452, 360)
[2025-06-02 20:43:01] Player moved to (456, 360)
[2025-06-02 20:43:01] Player moved to (460, 360)
[2025-06-02 20:43:01] Player moved to (464, 360)
[2025-06-02 20:43:01] Player moved to (468, 360)
[2025-06-02 20:43:01] Player moved to (472, 360)
[2025-06-02 20:43:02] Player moved to (468, 360)
[2025-06-02 20:43:02] Player moved to (464, 360)
[2025-06-02 20:43:02] Player moved to (460, 360)
[2025-06-02 20:43:02] Player moved to (456, 360)
[2025-06-02 20:43:02] Player moved to (452, 360)
[2025-06-02 20:43:02] Player moved to (448, 360)
[2025-06-02 20:43:02] Player moved to (444, 360)
[2025-06-02 20:43:02] Player moved to (440, 360)
[2025-06-02 20:43:02] Player moved to (436, 360)
[2025-06-02 20:43:02] Player moved to (432, 360)
[2025-06-02 20:43:02] Player moved to (428, 360)
[2025-06-02 20:43:02] Player moved to (424, 360)
[2025-06-02 20:43:02] Player moved to (420, 360)
[2025-06-02 20:43:02] Player moved to (420, 364)
[2025-06-02 20:43:02] Player moved to (420, 368)
[2025-06-02 20:43:02] Player moved to (420, 372)
[2025-06-02 20:43:02] Player moved to (420, 376)
[2025-06-02 20:43:02] Player moved to (420, 380)
[2025-06-02 20:43:02] Player moved to (420, 384)
[2025-06-02 20:43:02] Player moved to (420, 388)
[2025-06-02 20:43:02] Player moved to (420, 392)
[2025-06-02 20:43:02] Player moved to (424, 396)
[2025-06-02 20:43:02] Player moved to (428, 400)
[2025-06-02 20:43:02] Player moved to (432, 404)
[2025-06-02 20:43:02] -ReimuHakurei- hit by enemy! Health: 2
[2025-06-02 20:43:02] Player moved to (104, 100)
[2025-06-02 20:43:02] Player moved to (108, 100)
[2025-06-02 20:43:02] Player moved to (112, 100)
[2025-06-02 20:43:02] Player moved to (116, 100)
[2025-06-02 20:43:02] Player moved to (120, 100)
[2025-06-02 20:43:02] Player moved to (124, 100)
[2025-06-02 20:43:02] Player moved to (128, 100)
[2025-06-02 20:43:02] Player moved to (132, 100)
[2025-06-02 20:43:02] Player moved to (128, 100)
[2025-06-02 20:43:02] Player moved to (124, 100)
[2025-06-02 20:43:02] Player moved to (120, 100)
[2025-06-02 20:43:02] Player moved to (116, 100)
[2025-06-02 20:43:02] Player moved to (112, 100)
[2025-06-02 20:43:02] Player moved to (108, 100)
[2025-06-02 20:43:02] Player moved to (104, 100)
[2025-06-02 20:43:02] Player moved to (100, 100)
[2025-06-02 20:43:02] Player moved to (96, 100)
[2025-06-02 20:43:03] Player moved to (92, 100)
[2025-06-02 20:43:03] Player moved to (88, 104)
[2025-06-02 20:43:03] Player moved to (84, 108)
[2025-06-02 20:43:03] Player moved to (80, 112)
[2025-06-02 20:43:03] Player moved to (80, 116)
[2025-06-02 20:43:03] Player moved to (80, 120)
[2025-06-02 20:43:03] Player moved to (80, 124)
[2025-06-02 20:43:03] Player moved to (80, 128)
[2025-06-02 20:43:03] Player moved to (80, 132)
[2025-06-02 20:43:03] Player moved to (80, 136)
[2025-06-02 20:43:03] Player moved to (80, 140)
[2025-06-02 20:43:03] Player moved to (80, 144)
[2025-06-02 20:43:03] Player moved to (80, 148)
[2025-06-02 20:43:03] Player moved to (80, 152)
[2025-06-02 20:43:03] Player moved to (80, 156)
[2025-06-02 20:43:03] Player moved to (80, 160)
[2025-06-02 20:43:03] Player moved to (80, 164)
[2025-06-02 20:43:03] Player moved to (80, 168)
[2025-06-02 20:43:03] Player moved to (80, 172)
[2025-06-02 20:43:03] Player moved to (80, 176)
[2025-06-02 20:43:03] Player moved to (80, 180)
[2025-06-02 20:43:03] Player moved to (80, 184)
[2025-06-02 20:43:03] Player moved to (80, 188)
[2025-06-02 20:43:03] Player moved to (80, 192)
[2025-06-02 20:43:03] Player moved to (80, 196)
[2025-06-02 20:43:03] Player moved to (80, 200)
[2025-06-02 20:43:03] Player moved to (80, 204)
[2025-06-02 20:43:03] Player moved to (80, 208)
[2025-06-02 20:43:03] Player moved to (80, 212)
[2025-06-02 20:43:03] Player moved to (80, 216)
[2025-06-02 20:43:03] Player moved to (80, 220)
[2025-06-02 20:43:03] Player moved to (80, 224)
[2025-06-02 20:43:03] Player moved to (80, 228)
[2025-06-02 20:43:03] Player moved to (80, 232)
[2025-06-02 20:43:03] Player moved to (80, 236)
[2025-06-02 20:43:03] Player moved to (80, 240)
[2025-06-02 20:43:03] Player moved to (80, 244)
[2025-06-02 20:43:03] Player moved to (80, 248)
[2025-06-02 20:43:03] Player moved to (80, 252)
[2025-06-02 20:43:03] Player moved to (80, 256)
[2025-06-02 20:43:03] Player moved to (80, 260)
[2025-06-02 20:43:03] Player moved to (80, 264)
[2025-06-02 20:43:03] Player moved to (80, 268)
[2025-06-02 20:43:03] Player moved to (80, 272)
[2025-06-02 20:43:03] Player moved to (80, 276)
[2025-06-02 20:43:03] Player moved to (80, 280)
[2025-06-02 20:43:03] Player moved to (80, 284)
[2025-06-02 20:43:03] Player moved to (80, 288)
[2025-06-02 20:43:03] Player moved to (80, 292)
[2025-06-02 20:43:03] Player moved to (80, 296)
[2025-06-02 20:43:03] Player moved to (80, 300)
[2025-06-02 20:43:03] Player moved to (80, 304)
[2025-06-02 20:43:03] Player moved to (80, 308)
[2025-06-02 20:43:03] Player moved to (80, 312)
[2025-06-02 20:43:03] Player moved to (80, 316)
[2025-06-02 20:43:03] Player moved to (80, 320)
[2025-06-02 20:43:03] Player moved to (80, 324)
[2025-06-02 20:43:03] Player moved to (80, 328)
[2025-06-02 20:43:03] Player moved to (80, 332)
[2025-06-02 20:43:03] Player moved to (80, 336)
[2025-06-02 20:43:04] Player moved to (80, 340)
[2025-06-02 20:43:04] Player moved to (80, 344)
[2025-06-02 20:43:04] Player moved to (80, 348)
[2025-06-02 20:43:04] Player moved to (80, 352)
[2025-06-02 20:43:04] Player moved to (80, 356)
[2025-06-02 20:43:04] Player moved to (80, 352)
[2025-06-02 20:43:04] Player moved to (80, 348)
[2025-06-02 20:43:04] Player moved to (80, 344)
[2025-06-02 20:43:04] Player moved to (80, 340)
[2025-06-02 20:43:04] Player moved to (80, 336)
[2025-06-02 20:43:04] Player moved to (80, 332)
[2025-06-02 20:43:04] Player moved to (80, 328)
[2025-06-02 20:43:04] Player moved to (80, 324)
[2025-06-02 20:43:04] Player moved to (80, 320)
[2025-06-02 20:43:04] Player moved to (80, 316)
[2025-06-02 20:43:05] Player moved to (80, 320)
[2025-06-02 20:43:05] Player moved to (80, 324)
[2025-06-02 20:43:05] Player moved to (80, 328)
[2025-06-02 20:43:05] -ReimuHakurei- shot bullet at (0, 1)
[2025-06-02 20:43:05] Player moved to (84, 328)
[2025-06-02 20:43:05] Player moved to (88, 328)
[2025-06-02 20:43:05] Player moved to (92, 328)
[2025-06-02 20:43:05] Player moved to (96, 328)
[2025-06-02 20:43:05] Player moved to (100, 328)
[2025-06-02 20:43:05] Player moved to (104, 328)
[2025-06-02 20:43:05] Player moved to (108, 328)
[2025-06-02 20:43:06] Player moved to (112, 332)
[2025-06-02 20:43:06] Player moved to (116, 336)
[2025-06-02 20:43:06] Player moved to (120, 340)
[2025-06-02 20:43:06] Player moved to (124, 344)
[2025-06-02 20:43:06] Player moved to (128, 348)
[2025-06-02 20:43:06] Player moved to (132, 352)
[2025-06-02 20:43:06] Player moved to (136, 356)
[2025-06-02 20:43:06] Player moved to (140, 360)
[2025-06-02 20:43:06] Player moved to (144, 364)
[2025-06-02 20:43:06] Player moved to (148, 368)
[2025-06-02 20:43:06] Player moved to (148, 372)
[2025-06-02 20:43:06] Player moved to (148, 376)
[2025-06-02 20:43:06] Player moved to (148, 380)
[2025-06-02 20:43:06] Player moved to (148, 384)
[2025-06-02 20:43:06] Player moved to (148, 388)
[2025-06-02 20:43:06] Player moved to (148, 392)
[2025-06-02 20:43:06] Player moved to (148, 396)
[2025-06-02 20:43:06] Player moved to (152, 400)
[2025-06-02 20:43:06] Player moved to (156, 404)
[2025-06-02 20:43:06] Player moved to (160, 404)
[2025-06-02 20:43:06] Player moved to (164, 404)
[2025-06-02 20:43:06] Player moved to (168, 404)
[2025-06-02 20:43:06] Player moved to (172, 404)
[2025-06-02 20:43:06] Player moved to (176, 404)
[2025-06-02 20:43:06] Player moved to (180, 404)
[2025-06-02 20:43:06] -ReimuHakurei- shot bullet at (1, 0)
[2025-06-02 20:43:06] Player moved to (184, 404)
[2025-06-02 20:43:06] Player moved to (188, 404)
[2025-06-02 20:43:06] Player moved to (192, 404)
[2025-06-02 20:43:06] Player moved to (196, 404)
[2025-06-02 20:43:06] Player moved to (200, 404)
[2025-06-02 20:43:06] Player moved to (204, 404)
[2025-06-02 20:43:06] Player moved to (208, 404)
[2025-06-02 20:43:06] Player moved to (212, 404)
[2025-06-02 20:43:06] Player moved to (216, 404)
[2025-06-02 20:43:06] Player moved to (220, 404)
[2025-06-02 20:43:06] Player moved to (224, 404)
[2025-06-02 20:43:06] Player moved to (228, 404)
[2025-06-02 20:43:06] Bullet hit enemy!
[2025-06-02 20:43:06] Player moved to (232, 404)
[2025-06-02 20:43:06] Player moved to (236, 404)
[2025-06-02 20:43:06] Player moved to (240, 404)
[2025-06-02 20:43:06] Player moved to (244, 404)
[2025-06-02 20:43:06] Player moved to (248, 404)
[2025-06-02 20:43:06] Player moved to (252, 404)
[2025-06-02 20:43:06] Player moved to (256, 404)
[2025-06-02 20:43:06] Player moved to (260, 404)
[2025-06-02 20:43:06] Player moved to (264, 404)
[2025-06-02 20:43:06] Player moved to (268, 404)
[2025-06-02 20:43:06] Player moved to (272, 404)
[2025-06-02 20:43:06] Player moved to (276, 404)
[2025-06-02 20:43:06] Player moved to (280, 404)
[2025-06-02 20:43:06] Player moved to (284, 404)
[2025-06-02 20:43:06] Player moved to (288, 404)
[2025-06-02 20:43:06] Player moved to (292, 404)
[2025-06-02 20:43:06] Player moved to (296, 404)
[2025-06-02 20:43:06] Player moved to (300, 404)
[2025-06-02 20:43:06] Player moved to (304, 404)
[2025-06-02 20:43:06] Player moved to (308, 404)
[2025-06-02 20:43:06] Player moved to (312, 404)
[2025-06-02 20:43:06] Player moved to (316, 404)
[2025-06-02 20:43:06] Player moved to (320, 404)
[2025-06-02 20:43:06] Player moved to (324, 404)
[2025-06-02 20:43:07] Player moved to (328, 404)
[2025-06-02 20:43:07] Player moved to (332, 404)
[2025-06-02 20:43:07] Player moved to (336, 404)
[2025-06-02 20:43:07] Player moved to (340, 404)
[2025-06-02 20:43:07] Player moved to (344, 404)
[2025-06-02 20:43:07] Player moved to (348, 404)
[2025-06-02 20:43:07] Player moved to (352, 404)
[2025-06-02 20:43:07] Player moved to (356, 404)
[2025-06-02 20:43:07] Player moved to (360, 404)
[2025-06-02 20:43:07] Player moved to (364, 404)
[2025-06-02 20:43:07] Player moved to (368, 400)
[2025-06-02 20:43:07] Player moved to (372, 396)
[2025-06-02 20:43:07] Player moved to (376, 392)
[2025-06-02 20:43:07] Player moved to (380, 388)
[2025-06-02 20:43:07] Player moved to (384, 384)
[2025-06-02 20:43:07] Player moved to (388, 380)
[2025-06-02 20:43:07] Player moved to (392, 376)
[2025-06-02 20:43:07] Player moved to (396, 372)
[2025-06-02 20:43:07] Player moved to (400, 368)
[2025-06-02 20:43:07] Player moved to (404, 364)
[2025-06-02 20:43:07] Player moved to (408, 360)
[2025-06-02 20:43:07] Player moved to (412, 356)
[2025-06-02 20:43:07] Player moved to (416, 352)
[2025-06-02 20:43:07] Player moved to (420, 348)
[2025-06-02 20:43:07] Player moved to (424, 344)
[2025-06-02 20:43:07] Player moved to (428, 340)
[2025-06-02 20:43:07] Player moved to (432, 336)
[2025-06-02 20:43:07] Player moved to (436, 332)
[2025-06-02 20:43:07] Player moved to (440, 328)
[2025-06-02 20:43:07] Player moved to (444, 324)
[2025-06-02 20:43:07] Player moved to (448, 320)
[2025-06-02 20:43:07] Player moved to (452, 316)
[2025-06-02 20:43:07] Player moved to (456, 312)
[2025-06-02 20:43:07] Player moved to (460, 308)
[2025-06-02 20:43:07] Player moved to (464, 304)
[2025-06-02 20:43:07] Player moved to (468, 300)
[2025-06-02 20:43:07] Player moved to (472, 296)
[2025-06-02 20:43:07] Player moved to (476, 292)
[2025-06-02 20:43:07] Player moved to (480, 288)
[2025-06-02 20:43:07] Player moved to (484, 288)
[2025-06-02 20:43:07] Player moved to (488, 288)
[2025-06-02 20:43:07] Player moved to (492, 288)
[2025-06-02 20:43:07] Player moved to (496, 288)
[2025-06-02 20:43:07] Player moved to (500, 288)
[2025-06-02 20:43:07] Player moved to (504, 288)
[2025-06-02 20:43:07] Player moved to (508, 288)
[2025-06-02 20:43:07] Player moved to (512, 288)
[2025-06-02 20:43:07] Player moved to (516, 288)
[2025-06-02 20:43:07] Player moved to (520, 288)
[2025-06-02 20:43:07] Player moved to (524, 288)
[2025-06-02 20:43:07] Player moved to (528, 288)
[2025-06-02 20:43:07] Player moved to (532, 288)
[2025-06-02 20:43:07] Player moved to (536, 288)
[2025-06-02 20:43:07] Player moved to (540, 288)
[2025-06-02 20:43:07] Player moved to (544, 288)
[2025-06-02 20:43:07] Player moved to (548, 288)
[2025-06-02 20:43:07] Player moved to (552, 288)
[2025-06-02 20:43:07] Player moved to (556, 288)
[2025-06-02 20:43:07] Player moved to (560, 288)
[2025-06-02 20:43:07] Player moved to (564, 288)
[2025-06-02 20:43:07] -ReimuHakurei- hit by enemy! Health: 1
[2025-06-02 20:43:08] Player moved to (104, 100)
[2025-06-02 20:43:08] Player moved to (108, 100)
[2025-06-02 20:43:08] Player moved to (112, 100)
[2025-06-02 20:43:08] Player moved to (116, 100)
[2025-06-02 20:43:08] Player moved to (120, 100)
[2025-06-02 20:43:08] Player moved to (124, 100)
[2025-06-02 20:43:08] Player moved to (128, 100)
[2025-06-02 20:43:08] Player moved to (132, 100)
[2025-06-02 20:43:08] Player moved to (136, 100)
[2025-06-02 20:43:08] Player moved to (140, 100)
[2025-06-02 20:43:08] Player moved to (144, 100)
[2025-06-02 20:43:08] Player moved to (148, 100)
[2025-06-02 20:43:08] Player moved to (152, 100)
[2025-06-02 20:43:08] Player moved to (156, 100)
[2025-06-02 20:43:08] Player moved to (160, 100)
[2025-06-02 20:43:08] Player moved to (164, 100)
[2025-06-02 20:43:08] Player moved to (168, 100)
[2025-06-02 20:43:08] Player moved to (172, 100)
[2025-06-02 20:43:08] Player moved to (176, 100)
[2025-06-02 20:43:08] Player moved to (180, 100)
[2025-06-02 20:43:08] Player moved to (184, 100)
[2025-06-02 20:43:08] Player moved to (188, 100)
[2025-06-02 20:43:08] Player moved to (192, 100)
[2025-06-02 20:43:08] Player moved to (196, 100)
[2025-06-02 20:43:08] Player moved to (200, 100)
[2025-06-02 20:43:08] Player moved to (204, 100)
[2025-06-02 20:43:08] Player moved to (208, 104)
[2025-06-02 20:43:08] Player moved to (212, 108)
[2025-06-02 20:43:08] Player moved to (216, 112)
[2025-06-02 20:43:08] Player moved to (220, 116)
[2025-06-02 20:43:08] Player moved to (224, 120)
[2025-06-02 20:43:08] Player moved to (228, 124)
[2025-06-02 20:43:08] Player moved to (232, 128)
[2025-06-02 20:43:08] Player moved to (236, 132)
[2025-06-02 20:43:08] Player moved to (240, 136)
[2025-06-02 20:43:08] Player moved to (244, 140)
[2025-06-02 20:43:08] Player moved to (248, 144)
[2025-06-02 20:43:08] Player moved to (252, 148)
[2025-06-02 20:43:08] Player moved to (256, 152)
[2025-06-02 20:43:08] Player moved to (260, 156)
[2025-06-02 20:43:08] Player moved to (264, 160)
[2025-06-02 20:43:08] Player moved to (268, 164)
[2025-06-02 20:43:08] Player moved to (272, 168)
[2025-06-02 20:43:08] Player moved to (276, 172)
[2025-06-02 20:43:08] Player moved to (280, 176)
[2025-06-02 20:43:08] Player moved to (284, 180)
[2025-06-02 20:43:08] Player moved to (288, 184)
[2025-06-02 20:43:08] Player moved to (292, 188)
[2025-06-02 20:43:08] Player moved to (296, 192)
[2025-06-02 20:43:08] Player moved to (300, 196)
[2025-06-02 20:43:08] Player moved to (304, 200)
[2025-06-02 20:43:08] Player moved to (308, 204)
[2025-06-02 20:43:08] Player moved to (312, 208)
[2025-06-02 20:43:08] Player moved to (316, 212)
[2025-06-02 20:43:08] Player moved to (320, 216)
[2025-06-02 20:43:08] Player moved to (324, 220)
[2025-06-02 20:43:08] Player moved to (328, 224)
[2025-06-02 20:43:08] Player moved to (332, 228)
[2025-06-02 20:43:08] Player moved to (336, 232)
[2025-06-02 20:43:08] Player moved to (340, 232)
[2025-06-02 20:43:09] Player moved to (344, 232)
[2025-06-02 20:43:09] Player moved to (348, 232)
[2025-06-02 20:43:09] Player moved to (352, 232)
[2025-06-02 20:43:09] Player moved to (356, 232)
[2025-06-02 20:43:09] Player moved to (360, 232)
[2025-06-02 20:43:09] Player moved to (364, 232)
[2025-06-02 20:43:09] Player moved to (368, 232)
[2025-06-02 20:43:09] Player moved to (372, 232)
[2025-06-02 20:43:09] Player moved to (376, 232)
[2025-06-02 20:43:09] Player moved to (380, 232)
[2025-06-02 20:43:09] Player moved to (384, 232)
[2025-06-02 20:43:09] Player moved to (388, 232)
[2025-06-02 20:43:09] Player moved to (392, 232)
[2025-06-02 20:43:09] Player moved to (396, 232)
[2025-06-02 20:43:09] Player moved to (400, 232)
[2025-06-02 20:43:09] Player moved to (404, 228)
[2025-06-02 20:43:09] Player moved to (408, 224)
[2025-06-02 20:43:09] Player moved to (412, 220)
[2025-06-02 20:43:09] Player moved to (416, 216)
[2025-06-02 20:43:09] Player moved to (420, 212)
[2025-06-02 20:43:09] Player moved to (424, 208)
[2025-06-02 20:43:09] Player moved to (428, 204)
[2025-06-02 20:43:09] Player moved to (432, 200)
[2025-06-02 20:43:09] Player moved to (436, 196)
[2025-06-02 20:43:09] Player moved to (440, 192)
[2025-06-02 20:43:09] Player moved to (444, 188)
[2025-06-02 20:43:09] Player moved to (448, 184)
[2025-06-02 20:43:09] Player moved to (452, 180)
[2025-06-02 20:43:09] Player moved to (456, 176)
[2025-06-02 20:43:09] Player moved to (460, 172)
[2025-06-02 20:43:09] Player moved to (464, 168)
[2025-06-02 20:43:09] Player moved to (468, 164)
[2025-06-02 20:43:09] Player moved to (472, 160)
[2025-06-02 20:43:09] Player moved to (476, 156)
[2025-06-02 20:43:09] Player moved to (480, 152)
[2025-06-02 20:43:09] Player moved to (484, 148)
[2025-06-02 20:43:09] Player moved to (488, 144)
[2025-06-02 20:43:09] Player moved to (492, 140)
[2025-06-02 20:43:09] Player moved to (496, 136)
[2025-06-02 20:43:09] Player moved to (500, 132)
[2025-06-02 20:43:09] Player moved to (504, 128)
[2025-06-02 20:43:09] Player moved to (508, 124)
[2025-06-02 20:43:09] Player moved to (512, 120)
[2025-06-02 20:43:09] Player moved to (516, 116)
[2025-06-02 20:43:09] Player moved to (520, 112)
[2025-06-02 20:43:09] Player moved to (524, 108)
[2025-06-02 20:43:09] Player moved to (528, 104)
[2025-06-02 20:43:09] Player moved to (532, 100)
[2025-06-02 20:43:09] Player moved to (536, 96)
[2025-06-02 20:43:09] Player moved to (540, 92)
[2025-06-02 20:43:09] Player moved to (544, 88)
[2025-06-02 20:43:09] Player moved to (548, 84)
[2025-06-02 20:43:09] Player moved to (552, 80)
[2025-06-02 20:43:09] Player moved to (556, 76)
[2025-06-02 20:43:09] Player moved to (560, 72)
[2025-06-02 20:43:09] Player moved to (564, 68)
[2025-06-02 20:43:09] -ReimuHakurei- hit by enemy! Health: 0
[2025-06-02 20:43:41] -ReimuHakurei- has joined the game!
[2025-06-02 20:43:43] Player started the game from menu
[2025-06-02 20:43:43] Player moved to (104, 100)
[2025-06-02 20:43:43] Player moved to (108, 100)
[2025-06-02 20:43:43] Player moved to (112, 100)
[2025-06-02 20:43:43] Player moved to (116, 100)
[2025-06-02 20:43:43] Player moved to (120, 104)
[2025-06-02 20:43:43] Player moved to (124, 108)
[2025-06-02 20:43:43] Player moved to (128, 112)
[2025-06-02 20:43:43] Player moved to (132, 116)
[2025-06-02 20:43:43] Player moved to (136, 120)
[2025-06-02 20:43:43] Player moved to (140, 124)
[2025-06-02 20:43:43] Player moved to (144, 128)
[2025-06-02 20:43:43] Player moved to (148, 132)
[2025-06-02 20:43:43] Player moved to (152, 136)
[2025-06-02 20:43:43] Player moved to (156, 140)
[2025-06-02 20:43:43] Player moved to (160, 144)
[2025-06-02 20:43:43] Player moved to (164, 148)
[2025-06-02 20:43:43] Player moved to (168, 152)
[2025-06-02 20:43:43] Player moved to (172, 156)
[2025-06-02 20:43:43] Player moved to (176, 160)
[2025-06-02 20:43:43] Player moved to (180, 164)
[2025-06-02 20:43:43] Player moved to (184, 168)
[2025-06-02 20:43:44] Player moved to (188, 172)
[2025-06-02 20:43:44] Player moved to (192, 176)
[2025-06-02 20:43:44] Player moved to (196, 180)
[2025-06-02 20:43:44] Player moved to (200, 184)
[2025-06-02 20:43:44] Player moved to (204, 188)
[2025-06-02 20:43:44] Player moved to (208, 188)
[2025-06-02 20:43:44] Player moved to (212, 188)
[2025-06-02 20:43:44] Player moved to (216, 188)
[2025-06-02 20:43:44] Player moved to (220, 188)
[2025-06-02 20:43:44] Player moved to (224, 188)
[2025-06-02 20:43:44] Player moved to (228, 188)
[2025-06-02 20:43:44] Player moved to (232, 188)
[2025-06-02 20:43:44] Player moved to (236, 188)
[2025-06-02 20:43:44] Player moved to (240, 188)
[2025-06-02 20:43:44] Player moved to (244, 188)
[2025-06-02 20:43:44] Player moved to (248, 188)
[2025-06-02 20:43:44] Player moved to (252, 188)
[2025-06-02 20:43:44] Player moved to (256, 188)
[2025-06-02 20:43:44] Player moved to (260, 188)
[2025-06-02 20:43:44] Player moved to (264, 188)
[2025-06-02 20:43:44] Player moved to (268, 192)
[2025-06-02 20:43:44] Player moved to (272, 196)
[2025-06-02 20:43:44] Player moved to (276, 200)
[2025-06-02 20:43:44] Player moved to (280, 204)
[2025-06-02 20:43:44] Player moved to (284, 208)
[2025-06-02 20:43:44] Player moved to (288, 212)
[2025-06-02 20:43:44] Player moved to (292, 216)
[2025-06-02 20:43:44] Player moved to (296, 220)
[2025-06-02 20:43:44] Player moved to (300, 224)
[2025-06-02 20:43:44] Player moved to (304, 228)
[2025-06-02 20:43:44] Player moved to (308, 232)
[2025-06-02 20:43:44] Player moved to (312, 236)
[2025-06-02 20:43:44] Player moved to (316, 240)
[2025-06-02 20:43:44] Player moved to (320, 244)
[2025-06-02 20:43:44] Player moved to (324, 248)
[2025-06-02 20:43:44] Player moved to (328, 252)
[2025-06-02 20:43:44] Player moved to (332, 256)
[2025-06-02 20:43:44] Player moved to (336, 260)
[2025-06-02 20:43:44] Player moved to (340, 264)
[2025-06-02 20:43:44] Player moved to (344, 268)
[2025-06-02 20:43:44] Player moved to (348, 272)
[2025-06-02 20:43:44] Player moved to (352, 276)
[2025-06-02 20:43:44] Player moved to (356, 280)
[2025-06-02 20:43:44] Player moved to (360, 284)
[2025-06-02 20:43:44] Player moved to (364, 288)
[2025-06-02 20:43:44] Player moved to (368, 292)
[2025-06-02 20:43:44] Player moved to (372, 296)
[2025-06-02 20:43:44] Player moved to (376, 300)
[2025-06-02 20:43:44] Player moved to (380, 304)
[2025-06-02 20:43:44] Player moved to (384, 308)
[2025-06-02 20:43:44] Player moved to (388, 312)
[2025-06-02 20:43:44] Player moved to (392, 316)
[2025-06-02 20:43:44] Player moved to (396, 320)
[2025-06-02 20:43:44] Player moved to (400, 324)
[2025-06-02 20:43:44] Player moved to (404, 328)
[2025-06-02 20:43:44] Player moved to (408, 332)
[2025-06-02 20:43:44] Player moved to (412, 332)
[2025-06-02 20:43:44] Player moved to (416, 332)
[2025-06-02 20:43:44] Player moved to (420, 332)
[2025-06-02 20:43:44] Player moved to (424, 332)
[2025-06-02 20:43:44] Player moved to (428, 332)
[2025-06-02 20:43:45] Player moved to (432, 332)
[2025-06-02 20:43:45] Player moved to (436, 332)
[2025-06-02 20:43:45] Player moved to (440, 332)
[2025-06-02 20:43:45] Player moved to (444, 332)
[2025-06-02 20:43:45] Player moved to (448, 332)
[2025-06-02 20:43:45] Player moved to (452, 332)
[2025-06-02 20:43:45] Player moved to (456, 336)
[2025-06-02 20:43:45] Player moved to (460, 340)
[2025-06-02 20:43:45] Player moved to (464, 344)
[2025-06-02 20:43:45] Player moved to (468, 348)
[2025-06-02 20:43:45] Player moved to (472, 352)
[2025-06-02 20:43:45] Player moved to (476, 356)
[2025-06-02 20:43:45] Player moved to (480, 360)
[2025-06-02 20:43:45] Player moved to (484, 364)
[2025-06-02 20:43:45] Player moved to (488, 368)
[2025-06-02 20:43:45] Player moved to (492, 372)
[2025-06-02 20:43:45] Player moved to (496, 376)
[2025-06-02 20:43:45] Player moved to (500, 380)
[2025-06-02 20:43:45] Player moved to (504, 384)
[2025-06-02 20:43:45] Player moved to (508, 388)
[2025-06-02 20:43:45] Player moved to (512, 392)
[2025-06-02 20:43:45] Player moved to (516, 396)
[2025-06-02 20:43:45] Player moved to (520, 396)
[2025-06-02 20:43:45] Player moved to (524, 396)
[2025-06-02 20:43:45] Player moved to (528, 396)
[2025-06-02 20:43:45] Player moved to (532, 396)
[2025-06-02 20:43:45] Player moved to (536, 396)
[2025-06-02 20:43:45] Player moved to (540, 396)
[2025-06-02 20:43:45] Player moved to (544, 396)
[2025-06-02 20:43:45] Player moved to (548, 396)
[2025-06-02 20:43:45] Player moved to (552, 396)
[2025-06-02 20:43:45] Player moved to (556, 396)
[2025-06-02 20:43:45] Player moved to (560, 396)
[2025-06-02 20:43:45] Player moved to (564, 396)
[2025-06-02 20:43:45] Player moved to (568, 396)
[2025-06-02 20:43:45] Player moved to (572, 396)
[2025-06-02 20:43:45] Player moved to (576, 396)
[2025-06-02 20:43:45] Player moved to (580, 396)
[2025-06-02 20:43:45] Player moved to (584, 396)
[2025-06-02 20:43:45] Player moved to (588, 396)
[2025-06-02 20:43:45] Player moved to (592, 396)
[2025-06-02 20:43:45] Player moved to (596, 396)
[2025-06-02 20:43:45] Player moved to (600, 396)
[2025-06-02 20:43:45] Player moved to (604, 396)
[2025-06-02 20:43:45] Player moved to (608, 396)
[2025-06-02 20:43:45] Player moved to (612, 396)
[2025-06-02 20:43:45] Player moved to (616, 396)
[2025-06-02 20:43:45] Player moved to (620, 396)
[2025-06-02 20:43:45] Player moved to (624, 396)
[2025-06-02 20:43:45] Player moved to (628, 396)
[2025-06-02 20:43:45] Player moved to (632, 396)
[2025-06-02 20:43:45] Player moved to (636, 396)
[2025-06-02 20:43:45] Player moved to (640, 396)
[2025-06-02 20:43:45] Player moved to (644, 396)
[2025-06-02 20:43:45] Player moved to (648, 396)
[2025-06-02 20:43:45] Player moved to (652, 396)
[2025-06-02 20:43:45] Player moved to (656, 396)
[2025-06-02 20:43:45] Player moved to (660, 396)
[2025-06-02 20:43:45] Player moved to (664, 396)
[2025-06-02 20:43:45] Player moved to (668, 396)
[2025-06-02 20:43:45] Player moved to (672, 396)
[2025-06-02 20:43:46] Player moved to (676, 396)
[2025-06-02 20:43:46] Player moved to (680, 396)
[2025-06-02 20:43:46] Player moved to (684, 396)
[2025-06-02 20:43:46] Player moved to (688, 396)
[2025-06-02 20:43:46] Player moved to (692, 396)
[2025-06-02 20:43:46] Player moved to (696, 396)
[2025-06-02 20:43:46] Player moved to (700, 396)
[2025-06-02 20:43:46] Player moved to (704, 396)
[2025-06-02 20:43:46] Player moved to (708, 396)
[2025-06-02 20:43:46] Player moved to (712, 396)
[2025-06-02 20:43:46] Player moved to (716, 396)
[2025-06-02 20:43:46] -ReimuHakurei- hit by enemy! Health: 2
[2025-06-02 20:43:46] Player moved to (104, 100)
[2025-06-02 20:43:46] Player moved to (108, 100)
[2025-06-02 20:43:46] Player moved to (112, 100)
[2025-06-02 20:43:46] Player moved to (116, 100)
[2025-06-02 20:43:46] Player moved to (120, 100)
[2025-06-02 20:43:46] Player moved to (124, 100)
[2025-06-02 20:43:46] Player moved to (128, 100)
[2025-06-02 20:43:46] Player moved to (132, 100)
[2025-06-02 20:43:46] Player moved to (136, 100)
[2025-06-02 20:43:46] Player moved to (140, 100)
[2025-06-02 20:43:46] Player moved to (144, 100)
[2025-06-02 20:43:46] Player moved to (148, 100)
[2025-06-02 20:43:46] Player moved to (152, 100)
[2025-06-02 20:43:46] Player moved to (156, 100)
[2025-06-02 20:43:46] Player moved to (160, 100)
[2025-06-02 20:43:46] Player moved to (164, 100)
[2025-06-02 20:43:46] Player moved to (168, 100)
[2025-06-02 20:43:46] Player moved to (172, 100)
[2025-06-02 20:43:46] Player moved to (176, 100)
[2025-06-02 20:43:46] Player moved to (180, 100)
[2025-06-02 20:43:46] Player moved to (184, 100)
[2025-06-02 20:43:46] Player moved to (188, 100)
[2025-06-02 20:43:46] Player moved to (192, 100)
[2025-06-02 20:43:46] Player moved to (196, 104)
[2025-06-02 20:43:46] Player moved to (200, 108)
[2025-06-02 20:43:46] Player moved to (204, 112)
[2025-06-02 20:43:46] Player moved to (208, 116)
[2025-06-02 20:43:46] Player moved to (212, 120)
[2025-06-02 20:43:46] Player moved to (216, 124)
[2025-06-02 20:43:46] Player moved to (220, 128)
[2025-06-02 20:43:46] Player moved to (224, 132)
[2025-06-02 20:43:46] Player moved to (228, 136)
[2025-06-02 20:43:46] Player moved to (232, 140)
[2025-06-02 20:43:46] Player moved to (236, 144)
[2025-06-02 20:43:46] Player moved to (240, 148)
[2025-06-02 20:43:46] Player moved to (244, 152)
[2025-06-02 20:43:46] Player moved to (248, 156)
[2025-06-02 20:43:46] Player moved to (252, 160)
[2025-06-02 20:43:46] Player moved to (256, 164)
[2025-06-02 20:43:46] Player moved to (260, 168)
[2025-06-02 20:43:46] Player moved to (264, 172)
[2025-06-02 20:43:46] Player moved to (268, 176)
[2025-06-02 20:43:46] Player moved to (272, 180)
[2025-06-02 20:43:46] Player moved to (276, 184)
[2025-06-02 20:43:46] Player moved to (280, 188)
[2025-06-02 20:43:46] Player moved to (284, 192)
[2025-06-02 20:43:46] Player moved to (288, 196)
[2025-06-02 20:43:46] Player moved to (292, 200)
[2025-06-02 20:43:46] Player moved to (296, 204)
[2025-06-02 20:43:47] Player moved to (300, 208)
[2025-06-02 20:43:47] Player moved to (304, 212)
[2025-06-02 20:43:47] Player moved to (308, 216)
[2025-06-02 20:43:47] Player moved to (312, 220)
[2025-06-02 20:43:47] Player moved to (316, 224)
[2025-06-02 20:43:47] Player moved to (320, 228)
[2025-06-02 20:43:47] Player moved to (324, 232)
[2025-06-02 20:43:47] Player moved to (328, 236)
[2025-06-02 20:43:47] Player moved to (332, 240)
[2025-06-02 20:43:47] Player moved to (336, 244)
[2025-06-02 20:43:47] Player moved to (340, 248)
[2025-06-02 20:43:47] Player moved to (344, 252)
[2025-06-02 20:43:47] Player moved to (348, 256)
[2025-06-02 20:43:47] Player moved to (352, 260)
[2025-06-02 20:43:47] Player moved to (356, 264)
[2025-06-02 20:43:47] Player moved to (360, 268)
[2025-06-02 20:43:47] Player moved to (364, 272)
[2025-06-02 20:43:47] Player moved to (368, 276)
[2025-06-02 20:43:47] Player moved to (372, 280)
[2025-06-02 20:43:47] Player moved to (376, 284)
[2025-06-02 20:43:47] Player moved to (380, 288)
[2025-06-02 20:43:47] Player moved to (384, 292)
[2025-06-02 20:43:47] Player moved to (388, 296)
[2025-06-02 20:43:47] Player moved to (392, 300)
[2025-06-02 20:43:47] Player moved to (396, 304)
[2025-06-02 20:43:47] Player moved to (400, 308)
[2025-06-02 20:43:47] Player moved to (404, 312)
[2025-06-02 20:43:47] Player moved to (408, 316)
[2025-06-02 20:43:47] Player moved to (412, 320)
[2025-06-02 20:43:47] Player moved to (416, 324)
[2025-06-02 20:43:47] Player moved to (420, 328)
[2025-06-02 20:43:47] Player moved to (424, 332)
[2025-06-02 20:43:47] Player moved to (428, 336)
[2025-06-02 20:43:47] Player moved to (428, 340)
[2025-06-02 20:43:47] Player moved to (428, 344)
[2025-06-02 20:43:47] Player moved to (428, 348)
[2025-06-02 20:43:47] Player moved to (424, 352)
[2025-06-02 20:43:47] Player moved to (420, 356)
[2025-06-02 20:43:47] Player moved to (416, 360)
[2025-06-02 20:43:47] Player moved to (412, 364)
[2025-06-02 20:43:47] Player moved to (408, 368)
[2025-06-02 20:43:47] Player moved to (404, 372)
[2025-06-02 20:43:47] Player moved to (400, 376)
[2025-06-02 20:43:47] Player moved to (400, 380)
[2025-06-02 20:43:47] Player moved to (400, 384)
[2025-06-02 20:43:47] Player moved to (400, 388)
[2025-06-02 20:43:47] Player moved to (400, 392)
[2025-06-02 20:43:47] Player moved to (400, 396)
[2025-06-02 20:43:47] Player moved to (404, 400)
[2025-06-02 20:43:47] Player moved to (408, 404)
[2025-06-02 20:43:47] Player moved to (412, 408)
[2025-06-02 20:43:47] Player moved to (416, 412)
[2025-06-02 20:43:47] Player moved to (420, 416)
[2025-06-02 20:43:47] -ReimuHakurei- hit by enemy! Health: 1
[2025-06-02 20:43:47] Player moved to (104, 104)
[2025-06-02 20:43:47] Player moved to (108, 108)
[2025-06-02 20:43:47] Player moved to (112, 112)
[2025-06-02 20:43:47] Player moved to (116, 116)
[2025-06-02 20:43:47] Player moved to (120, 116)
[2025-06-02 20:43:47] Player moved to (124, 116)
[2025-06-02 20:43:47] Player moved to (128, 116)
[2025-06-02 20:43:47] Player moved to (132, 116)
[2025-06-02 20:43:48] Player moved to (136, 116)
[2025-06-02 20:43:48] Player moved to (140, 116)
[2025-06-02 20:43:48] Player moved to (144, 116)
[2025-06-02 20:43:48] Player moved to (148, 116)
[2025-06-02 20:43:48] Player moved to (152, 116)
[2025-06-02 20:43:48] Player moved to (156, 116)
[2025-06-02 20:43:48] Player moved to (160, 116)
[2025-06-02 20:43:48] Player moved to (164, 116)
[2025-06-02 20:43:48] Player moved to (168, 116)
[2025-06-02 20:43:48] Player moved to (172, 116)
[2025-06-02 20:43:48] Player moved to (176, 116)
[2025-06-02 20:43:48] Player moved to (180, 116)
[2025-06-02 20:43:48] Player moved to (184, 116)
[2025-06-02 20:43:48] Player moved to (188, 116)
[2025-06-02 20:43:48] Player moved to (192, 116)
[2025-06-02 20:43:48] Player moved to (196, 116)
[2025-06-02 20:43:48] Player moved to (200, 116)
[2025-06-02 20:43:48] Player moved to (204, 116)
[2025-06-02 20:43:48] Player moved to (208, 116)
[2025-06-02 20:43:48] Player moved to (212, 120)
[2025-06-02 20:43:48] Player moved to (216, 124)
[2025-06-02 20:43:48] Player moved to (220, 128)
[2025-06-02 20:43:48] Player moved to (224, 132)
[2025-06-02 20:43:48] Player moved to (228, 136)
[2025-06-02 20:43:48] Player moved to (232, 140)
[2025-06-02 20:43:48] Player moved to (236, 144)
[2025-06-02 20:43:48] Player moved to (236, 148)
[2025-06-02 20:43:48] Player moved to (236, 152)
[2025-06-02 20:43:48] Player moved to (236, 156)
[2025-06-02 20:43:48] Player moved to (232, 160)
[2025-06-02 20:43:48] Player moved to (228, 164)
[2025-06-02 20:43:48] Player moved to (224, 168)
[2025-06-02 20:43:48] Player moved to (220, 172)
[2025-06-02 20:43:48] Player moved to (216, 176)
[2025-06-02 20:43:48] Player moved to (212, 180)
[2025-06-02 20:43:48] Player moved to (208, 184)
[2025-06-02 20:43:48] Player moved to (204, 188)
[2025-06-02 20:43:48] Player moved to (200, 192)
[2025-06-02 20:43:48] Player moved to (196, 196)
[2025-06-02 20:43:48] Player moved to (192, 200)
[2025-06-02 20:43:48] Player moved to (188, 204)
[2025-06-02 20:43:48] Player moved to (184, 208)
[2025-06-02 20:43:48] Player moved to (180, 212)
[2025-06-02 20:43:48] Player moved to (176, 216)
[2025-06-02 20:43:48] Player moved to (172, 220)
[2025-06-02 20:43:48] Player moved to (168, 224)
[2025-06-02 20:43:48] Player moved to (164, 228)
[2025-06-02 20:43:48] Player moved to (160, 232)
[2025-06-02 20:43:48] Player moved to (160, 236)
[2025-06-02 20:43:48] Player moved to (160, 240)
[2025-06-02 20:43:48] Player moved to (160, 244)
[2025-06-02 20:43:48] Player moved to (164, 248)
[2025-06-02 20:43:48] Player moved to (168, 252)
[2025-06-02 20:43:48] Player moved to (172, 256)
[2025-06-02 20:43:48] Player moved to (176, 260)
[2025-06-02 20:43:48] Player moved to (180, 264)
[2025-06-02 20:43:48] Player moved to (184, 268)
[2025-06-02 20:43:48] Player moved to (188, 272)
[2025-06-02 20:43:48] Player moved to (192, 276)
[2025-06-02 20:43:48] Player moved to (196, 280)
[2025-06-02 20:43:48] Player moved to (200, 284)
[2025-06-02 20:43:49] Player moved to (204, 288)
[2025-06-02 20:43:49] Player moved to (208, 292)
[2025-06-02 20:43:49] Player moved to (212, 296)
[2025-06-02 20:43:49] Player moved to (216, 300)
[2025-06-02 20:43:49] Player moved to (216, 304)
[2025-06-02 20:43:49] Player moved to (216, 308)
[2025-06-02 20:43:49] Player moved to (216, 312)
[2025-06-02 20:43:49] Player moved to (216, 316)
[2025-06-02 20:43:49] Player moved to (212, 320)
[2025-06-02 20:43:49] Player moved to (208, 324)
[2025-06-02 20:43:49] Player moved to (204, 328)
[2025-06-02 20:43:49] Player moved to (200, 332)
[2025-06-02 20:43:49] Player moved to (196, 336)
[2025-06-02 20:43:49] Player moved to (192, 340)
[2025-06-02 20:43:49] Player moved to (188, 344)
[2025-06-02 20:43:49] Player moved to (184, 348)
[2025-06-02 20:43:49] Player moved to (180, 352)
[2025-06-02 20:43:49] Player moved to (176, 356)
[2025-06-02 20:43:49] Player moved to (172, 360)
[2025-06-02 20:43:49] Player moved to (168, 364)
[2025-06-02 20:43:49] -ReimuHakurei- hit by enemy! Health: 0
[2025-06-02 20:43:49] No health � Game Over
[2025-06-02 20:43:51] ���������� � ���� � Game Over �����
[2025-06-02 20:43:52] Player started the game from menu
[2025-06-02 20:43:53] -ReimuHakurei- has left the game
[2025-06-02 20:46:49] -ReimuHakurei- has joined the game!
[2025-06-02 20:46:49] [2025-06-02 20:46:49] An Error in Game has been Occurred! Exception Traceback: 
Traceback (most recent call last):
  File "c:\Users\user\Desktop\programs\waaa\Battle-City-Remake\battle_city_remake\game.py", line 47, in <module>
    game()
    ~~~~^^
  File "c:\Users\user\Desktop\programs\waaa\Battle-City-Remake\battle_city_remake\game.py", line 19, in game
    curr_scene = MenuScene(screen)
  File "c:\Users\user\Desktop\programs\waaa\Battle-City-Remake\battle_city_remake\scenes\menu_scene.py", line 14, in __init__
    self.fps = self.font.render(f'FPS: {self.fps:.2f}')
               ~~~~~~~~~~~~~~~~^^^^^^^^^^^^^^^^^^^^^^^^
TypeError: function takes at least 3 arguments (1 given)
 
    
-ReimuHakurei- has left the game.
[2025-06-02 20:47:20] -ReimuHakurei- has joined the game!
[2025-06-02 20:47:21] Player started the game from menu
[2025-06-02 20:47:23] -ReimuHakurei- has left the game
[2025-06-02 20:47:43] -ReimuHakurei- has joined the game!
[2025-06-02 20:47:44] -ReimuHakurei- has left the game
[2025-06-02 20:55:48] -ReimuHakurei- has joined the game!
[2025-06-02 20:55:48] [2025-06-02 20:55:48] An Error in Game has been Occurred! Exception Traceback: 
Traceback (most recent call last):
  File "c:\Users\user\Desktop\programs\waaa\Battle-City-Remake\battle_city_remake\game.py", line 57, in <module>
    game()
    ~~~~^^
  File "c:\Users\user\Desktop\programs\waaa\Battle-City-Remake\battle_city_remake\game.py", line 45, in game
    fps.draw()
    ^^^^^^^^
AttributeError: 'float' object has no attribute 'draw'
 
    
-ReimuHakurei- has left the game.
[2025-06-02 20:55:55] -ReimuHakurei- has joined the game!
[2025-06-02 20:55:55] [2025-06-02 20:55:55] An Error in Game has been Occurred! Exception Traceback: 
Traceback (most recent call last):
  File "c:\Users\user\Desktop\programs\waaa\Battle-City-Remake\battle_city_remake\game.py", line 57, in <module>
    game()
    ~~~~^^
  File "c:\Users\user\Desktop\programs\waaa\Battle-City-Remake\battle_city_remake\game.py", line 45, in game
    fps.update()
    ^^^^^^^^^^
AttributeError: 'float' object has no attribute 'update'
 
    
-ReimuHakurei- has left the game.
[2025-06-02 20:56:19] -ReimuHakurei- has joined the game!
[2025-06-02 20:56:20] Player started the game from menu
[2025-06-02 20:56:21] -ReimuHakurei- has left the game
[2025-06-02 21:01:47] -ReimuHakurei- has joined the game!
[2025-06-02 21:01:48] Player started the game from menu
[2025-06-02 21:01:50] -ReimuHakurei- has left the game
[2025-06-02 21:02:59] -ReimuHakurei- has joined the game!
[2025-06-02 21:03:00] Player started the game from menu
[2025-06-02 21:03:01] Player moved to (100, 104)
[2025-06-02 21:03:01] Player moved to (100, 108)
[2025-06-02 21:03:01] Player moved to (100, 112)
[2025-06-02 21:03:01] Player moved to (100, 116)
[2025-06-02 21:03:01] Player moved to (100, 120)
[2025-06-02 21:03:01] Player moved to (100, 124)
[2025-06-02 21:03:01] Player moved to (100, 128)
[2025-06-02 21:03:01] Player moved to (100, 132)
[2025-06-02 21:03:01] Player moved to (100, 136)
[2025-06-02 21:03:01] Player moved to (100, 140)
[2025-06-02 21:03:01] Player moved to (100, 144)
[2025-06-02 21:03:01] Player moved to (100, 148)
[2025-06-02 21:03:01] Player moved to (100, 152)
[2025-06-02 21:03:01] Player moved to (100, 156)
[2025-06-02 21:03:01] Player moved to (100, 160)
[2025-06-02 21:03:01] Player moved to (100, 164)
[2025-06-02 21:03:01] Player moved to (100, 168)
[2025-06-02 21:03:01] Player moved to (100, 172)
[2025-06-02 21:03:01] Player moved to (100, 176)
[2025-06-02 21:03:01] Player moved to (100, 180)
[2025-06-02 21:03:01] Player moved to (100, 184)
[2025-06-02 21:03:01] Player moved to (100, 188)
[2025-06-02 21:03:01] Player moved to (100, 192)
[2025-06-02 21:03:01] Player moved to (100, 196)
[2025-06-02 21:03:01] Player moved to (100, 200)
[2025-06-02 21:03:01] Player moved to (100, 204)
[2025-06-02 21:03:01] Player moved to (100, 208)
[2025-06-02 21:03:01] Player moved to (100, 212)
[2025-06-02 21:03:01] Player moved to (100, 216)
[2025-06-02 21:03:01] Player moved to (100, 220)
[2025-06-02 21:03:01] Player moved to (100, 224)
[2025-06-02 21:03:01] Player moved to (100, 228)
[2025-06-02 21:03:01] Player moved to (100, 232)
[2025-06-02 21:03:01] Player moved to (100, 236)
[2025-06-02 21:03:01] Player moved to (100, 240)
[2025-06-02 21:03:01] Player moved to (100, 244)
[2025-06-02 21:03:01] Player moved to (100, 248)
[2025-06-02 21:03:01] Player moved to (100, 252)
[2025-06-02 21:03:02] Player moved to (100, 256)
[2025-06-02 21:03:02] Player moved to (100, 260)
[2025-06-02 21:03:02] Player moved to (100, 264)
[2025-06-02 21:03:02] Player moved to (100, 268)
[2025-06-02 21:03:02] Player moved to (100, 272)
[2025-06-02 21:03:02] Player moved to (100, 276)
[2025-06-02 21:03:02] Player moved to (100, 280)
[2025-06-02 21:03:02] Player moved to (100, 284)
[2025-06-02 21:03:02] Player moved to (100, 288)
[2025-06-02 21:03:02] Player moved to (100, 292)
[2025-06-02 21:03:02] -ReimuHakurei- has left the game
[2025-06-02 21:07:03] -ReimuHakurei- has joined the game!
[2025-06-02 21:07:04] Player started the game from menu
[2025-06-02 21:07:05] -ReimuHakurei- has left the game
[2025-06-02 21:07:32] -ReimuHakurei- has joined the game!
[2025-06-02 21:07:33] Player started the game from menu
[2025-06-02 21:07:34] -ReimuHakurei- has left the game
[2025-06-02 21:08:00] -ReimuHakurei- has joined the game!
[2025-06-02 21:08:01] Player started the game from menu
[2025-06-02 21:08:02] -ReimuHakurei- has left the game
[2025-06-02 21:08:30] -ReimuHakurei- has joined the game!
[2025-06-02 21:08:31] Player started the game from menu
[2025-06-02 21:08:31] -ReimuHakurei- has left the game
[2025-06-02 21:10:23] -ReimuHakurei- has joined the game!
[2025-06-02 21:10:23] Player started the game from menu
[2025-06-02 21:10:26] -ReimuHakurei- has left the game
[2025-06-02 21:10:32] -ReimuHakurei- has joined the game!
[2025-06-02 21:10:33] Player started the game from menu
[2025-06-02 21:10:34] -ReimuHakurei- has left the game
[2025-06-02 21:10:35] -ReimuHakurei- has joined the game!
[2025-06-02 21:10:36] Player started the game from menu
[2025-06-02 21:10:39] -ReimuHakurei- has left the game
[2025-06-02 21:10:44] -ReimuHakurei- has joined the game!
[2025-06-02 21:10:46] Player started the game from menu
[2025-06-02 21:10:56] -ReimuHakurei- has left the game
[2025-06-02 21:10:57] -ReimuHakurei- has joined the game!
[2025-06-02 21:10:57] -ReimuHakurei- has left the game
[2025-06-02 21:10:58] -ReimuHakurei- has joined the game!
[2025-06-02 21:10:59] Player started the game from menu
[2025-06-02 21:10:59] -ReimuHakurei- has left the game
[2025-06-02 21:11:00] -ReimuHakurei- has joined the game!
[2025-06-02 21:11:00] -ReimuHakurei- has left the game
[2025-06-02 21:11:00] -ReimuHakurei- has joined the game!
[2025-06-02 21:11:01] -ReimuHakurei- has left the game
[2025-06-02 21:11:01] -ReimuHakurei- has joined the game!
[2025-06-02 21:11:01] -ReimuHakurei- has left the game
[2025-06-02 21:11:02] -ReimuHakurei- has joined the game!
[2025-06-02 21:11:02] -ReimuHakurei- has left the game
[2025-06-02 21:11:07] -ReimuHakurei- has joined the game!
[2025-06-02 21:11:08] Player started the game from menu
[2025-06-02 21:11:09] -ReimuHakurei- has left the game
[2025-06-02 21:11:11] -ReimuHakurei- has joined the game!
[2025-06-02 21:11:12] Player started the game from menu
[2025-06-02 21:11:15] -ReimuHakurei- has left the game
[2025-06-02 21:11:18] -ReimuHakurei- has joined the game!
[2025-06-02 21:11:19] Player started the game from menu
[2025-06-02 21:11:20] -ReimuHakurei- has left the game
[2025-06-02 21:11:37] -ReimuHakurei- has joined the game!
[2025-06-02 21:11:38] Player started the game from menu
[2025-06-02 21:11:39] -ReimuHakurei- has left the game
[2025-06-02 21:11:44] -ReimuHakurei- has joined the game!
[2025-06-02 21:11:45] Player started the game from menu
[2025-06-02 21:11:46] -ReimuHakurei- has left the game
[2025-06-02 21:12:10] -ReimuHakurei- has joined the game!
[2025-06-02 21:12:11] Player started the game from menu
[2025-06-02 21:12:22] -ReimuHakurei- has left the game
[2025-06-02 21:12:28] -ReimuHakurei- has joined the game!
[2025-06-02 21:12:30] -ReimuHakurei- has left the game
[2025-06-02 21:12:37] -ReimuHakurei- has joined the game!
[2025-06-02 21:12:39] Player started the game from menu
[2025-06-02 21:12:49] -ReimuHakurei- has left the game
[2025-06-02 21:13:13] -ReimuHakurei- has joined the game!
[2025-06-02 21:13:14] Player started the game from menu
[2025-06-02 21:13:14] Player moved to (100, 104)
[2025-06-02 21:13:14] Player moved to (100, 108)
[2025-06-02 21:13:14] Player moved to (100, 112)
[2025-06-02 21:13:14] Player moved to (100, 116)
[2025-06-02 21:13:14] Player moved to (100, 120)
[2025-06-02 21:13:14] Player moved to (100, 124)
[2025-06-02 21:13:14] Player moved to (100, 128)
[2025-06-02 21:13:14] Player moved to (100, 132)
[2025-06-02 21:13:14] Player moved to (100, 136)
[2025-06-02 21:13:14] Player moved to (100, 140)
[2025-06-02 21:13:14] Player moved to (100, 144)
[2025-06-02 21:13:14] Player moved to (100, 148)
[2025-06-02 21:13:14] Player moved to (100, 152)
[2025-06-02 21:13:14] Player moved to (100, 156)
[2025-06-02 21:13:14] Player moved to (100, 160)
[2025-06-02 21:13:14] Player moved to (100, 164)
[2025-06-02 21:13:14] Player moved to (100, 168)
[2025-06-02 21:13:14] Player moved to (100, 172)
[2025-06-02 21:13:14] Player moved to (100, 176)
[2025-06-02 21:13:14] Player moved to (100, 180)
[2025-06-02 21:13:14] Player moved to (100, 184)
[2025-06-02 21:13:14] Player moved to (100, 188)
[2025-06-02 21:13:14] Player moved to (100, 192)
[2025-06-02 21:13:14] Player moved to (100, 196)
[2025-06-02 21:13:14] Player moved to (100, 200)
[2025-06-02 21:13:14] Player moved to (100, 204)
[2025-06-02 21:13:14] Player moved to (100, 208)
[2025-06-02 21:13:14] Player moved to (100, 212)
[2025-06-02 21:13:14] Player moved to (100, 216)
[2025-06-02 21:13:14] Player moved to (100, 220)
[2025-06-02 21:13:14] Player moved to (100, 224)
[2025-06-02 21:13:14] Player moved to (100, 228)
[2025-06-02 21:13:15] Player moved to (100, 232)
[2025-06-02 21:13:15] Player moved to (100, 236)
[2025-06-02 21:13:15] Player moved to (100, 240)
[2025-06-02 21:13:15] Player moved to (100, 244)
[2025-06-02 21:13:15] Player moved to (100, 248)
[2025-06-02 21:13:15] Player moved to (100, 252)
[2025-06-02 21:13:15] Player moved to (100, 256)
[2025-06-02 21:13:15] Player moved to (100, 260)
[2025-06-02 21:13:15] Player moved to (100, 264)
[2025-06-02 21:13:15] Player moved to (100, 268)
[2025-06-02 21:13:15] Player moved to (100, 272)
[2025-06-02 21:13:15] Player moved to (100, 276)
[2025-06-02 21:13:15] Player moved to (100, 280)
[2025-06-02 21:13:15] Player moved to (100, 284)
[2025-06-02 21:13:15] Player moved to (100, 288)
[2025-06-02 21:13:15] Player moved to (100, 292)
[2025-06-02 21:13:15] Player moved to (100, 296)
[2025-06-02 21:13:15] Player moved to (100, 300)
[2025-06-02 21:13:15] Player moved to (100, 304)
[2025-06-02 21:13:15] Player moved to (100, 308)
[2025-06-02 21:13:15] Player moved to (100, 312)
[2025-06-02 21:13:15] Player moved to (100, 316)
[2025-06-02 21:13:15] Player moved to (100, 320)
[2025-06-02 21:13:15] Player moved to (100, 324)
[2025-06-02 21:13:15] Player moved to (100, 328)
[2025-06-02 21:13:15] Player moved to (100, 332)
[2025-06-02 21:13:15] Player moved to (100, 336)
[2025-06-02 21:13:15] Player moved to (100, 340)
[2025-06-02 21:13:15] Player moved to (100, 344)
[2025-06-02 21:13:15] Player moved to (100, 348)
[2025-06-02 21:13:15] Player moved to (100, 352)
[2025-06-02 21:13:15] Player moved to (100, 356)
[2025-06-02 21:13:15] Player moved to (100, 360)
[2025-06-02 21:13:15] Player moved to (100, 364)
[2025-06-02 21:13:15] Player moved to (100, 368)
[2025-06-02 21:13:15] Player moved to (100, 372)
[2025-06-02 21:13:15] Player moved to (100, 376)
[2025-06-02 21:13:15] Player moved to (100, 380)
[2025-06-02 21:13:15] Player moved to (100, 384)
[2025-06-02 21:13:15] Player moved to (100, 388)
[2025-06-02 21:13:15] Player moved to (100, 392)
[2025-06-02 21:13:15] Player moved to (100, 396)
[2025-06-02 21:13:15] Player moved to (100, 400)
[2025-06-02 21:13:15] Player moved to (104, 400)
[2025-06-02 21:13:15] Player moved to (108, 400)
[2025-06-02 21:13:15] Player moved to (112, 400)
[2025-06-02 21:13:15] Player moved to (116, 400)
[2025-06-02 21:13:15] Player moved to (120, 400)
[2025-06-02 21:13:15] Player moved to (124, 400)
[2025-06-02 21:13:15] Player moved to (128, 400)
[2025-06-02 21:13:15] Player moved to (132, 400)
[2025-06-02 21:13:15] Player moved to (136, 400)
[2025-06-02 21:13:15] Player moved to (140, 400)
[2025-06-02 21:13:15] Player moved to (144, 400)
[2025-06-02 21:13:15] Player moved to (148, 400)
[2025-06-02 21:13:15] Player moved to (152, 400)
[2025-06-02 21:13:15] Player moved to (156, 400)
[2025-06-02 21:13:15] Player moved to (160, 400)
[2025-06-02 21:13:15] Player moved to (164, 400)
[2025-06-02 21:13:15] Player moved to (168, 400)
[2025-06-02 21:13:15] Player moved to (172, 400)
[2025-06-02 21:13:15] Player moved to (176, 400)
[2025-06-02 21:13:15] Player moved to (180, 400)
[2025-06-02 21:13:15] Player moved to (184, 400)
[2025-06-02 21:13:15] Player moved to (188, 400)
[2025-06-02 21:13:15] Player moved to (192, 400)
[2025-06-02 21:13:15] Player moved to (196, 400)
[2025-06-02 21:13:15] Player moved to (200, 400)
[2025-06-02 21:13:15] Player moved to (204, 400)
[2025-06-02 21:13:15] Player moved to (208, 400)
[2025-06-02 21:13:15] Player moved to (212, 400)
[2025-06-02 21:13:15] Player moved to (216, 400)
[2025-06-02 21:13:15] Player moved to (220, 400)
[2025-06-02 21:13:15] Player moved to (224, 400)
[2025-06-02 21:13:15] Player moved to (228, 400)
[2025-06-02 21:13:15] Player moved to (232, 400)
[2025-06-02 21:13:15] Player moved to (236, 400)
[2025-06-02 21:13:15] Player moved to (240, 400)
[2025-06-02 21:13:15] Player moved to (244, 400)
[2025-06-02 21:13:15] Player moved to (248, 400)
[2025-06-02 21:13:15] Player moved to (252, 400)
[2025-06-02 21:13:15] Player moved to (256, 400)
[2025-06-02 21:13:15] Player moved to (260, 400)
[2025-06-02 21:13:15] Player moved to (264, 400)
[2025-06-02 21:13:15] Player moved to (268, 400)
[2025-06-02 21:13:15] Player moved to (272, 400)
[2025-06-02 21:13:16] Player moved to (268, 400)
[2025-06-02 21:13:16] Player moved to (264, 400)
[2025-06-02 21:13:16] Player moved to (260, 400)
[2025-06-02 21:13:16] Player moved to (256, 400)
[2025-06-02 21:13:16] Player moved to (252, 400)
[2025-06-02 21:13:16] Player moved to (248, 400)
[2025-06-02 21:13:16] Player moved to (244, 400)
[2025-06-02 21:13:16] Player moved to (240, 400)
[2025-06-02 21:13:16] Player moved to (236, 400)
[2025-06-02 21:13:16] Player moved to (232, 400)
[2025-06-02 21:13:16] Player moved to (228, 400)
[2025-06-02 21:13:16] Player moved to (224, 400)
[2025-06-02 21:13:16] Player moved to (220, 400)
[2025-06-02 21:13:16] Player moved to (216, 400)
[2025-06-02 21:13:16] Player moved to (212, 400)
[2025-06-02 21:13:16] Player moved to (208, 400)
[2025-06-02 21:13:16] Player moved to (204, 400)
[2025-06-02 21:13:16] Player moved to (200, 400)
[2025-06-02 21:13:16] Player moved to (196, 400)
[2025-06-02 21:13:16] Player moved to (192, 400)
[2025-06-02 21:13:16] Player moved to (188, 400)
[2025-06-02 21:13:16] Player moved to (184, 400)
[2025-06-02 21:13:16] Player moved to (180, 400)
[2025-06-02 21:13:16] Player moved to (176, 400)
[2025-06-02 21:13:16] Player moved to (172, 400)
[2025-06-02 21:13:16] Player moved to (168, 400)
[2025-06-02 21:13:16] Player moved to (164, 400)
[2025-06-02 21:13:16] Player moved to (160, 400)
[2025-06-02 21:13:16] Player moved to (156, 400)
[2025-06-02 21:13:16] Player moved to (152, 400)
[2025-06-02 21:13:16] Player moved to (148, 400)
[2025-06-02 21:13:16] Player moved to (144, 400)
[2025-06-02 21:13:16] Player moved to (140, 400)
[2025-06-02 21:13:16] Player moved to (136, 400)
[2025-06-02 21:13:16] Player moved to (132, 400)
[2025-06-02 21:13:16] Player moved to (128, 400)
[2025-06-02 21:13:16] Player moved to (124, 400)
[2025-06-02 21:13:16] Player moved to (120, 400)
[2025-06-02 21:13:16] Player moved to (116, 400)
[2025-06-02 21:13:16] Player moved to (112, 400)
[2025-06-02 21:13:16] Player moved to (108, 400)
[2025-06-02 21:13:16] Player moved to (104, 400)
[2025-06-02 21:13:16] Player moved to (100, 400)
[2025-06-02 21:13:16] Player moved to (96, 400)
[2025-06-02 21:13:16] Player moved to (92, 400)
[2025-06-02 21:13:16] Player moved to (88, 400)
[2025-06-02 21:13:16] Player moved to (84, 400)
[2025-06-02 21:13:16] Player moved to (80, 400)
[2025-06-02 21:13:16] Player moved to (76, 400)
[2025-06-02 21:13:16] Player moved to (72, 400)
[2025-06-02 21:13:16] Player moved to (68, 400)
[2025-06-02 21:13:16] Player moved to (64, 400)
[2025-06-02 21:13:16] Player moved to (60, 400)
[2025-06-02 21:13:16] Player moved to (56, 400)
[2025-06-02 21:13:16] Player moved to (52, 400)
[2025-06-02 21:13:16] Player moved to (48, 400)
[2025-06-02 21:13:16] Player moved to (44, 400)
[2025-06-02 21:13:16] Player moved to (40, 400)
[2025-06-02 21:13:16] Player moved to (36, 400)
[2025-06-02 21:13:16] Player moved to (32, 400)
[2025-06-02 21:13:16] Player moved to (28, 400)
[2025-06-02 21:13:16] Player moved to (24, 396)
[2025-06-02 21:13:16] Player moved to (20, 392)
[2025-06-02 21:13:16] Player moved to (16, 388)
[2025-06-02 21:13:16] Player moved to (12, 384)
[2025-06-02 21:13:16] Player moved to (8, 380)
[2025-06-02 21:13:16] Player moved to (4, 376)
[2025-06-02 21:13:16] Player moved to (0, 372)
[2025-06-02 21:13:16] Player moved to (-4, 368)
[2025-06-02 21:13:16] Player moved to (-8, 364)
[2025-06-02 21:13:16] Player moved to (-12, 360)
[2025-06-02 21:13:16] Player moved to (-16, 356)
[2025-06-02 21:13:16] Player moved to (-16, 352)
[2025-06-02 21:13:16] Player moved to (-16, 348)
[2025-06-02 21:13:16] Player moved to (-16, 344)
[2025-06-02 21:13:16] Player moved to (-16, 340)
[2025-06-02 21:13:16] Player moved to (-16, 336)
[2025-06-02 21:13:16] Player moved to (-16, 332)
[2025-06-02 21:13:16] Player moved to (-16, 328)
[2025-06-02 21:13:16] Player moved to (-16, 324)
[2025-06-02 21:13:16] Player moved to (-16, 320)
[2025-06-02 21:13:16] Player moved to (-16, 316)
[2025-06-02 21:13:16] Player moved to (-16, 312)
[2025-06-02 21:13:16] Player moved to (-16, 308)
[2025-06-02 21:13:16] Player moved to (-16, 304)
[2025-06-02 21:13:16] Player moved to (-16, 300)
[2025-06-02 21:13:16] Player moved to (-16, 296)
[2025-06-02 21:13:17] Player moved to (-16, 292)
[2025-06-02 21:13:17] Player moved to (-16, 288)
[2025-06-02 21:13:17] Player moved to (-16, 284)
[2025-06-02 21:13:17] Player moved to (-16, 280)
[2025-06-02 21:13:17] Player moved to (-16, 276)
[2025-06-02 21:13:17] Player moved to (-16, 272)
[2025-06-02 21:13:17] Player moved to (-16, 268)
[2025-06-02 21:13:17] Player moved to (-16, 264)
[2025-06-02 21:13:17] Player moved to (-16, 260)
[2025-06-02 21:13:17] Player moved to (-16, 256)
[2025-06-02 21:13:17] Player moved to (-16, 252)
[2025-06-02 21:13:17] Player moved to (-16, 248)
[2025-06-02 21:13:17] Player moved to (-16, 244)
[2025-06-02 21:13:17] Player moved to (-16, 240)
[2025-06-02 21:13:17] Player moved to (-12, 240)
[2025-06-02 21:13:17] Player moved to (-8, 240)
[2025-06-02 21:13:17] Player moved to (-4, 240)
[2025-06-02 21:13:17] Player moved to (0, 240)
[2025-06-02 21:13:17] Player moved to (4, 240)
[2025-06-02 21:13:17] Player moved to (8, 240)
[2025-06-02 21:13:17] Player moved to (12, 240)
[2025-06-02 21:13:17] Player moved to (16, 240)
[2025-06-02 21:13:17] Player moved to (20, 240)
[2025-06-02 21:13:17] Player moved to (24, 240)
[2025-06-02 21:13:17] Player moved to (28, 240)
[2025-06-02 21:13:17] Player moved to (32, 240)
[2025-06-02 21:13:17] Player moved to (36, 240)
[2025-06-02 21:13:17] Player moved to (40, 240)
[2025-06-02 21:13:17] Player moved to (44, 240)
[2025-06-02 21:13:17] Player moved to (48, 240)
[2025-06-02 21:13:17] Player moved to (52, 240)
[2025-06-02 21:13:17] Player moved to (56, 240)
[2025-06-02 21:13:17] Player moved to (60, 240)
[2025-06-02 21:13:17] Player moved to (60, 244)
[2025-06-02 21:13:17] Player moved to (60, 248)
[2025-06-02 21:13:17] Player moved to (60, 252)
[2025-06-02 21:13:17] Player moved to (60, 256)
[2025-06-02 21:13:17] Player moved to (60, 260)
[2025-06-02 21:13:17] Player moved to (60, 264)
[2025-06-02 21:13:17] Player moved to (60, 268)
[2025-06-02 21:13:17] Player moved to (60, 272)
[2025-06-02 21:13:17] Player moved to (60, 276)
[2025-06-02 21:13:17] Player moved to (60, 280)
[2025-06-02 21:13:17] Player moved to (60, 284)
[2025-06-02 21:13:17] Player moved to (60, 288)
[2025-06-02 21:13:17] Player moved to (60, 292)
[2025-06-02 21:13:17] Player moved to (60, 296)
[2025-06-02 21:13:17] Player moved to (60, 300)
[2025-06-02 21:13:17] Player moved to (60, 304)
[2025-06-02 21:13:17] Player moved to (60, 308)
[2025-06-02 21:13:17] Player moved to (60, 312)
[2025-06-02 21:13:17] Player moved to (60, 316)
[2025-06-02 21:13:17] Player moved to (60, 320)
[2025-06-02 21:13:17] Player moved to (60, 324)
[2025-06-02 21:13:17] Player moved to (60, 328)
[2025-06-02 21:13:17] Player moved to (60, 332)
[2025-06-02 21:13:17] Player moved to (60, 336)
[2025-06-02 21:13:17] Player moved to (60, 340)
[2025-06-02 21:13:17] Player moved to (60, 344)
[2025-06-02 21:13:17] Player moved to (60, 348)
[2025-06-02 21:13:17] Player moved to (60, 352)
[2025-06-02 21:13:17] Player moved to (60, 356)
[2025-06-02 21:13:17] Player moved to (60, 360)
[2025-06-02 21:13:17] Player moved to (56, 364)
[2025-06-02 21:13:17] Player moved to (52, 368)
[2025-06-02 21:13:17] Player moved to (48, 372)
[2025-06-02 21:13:17] Player moved to (44, 372)
[2025-06-02 21:13:18] Player moved to (40, 372)
[2025-06-02 21:13:18] Player moved to (36, 372)
[2025-06-02 21:13:18] Player moved to (32, 372)
[2025-06-02 21:13:18] Player moved to (28, 372)
[2025-06-02 21:13:18] Player moved to (24, 372)
[2025-06-02 21:13:18] Player moved to (20, 372)
[2025-06-02 21:13:18] Player moved to (16, 372)
[2025-06-02 21:13:18] Player moved to (12, 372)
[2025-06-02 21:13:18] Player moved to (8, 372)
[2025-06-02 21:13:18] Player moved to (4, 372)
[2025-06-02 21:13:18] Player moved to (0, 372)
[2025-06-02 21:13:18] Player moved to (-4, 372)
[2025-06-02 21:13:18] Player moved to (-8, 372)
[2025-06-02 21:13:18] Player moved to (-12, 372)
[2025-06-02 21:13:18] Player moved to (-16, 372)
[2025-06-02 21:13:18] Player moved to (-20, 372)
[2025-06-02 21:13:18] Player moved to (-24, 372)
[2025-06-02 21:13:18] Player moved to (-28, 372)
[2025-06-02 21:13:18] Player moved to (-32, 372)
[2025-06-02 21:13:18] Player moved to (-36, 372)
[2025-06-02 21:13:18] Player moved to (-40, 372)
[2025-06-02 21:13:18] Player moved to (-44, 372)
[2025-06-02 21:13:18] Player moved to (-48, 372)
[2025-06-02 21:13:18] Player moved to (-52, 372)
[2025-06-02 21:13:18] Player moved to (-56, 372)
[2025-06-02 21:13:18] Player moved to (-60, 372)
[2025-06-02 21:13:18] Player moved to (-64, 372)
[2025-06-02 21:13:18] Player moved to (-68, 372)
[2025-06-02 21:13:18] Player moved to (-72, 372)
[2025-06-02 21:13:18] Player moved to (-76, 372)
[2025-06-02 21:13:18] Player moved to (-80, 372)
[2025-06-02 21:13:18] Player moved to (-84, 372)
[2025-06-02 21:13:18] Player moved to (-88, 372)
[2025-06-02 21:13:18] Player moved to (-92, 372)
[2025-06-02 21:13:18] Player moved to (-96, 372)
[2025-06-02 21:13:18] Player moved to (-100, 372)
[2025-06-02 21:13:18] Player moved to (-104, 372)
[2025-06-02 21:13:18] Player moved to (-108, 372)
[2025-06-02 21:13:18] Player moved to (-112, 372)
[2025-06-02 21:13:18] Player moved to (-116, 372)
[2025-06-02 21:13:18] Player moved to (-120, 372)
[2025-06-02 21:13:18] Player moved to (-124, 372)
[2025-06-02 21:13:18] Player moved to (-128, 372)
[2025-06-02 21:13:18] Player moved to (-132, 372)
[2025-06-02 21:13:18] Player moved to (-136, 372)
[2025-06-02 21:13:18] Player moved to (-140, 372)
[2025-06-02 21:13:18] Player moved to (-144, 372)
[2025-06-02 21:13:18] Player moved to (-148, 372)
[2025-06-02 21:13:18] Player moved to (-152, 372)
[2025-06-02 21:13:18] Player moved to (-156, 372)
[2025-06-02 21:13:18] Player moved to (-160, 372)
[2025-06-02 21:13:18] Player moved to (-164, 372)
[2025-06-02 21:13:18] Player moved to (-168, 372)
[2025-06-02 21:13:18] Player moved to (-172, 372)
[2025-06-02 21:13:18] Player moved to (-176, 372)
[2025-06-02 21:13:18] Player moved to (-180, 372)
[2025-06-02 21:13:18] Player moved to (-184, 372)
[2025-06-02 21:13:18] Player moved to (-188, 372)
[2025-06-02 21:13:18] Player moved to (-192, 372)
[2025-06-02 21:13:18] Player moved to (-196, 372)
[2025-06-02 21:13:18] Player moved to (-200, 372)
[2025-06-02 21:13:18] Player moved to (-204, 372)
[2025-06-02 21:13:18] Player moved to (-208, 372)
[2025-06-02 21:13:18] Player moved to (-212, 372)
[2025-06-02 21:13:18] Player moved to (-216, 372)
[2025-06-02 21:13:18] Player moved to (-220, 372)
[2025-06-02 21:13:18] Player moved to (-224, 372)
[2025-06-02 21:13:18] Player moved to (-228, 372)
[2025-06-02 21:13:18] Player moved to (-224, 372)
[2025-06-02 21:13:18] Player moved to (-220, 372)
[2025-06-02 21:13:18] Player moved to (-216, 372)
[2025-06-02 21:13:18] Player moved to (-212, 372)
[2025-06-02 21:13:18] Player moved to (-208, 372)
[2025-06-02 21:13:18] Player moved to (-204, 372)
[2025-06-02 21:13:18] Player moved to (-200, 372)
[2025-06-02 21:13:18] Player moved to (-196, 372)
[2025-06-02 21:13:18] Player moved to (-192, 372)
[2025-06-02 21:13:18] Player moved to (-188, 372)
[2025-06-02 21:13:18] Player moved to (-184, 372)
[2025-06-02 21:13:18] Player moved to (-180, 372)
[2025-06-02 21:13:18] Player moved to (-176, 372)
[2025-06-02 21:13:18] Player moved to (-172, 372)
[2025-06-02 21:13:18] Player moved to (-168, 372)
[2025-06-02 21:13:18] Player moved to (-164, 372)
[2025-06-02 21:13:18] Player moved to (-160, 372)
[2025-06-02 21:13:18] Player moved to (-156, 372)
[2025-06-02 21:13:18] Player moved to (-152, 372)
[2025-06-02 21:13:18] Player moved to (-148, 372)
[2025-06-02 21:13:18] Player moved to (-144, 372)
[2025-06-02 21:13:18] Player moved to (-140, 372)
[2025-06-02 21:13:18] Player moved to (-136, 372)
[2025-06-02 21:13:18] Player moved to (-132, 372)
[2025-06-02 21:13:18] Player moved to (-128, 372)
[2025-06-02 21:13:18] Player moved to (-124, 372)
[2025-06-02 21:13:18] Player moved to (-120, 372)
[2025-06-02 21:13:18] Player moved to (-116, 372)
[2025-06-02 21:13:18] Player moved to (-112, 372)
[2025-06-02 21:13:18] Player moved to (-108, 372)
[2025-06-02 21:13:18] Player moved to (-104, 372)
[2025-06-02 21:13:18] Player moved to (-100, 372)
[2025-06-02 21:13:18] Player moved to (-96, 372)
[2025-06-02 21:13:18] Player moved to (-92, 372)
[2025-06-02 21:13:18] Player moved to (-88, 372)
[2025-06-02 21:13:18] Player moved to (-84, 372)
[2025-06-02 21:13:18] Player moved to (-80, 372)
[2025-06-02 21:13:18] Player moved to (-76, 372)
[2025-06-02 21:13:18] Player moved to (-72, 372)
[2025-06-02 21:13:18] Player moved to (-68, 372)
[2025-06-02 21:13:18] Player moved to (-64, 372)
[2025-06-02 21:13:18] Player moved to (-60, 372)
[2025-06-02 21:13:18] Player moved to (-56, 372)
[2025-06-02 21:13:18] Player moved to (-52, 372)
[2025-06-02 21:13:18] Player moved to (-48, 372)
[2025-06-02 21:13:18] Player moved to (-44, 372)
[2025-06-02 21:13:18] Player moved to (-40, 372)
[2025-06-02 21:13:18] Player moved to (-36, 372)
[2025-06-02 21:13:18] Player moved to (-32, 372)
[2025-06-02 21:13:18] Player moved to (-28, 372)
[2025-06-02 21:13:19] Player moved to (-24, 372)
[2025-06-02 21:13:19] Player moved to (-20, 372)
[2025-06-02 21:13:19] Player moved to (-16, 372)
[2025-06-02 21:13:19] Player moved to (-12, 372)
[2025-06-02 21:13:19] Player moved to (-8, 372)
[2025-06-02 21:13:19] Player moved to (-4, 372)
[2025-06-02 21:13:19] Player moved to (0, 372)
[2025-06-02 21:13:19] Player moved to (4, 372)
[2025-06-02 21:13:19] Player moved to (8, 372)
[2025-06-02 21:13:19] Player moved to (12, 372)
[2025-06-02 21:13:19] Player moved to (16, 372)
[2025-06-02 21:13:19] Player moved to (20, 372)
[2025-06-02 21:13:19] Player moved to (24, 372)
[2025-06-02 21:13:19] Player moved to (28, 372)
[2025-06-02 21:13:19] Player moved to (32, 372)
[2025-06-02 21:13:19] Player moved to (36, 372)
[2025-06-02 21:13:19] Player moved to (40, 372)
[2025-06-02 21:13:19] Player moved to (44, 372)
[2025-06-02 21:13:19] Player moved to (48, 372)
[2025-06-02 21:13:19] Player moved to (52, 372)
[2025-06-02 21:13:19] Player moved to (56, 372)
[2025-06-02 21:13:19] Player moved to (60, 372)
[2025-06-02 21:13:19] Player moved to (64, 372)
[2025-06-02 21:13:19] Player moved to (68, 372)
[2025-06-02 21:13:19] Player moved to (72, 372)
[2025-06-02 21:13:19] Player moved to (76, 372)
[2025-06-02 21:13:19] Player moved to (80, 372)
[2025-06-02 21:13:19] Player moved to (84, 372)
[2025-06-02 21:13:19] Player moved to (88, 372)
[2025-06-02 21:13:19] Player moved to (92, 372)
[2025-06-02 21:13:19] Player moved to (96, 372)
[2025-06-02 21:13:19] Player moved to (100, 372)
[2025-06-02 21:13:19] Player moved to (104, 372)
[2025-06-02 21:13:19] Player moved to (108, 372)
[2025-06-02 21:13:19] Player moved to (112, 372)
[2025-06-02 21:13:19] Player moved to (116, 372)
[2025-06-02 21:13:19] Player moved to (120, 372)
[2025-06-02 21:13:19] Player moved to (124, 372)
[2025-06-02 21:13:19] Player moved to (128, 372)
[2025-06-02 21:13:19] Player moved to (132, 372)
[2025-06-02 21:13:19] Player moved to (136, 372)
[2025-06-02 21:13:19] Player moved to (140, 372)
[2025-06-02 21:13:19] Player moved to (140, 376)
[2025-06-02 21:13:19] Player moved to (140, 380)
[2025-06-02 21:13:19] Player moved to (140, 384)
[2025-06-02 21:13:19] Player moved to (140, 388)
[2025-06-02 21:13:19] Player moved to (140, 392)
[2025-06-02 21:13:19] Player moved to (140, 396)
[2025-06-02 21:13:19] Player moved to (140, 400)
[2025-06-02 21:13:19] Player moved to (140, 404)
[2025-06-02 21:13:19] Player moved to (140, 408)
[2025-06-02 21:13:19] Player moved to (140, 412)
[2025-06-02 21:13:19] Player moved to (140, 416)
[2025-06-02 21:13:19] Player moved to (140, 420)
[2025-06-02 21:13:19] Player moved to (136, 420)
[2025-06-02 21:13:19] Player moved to (132, 420)
[2025-06-02 21:13:19] Player moved to (128, 420)
[2025-06-02 21:13:19] Player moved to (124, 420)
[2025-06-02 21:13:19] Player moved to (120, 420)
[2025-06-02 21:13:19] Player moved to (116, 420)
[2025-06-02 21:13:19] Player moved to (112, 420)
[2025-06-02 21:13:19] Player moved to (108, 420)
[2025-06-02 21:13:19] Player moved to (104, 420)
[2025-06-02 21:13:19] Player moved to (100, 420)
[2025-06-02 21:13:19] Player moved to (96, 420)
[2025-06-02 21:13:19] Player moved to (92, 420)
[2025-06-02 21:13:19] Player moved to (88, 420)
[2025-06-02 21:13:19] Player moved to (84, 416)
[2025-06-02 21:13:19] Player moved to (80, 412)
[2025-06-02 21:13:19] Player moved to (76, 408)
[2025-06-02 21:13:19] Player moved to (72, 404)
[2025-06-02 21:13:19] Player moved to (68, 400)
[2025-06-02 21:13:19] Player moved to (64, 396)
[2025-06-02 21:13:19] Player moved to (60, 392)
[2025-06-02 21:13:19] Player moved to (56, 388)
[2025-06-02 21:13:19] Player moved to (52, 384)
[2025-06-02 21:13:20] Player moved to (52, 380)
[2025-06-02 21:13:20] Player moved to (52, 376)
[2025-06-02 21:13:20] Player moved to (52, 372)
[2025-06-02 21:13:20] Player moved to (52, 368)
[2025-06-02 21:13:20] Player moved to (52, 364)
[2025-06-02 21:13:20] Player moved to (52, 360)
[2025-06-02 21:13:20] Player moved to (52, 356)
[2025-06-02 21:13:20] Player moved to (52, 352)
[2025-06-02 21:13:20] Player moved to (52, 348)
[2025-06-02 21:13:20] Player moved to (52, 344)
[2025-06-02 21:13:20] Player moved to (52, 340)
[2025-06-02 21:13:20] Player moved to (52, 336)
[2025-06-02 21:13:20] Player moved to (52, 332)
[2025-06-02 21:13:20] Player moved to (52, 328)
[2025-06-02 21:13:20] Player moved to (52, 324)
[2025-06-02 21:13:20] Player moved to (52, 320)
[2025-06-02 21:13:20] Player moved to (52, 316)
[2025-06-02 21:13:20] Player moved to (52, 312)
[2025-06-02 21:13:20] Player moved to (52, 308)
[2025-06-02 21:13:20] Player moved to (52, 304)
[2025-06-02 21:13:20] Player moved to (52, 300)
[2025-06-02 21:13:20] Player moved to (52, 296)
[2025-06-02 21:13:20] Player moved to (52, 292)
[2025-06-02 21:13:20] Player moved to (52, 288)
[2025-06-02 21:13:20] Player moved to (52, 284)
[2025-06-02 21:13:20] Player moved to (52, 280)
[2025-06-02 21:13:20] Player moved to (52, 276)
[2025-06-02 21:13:20] Player moved to (52, 280)
[2025-06-02 21:13:20] Player moved to (52, 284)
[2025-06-02 21:13:20] Player moved to (52, 288)
[2025-06-02 21:13:20] Player moved to (52, 292)
[2025-06-02 21:13:20] Player moved to (52, 296)
[2025-06-02 21:13:20] Player moved to (52, 300)
[2025-06-02 21:13:20] Player moved to (52, 304)
[2025-06-02 21:13:20] Player moved to (52, 308)
[2025-06-02 21:13:20] Player moved to (52, 312)
[2025-06-02 21:13:21] Player moved to (52, 316)
[2025-06-02 21:13:21] Player moved to (52, 320)
[2025-06-02 21:13:21] Player moved to (52, 324)
[2025-06-02 21:13:21] Player moved to (52, 328)
[2025-06-02 21:13:21] Player moved to (52, 332)
[2025-06-02 21:13:21] Player moved to (52, 336)
[2025-06-02 21:13:21] Player moved to (52, 340)
[2025-06-02 21:13:21] Player moved to (52, 344)
[2025-06-02 21:13:21] Player moved to (52, 348)
[2025-06-02 21:13:21] Player moved to (52, 352)
[2025-06-02 21:13:21] Player moved to (52, 356)
[2025-06-02 21:13:21] Player moved to (52, 360)
[2025-06-02 21:13:21] Player moved to (52, 364)
[2025-06-02 21:13:21] Player moved to (52, 368)
[2025-06-02 21:13:21] Player moved to (52, 372)
[2025-06-02 21:13:21] Player moved to (52, 376)
[2025-06-02 21:13:21] Player moved to (56, 376)
[2025-06-02 21:13:21] Player moved to (60, 376)
[2025-06-02 21:13:21] Player moved to (64, 376)
[2025-06-02 21:13:21] Player moved to (68, 376)
[2025-06-02 21:13:21] Player moved to (72, 376)
[2025-06-02 21:13:21] Player moved to (76, 376)
[2025-06-02 21:13:21] Player moved to (80, 376)
[2025-06-02 21:13:21] Player moved to (84, 376)
[2025-06-02 21:13:22] -ReimuHakurei- shot bullet at (1, 0)
[2025-06-02 21:13:22] Bullet hit enemy!
[2025-06-02 21:13:22] Player moved to (84, 380)
[2025-06-02 21:13:22] Player moved to (84, 384)
[2025-06-02 21:13:22] Player moved to (84, 388)
[2025-06-02 21:13:22] Player moved to (84, 392)
[2025-06-02 21:13:22] Player moved to (84, 396)
[2025-06-02 21:13:22] Player moved to (84, 400)
[2025-06-02 21:13:22] Player moved to (84, 404)
[2025-06-02 21:13:22] Player moved to (84, 408)
[2025-06-02 21:13:22] Player moved to (84, 412)
[2025-06-02 21:13:22] Player moved to (84, 416)
[2025-06-02 21:13:22] Player moved to (84, 420)
[2025-06-02 21:13:22] Player moved to (84, 424)
[2025-06-02 21:13:22] Player moved to (84, 428)
[2025-06-02 21:13:23] Player moved to (84, 432)
[2025-06-02 21:13:23] Player moved to (84, 436)
[2025-06-02 21:13:23] Player moved to (84, 440)
[2025-06-02 21:13:23] Player moved to (84, 444)
[2025-06-02 21:13:23] Player moved to (84, 448)
[2025-06-02 21:13:23] Player moved to (84, 452)
[2025-06-02 21:13:23] Player moved to (84, 456)
[2025-06-02 21:13:23] Player moved to (84, 460)
[2025-06-02 21:13:23] Player moved to (88, 460)
[2025-06-02 21:13:23] Player moved to (92, 460)
[2025-06-02 21:13:23] Player moved to (96, 460)
[2025-06-02 21:13:23] Player moved to (100, 460)
[2025-06-02 21:13:23] Player moved to (104, 460)
[2025-06-02 21:13:23] Player moved to (108, 460)
[2025-06-02 21:13:23] Player moved to (112, 460)
[2025-06-02 21:13:23] Player moved to (116, 460)
[2025-06-02 21:13:23] Player moved to (120, 460)
[2025-06-02 21:13:23] Player moved to (124, 460)
[2025-06-02 21:13:23] Player moved to (128, 460)
[2025-06-02 21:13:23] Player moved to (132, 460)
[2025-06-02 21:13:23] Player moved to (136, 460)
[2025-06-02 21:13:23] Player moved to (140, 460)
[2025-06-02 21:13:23] Player moved to (144, 460)
[2025-06-02 21:13:23] Player moved to (148, 460)
[2025-06-02 21:13:23] -ReimuHakurei- shot bullet at (1, 0)
[2025-06-02 21:13:23] Player moved to (152, 460)
[2025-06-02 21:13:23] Player moved to (156, 460)
[2025-06-02 21:13:23] Player moved to (160, 460)
[2025-06-02 21:13:23] Player moved to (164, 460)
[2025-06-02 21:13:23] Player moved to (168, 460)
[2025-06-02 21:13:23] Player moved to (172, 460)
[2025-06-02 21:13:23] Player moved to (176, 460)
[2025-06-02 21:13:23] Player moved to (180, 460)
[2025-06-02 21:13:23] Player moved to (184, 460)
[2025-06-02 21:13:23] Player moved to (188, 460)
[2025-06-02 21:13:23] Player moved to (192, 460)
[2025-06-02 21:13:23] Player moved to (196, 460)
[2025-06-02 21:13:23] Player moved to (200, 460)
[2025-06-02 21:13:23] Player moved to (204, 460)
[2025-06-02 21:13:23] Player moved to (208, 460)
[2025-06-02 21:13:23] Player moved to (212, 460)
[2025-06-02 21:13:23] Player moved to (216, 460)
[2025-06-02 21:13:23] Player moved to (220, 460)
[2025-06-02 21:13:23] Player moved to (224, 460)
[2025-06-02 21:13:23] Player moved to (228, 460)
[2025-06-02 21:13:23] Player moved to (232, 460)
[2025-06-02 21:13:23] Player moved to (236, 460)
[2025-06-02 21:13:23] Player moved to (240, 460)
[2025-06-02 21:13:23] Player moved to (244, 460)
[2025-06-02 21:13:23] Player moved to (248, 460)
[2025-06-02 21:13:23] Player moved to (252, 460)
[2025-06-02 21:13:23] Player moved to (256, 460)
[2025-06-02 21:13:23] Player moved to (260, 460)
[2025-06-02 21:13:23] Player moved to (264, 460)
[2025-06-02 21:13:23] Player moved to (268, 460)
[2025-06-02 21:13:23] Player moved to (272, 460)
[2025-06-02 21:13:23] Player moved to (276, 460)
[2025-06-02 21:13:23] Player moved to (280, 460)
[2025-06-02 21:13:23] Player moved to (284, 460)
[2025-06-02 21:13:23] Player moved to (288, 460)
[2025-06-02 21:13:23] Player moved to (292, 460)
[2025-06-02 21:13:23] Player moved to (296, 460)
[2025-06-02 21:13:23] Player moved to (300, 460)
[2025-06-02 21:13:23] Player moved to (304, 460)
[2025-06-02 21:13:23] Player moved to (308, 460)
[2025-06-02 21:13:23] Player moved to (312, 460)
[2025-06-02 21:13:23] Player moved to (316, 460)
[2025-06-02 21:13:23] Player moved to (320, 460)
[2025-06-02 21:13:23] Player moved to (324, 460)
[2025-06-02 21:13:23] Player moved to (328, 460)
[2025-06-02 21:13:23] Player moved to (332, 460)
[2025-06-02 21:13:23] Player moved to (336, 460)
[2025-06-02 21:13:23] Player moved to (340, 460)
[2025-06-02 21:13:23] Player moved to (344, 460)
[2025-06-02 21:13:23] Player moved to (348, 460)
[2025-06-02 21:13:23] Player moved to (352, 456)
[2025-06-02 21:13:23] Player moved to (356, 452)
[2025-06-02 21:13:23] Player moved to (360, 448)
[2025-06-02 21:13:23] Player moved to (364, 444)
[2025-06-02 21:13:23] Player moved to (368, 440)
[2025-06-02 21:13:23] Player moved to (372, 436)
[2025-06-02 21:13:23] Player moved to (376, 432)
[2025-06-02 21:13:23] Player moved to (380, 428)
[2025-06-02 21:13:23] Player moved to (384, 424)
[2025-06-02 21:13:23] Player moved to (388, 420)
[2025-06-02 21:13:23] Player moved to (388, 416)
[2025-06-02 21:13:23] Player moved to (388, 412)
[2025-06-02 21:13:23] Player moved to (388, 408)
[2025-06-02 21:13:23] Player moved to (388, 404)
[2025-06-02 21:13:23] Player moved to (388, 400)
[2025-06-02 21:13:23] Player moved to (388, 396)
[2025-06-02 21:13:23] Player moved to (388, 392)
[2025-06-02 21:13:23] Player moved to (388, 388)
[2025-06-02 21:13:24] Player moved to (388, 384)
[2025-06-02 21:13:24] Player moved to (388, 380)
[2025-06-02 21:13:24] Player moved to (388, 376)
[2025-06-02 21:13:24] Player moved to (388, 372)
[2025-06-02 21:13:24] Player moved to (388, 368)
[2025-06-02 21:13:24] Player moved to (388, 364)
[2025-06-02 21:13:24] Player moved to (388, 360)
[2025-06-02 21:13:24] Player moved to (388, 356)
[2025-06-02 21:13:24] Player moved to (388, 352)
[2025-06-02 21:13:24] Player moved to (388, 348)
[2025-06-02 21:13:24] Player moved to (388, 344)
[2025-06-02 21:13:24] Player moved to (388, 340)
[2025-06-02 21:13:24] Player moved to (388, 336)
[2025-06-02 21:13:24] Player moved to (388, 332)
[2025-06-02 21:13:24] Player moved to (388, 328)
[2025-06-02 21:13:24] Player moved to (388, 324)
[2025-06-02 21:13:24] Player moved to (388, 320)
[2025-06-02 21:13:24] Player moved to (388, 316)
[2025-06-02 21:13:24] Player moved to (392, 316)
[2025-06-02 21:13:24] Player moved to (396, 316)
[2025-06-02 21:13:24] Player moved to (400, 316)
[2025-06-02 21:13:24] Player moved to (404, 316)
[2025-06-02 21:13:24] Player moved to (408, 316)
[2025-06-02 21:13:24] Player moved to (412, 316)
[2025-06-02 21:13:24] Player moved to (416, 316)
[2025-06-02 21:13:24] Player moved to (420, 316)
[2025-06-02 21:13:24] Player moved to (424, 316)
[2025-06-02 21:13:24] Player moved to (428, 316)
[2025-06-02 21:13:24] Player moved to (432, 316)
[2025-06-02 21:13:24] Player moved to (436, 316)
[2025-06-02 21:13:24] Player moved to (440, 316)
[2025-06-02 21:13:24] -ReimuHakurei- shot bullet at (1, 0)
[2025-06-02 21:13:24] Bullet hit enemy!
[2025-06-02 21:13:24] Player moved to (440, 320)
[2025-06-02 21:13:24] Player moved to (440, 324)
[2025-06-02 21:13:24] Player moved to (440, 328)
[2025-06-02 21:13:24] Player moved to (440, 332)
[2025-06-02 21:13:24] Player moved to (440, 336)
[2025-06-02 21:13:24] Player moved to (440, 340)
[2025-06-02 21:13:24] Player moved to (440, 344)
[2025-06-02 21:13:24] Player moved to (440, 348)
[2025-06-02 21:13:24] Player moved to (440, 352)
[2025-06-02 21:13:24] Player moved to (440, 356)
[2025-06-02 21:13:24] Player moved to (440, 360)
[2025-06-02 21:13:25] Player moved to (440, 364)
[2025-06-02 21:13:25] Player moved to (440, 368)
[2025-06-02 21:13:25] Player moved to (440, 372)
[2025-06-02 21:13:25] Player moved to (440, 376)
[2025-06-02 21:13:25] Player moved to (440, 380)
[2025-06-02 21:13:25] Player moved to (440, 384)
[2025-06-02 21:13:25] Player moved to (440, 388)
[2025-06-02 21:13:25] Player moved to (440, 392)
[2025-06-02 21:13:25] Player moved to (440, 396)
[2025-06-02 21:13:25] Player moved to (440, 400)
[2025-06-02 21:13:25] Player moved to (440, 404)
[2025-06-02 21:13:25] Player moved to (440, 408)
[2025-06-02 21:13:25] Player moved to (440, 412)
[2025-06-02 21:13:25] Player moved to (440, 416)
[2025-06-02 21:13:25] Player moved to (440, 420)
[2025-06-02 21:13:25] Player moved to (440, 424)
[2025-06-02 21:13:25] Player moved to (440, 428)
[2025-06-02 21:13:25] Player moved to (436, 428)
[2025-06-02 21:13:25] Player moved to (432, 428)
[2025-06-02 21:13:25] Player moved to (428, 428)
[2025-06-02 21:13:25] Player moved to (424, 428)
[2025-06-02 21:13:25] Player moved to (420, 428)
[2025-06-02 21:13:25] Player moved to (416, 428)
[2025-06-02 21:13:25] Player moved to (412, 428)
[2025-06-02 21:13:25] Player moved to (408, 428)
[2025-06-02 21:13:25] Player moved to (404, 428)
[2025-06-02 21:13:25] Player moved to (400, 428)
[2025-06-02 21:13:25] Player moved to (396, 428)
[2025-06-02 21:13:25] Player moved to (392, 428)
[2025-06-02 21:13:25] Player moved to (388, 428)
[2025-06-02 21:13:25] Player moved to (384, 428)
[2025-06-02 21:13:25] Player moved to (380, 428)
[2025-06-02 21:13:25] Player moved to (376, 428)
[2025-06-02 21:13:25] Player moved to (372, 428)
[2025-06-02 21:13:25] Player moved to (368, 428)
[2025-06-02 21:13:25] Player moved to (364, 428)
[2025-06-02 21:13:25] Player moved to (360, 428)
[2025-06-02 21:13:25] Player moved to (356, 428)
[2025-06-02 21:13:25] Player moved to (352, 428)
[2025-06-02 21:13:25] Player moved to (348, 428)
[2025-06-02 21:13:25] Player moved to (344, 428)
[2025-06-02 21:13:25] Player moved to (340, 424)
[2025-06-02 21:13:25] Player moved to (336, 420)
[2025-06-02 21:13:25] Player moved to (332, 416)
[2025-06-02 21:13:25] Player moved to (328, 412)
[2025-06-02 21:13:25] Player moved to (324, 408)
[2025-06-02 21:13:25] Player moved to (320, 404)
[2025-06-02 21:13:25] Player moved to (316, 400)
[2025-06-02 21:13:25] Player moved to (312, 396)
[2025-06-02 21:13:25] Player moved to (308, 392)
[2025-06-02 21:13:25] Player moved to (304, 388)
[2025-06-02 21:13:25] Player moved to (300, 384)
[2025-06-02 21:13:25] Player moved to (296, 380)
[2025-06-02 21:13:25] Player moved to (292, 376)
[2025-06-02 21:13:25] Player moved to (288, 372)
[2025-06-02 21:13:25] Player moved to (284, 368)
[2025-06-02 21:13:25] Player moved to (280, 364)
[2025-06-02 21:13:25] Player moved to (276, 360)
[2025-06-02 21:13:25] Player moved to (276, 356)
[2025-06-02 21:13:25] Player moved to (276, 352)
[2025-06-02 21:13:25] Player moved to (276, 348)
[2025-06-02 21:13:25] Player moved to (280, 348)
[2025-06-02 21:13:25] Player moved to (284, 348)
[2025-06-02 21:13:25] Player moved to (288, 348)
[2025-06-02 21:13:25] Player moved to (292, 348)
[2025-06-02 21:13:25] Player moved to (296, 348)
[2025-06-02 21:13:25] Player moved to (300, 348)
[2025-06-02 21:13:25] Player moved to (304, 348)
[2025-06-02 21:13:25] Player moved to (308, 348)
[2025-06-02 21:13:25] Player moved to (312, 348)
[2025-06-02 21:13:25] Player moved to (316, 348)
[2025-06-02 21:13:25] Player moved to (320, 348)
[2025-06-02 21:13:25] Player moved to (324, 348)
[2025-06-02 21:13:25] Player moved to (328, 348)
[2025-06-02 21:13:25] Player moved to (332, 348)
[2025-06-02 21:13:25] Player moved to (336, 348)
[2025-06-02 21:13:25] Player moved to (340, 348)
[2025-06-02 21:13:25] Player moved to (344, 348)
[2025-06-02 21:13:25] Player moved to (348, 348)
[2025-06-02 21:13:25] Player moved to (352, 348)
[2025-06-02 21:13:25] Player moved to (356, 348)
[2025-06-02 21:13:25] Player moved to (360, 352)
[2025-06-02 21:13:25] Player moved to (364, 356)
[2025-06-02 21:13:25] Player moved to (368, 360)
[2025-06-02 21:13:25] Player moved to (372, 364)
[2025-06-02 21:13:25] Player moved to (376, 368)
[2025-06-02 21:13:25] Player moved to (380, 372)
[2025-06-02 21:13:25] Player moved to (384, 376)
[2025-06-02 21:13:25] Player moved to (388, 380)
[2025-06-02 21:13:25] Player moved to (392, 384)
[2025-06-02 21:13:25] Player moved to (396, 388)
[2025-06-02 21:13:25] Player moved to (400, 392)
[2025-06-02 21:13:25] Player moved to (404, 396)
[2025-06-02 21:13:25] Player moved to (404, 400)
[2025-06-02 21:13:25] Player moved to (404, 404)
[2025-06-02 21:13:25] Player moved to (404, 408)
[2025-06-02 21:13:25] Player moved to (404, 412)
[2025-06-02 21:13:25] Player moved to (404, 416)
[2025-06-02 21:13:25] Player moved to (400, 420)
[2025-06-02 21:13:25] Player moved to (396, 424)
[2025-06-02 21:13:25] Player moved to (392, 428)
[2025-06-02 21:13:25] Player moved to (388, 428)
[2025-06-02 21:13:25] Player moved to (384, 428)
[2025-06-02 21:13:25] Player moved to (380, 428)
[2025-06-02 21:13:25] Player moved to (376, 428)
[2025-06-02 21:13:25] Player moved to (372, 428)
[2025-06-02 21:13:25] Player moved to (368, 428)
[2025-06-02 21:13:25] Player moved to (364, 428)
[2025-06-02 21:13:25] Player moved to (360, 428)
[2025-06-02 21:13:25] Player moved to (356, 428)
[2025-06-02 21:13:25] Player moved to (352, 428)
[2025-06-02 21:13:25] Player moved to (348, 428)
[2025-06-02 21:13:25] Player moved to (344, 428)
[2025-06-02 21:13:25] Player moved to (340, 428)
[2025-06-02 21:13:25] Player moved to (336, 428)
[2025-06-02 21:13:25] Player moved to (332, 424)
[2025-06-02 21:13:25] Player moved to (328, 420)
[2025-06-02 21:13:25] Player moved to (324, 416)
[2025-06-02 21:13:25] Player moved to (320, 412)
[2025-06-02 21:13:25] Player moved to (316, 408)
[2025-06-02 21:13:25] Player moved to (312, 404)
[2025-06-02 21:13:25] Player moved to (308, 400)
[2025-06-02 21:13:25] Player moved to (304, 396)
[2025-06-02 21:13:25] Player moved to (304, 392)
[2025-06-02 21:13:25] Player moved to (304, 388)
[2025-06-02 21:13:25] Player moved to (304, 384)
[2025-06-02 21:13:25] Player moved to (304, 380)
[2025-06-02 21:13:25] Player moved to (304, 376)
[2025-06-02 21:13:25] Player moved to (304, 372)
[2025-06-02 21:13:25] Player moved to (308, 368)
[2025-06-02 21:13:25] Player moved to (312, 364)
[2025-06-02 21:13:25] Player moved to (316, 360)
[2025-06-02 21:13:25] Player moved to (320, 360)
[2025-06-02 21:13:25] Player moved to (324, 360)
[2025-06-02 21:13:25] Player moved to (328, 360)
[2025-06-02 21:13:25] Player moved to (332, 360)
[2025-06-02 21:13:25] Player moved to (336, 360)
[2025-06-02 21:13:25] Player moved to (340, 360)
[2025-06-02 21:13:25] Player moved to (344, 360)
[2025-06-02 21:13:25] Player moved to (348, 360)
[2025-06-02 21:13:25] Player moved to (352, 360)
[2025-06-02 21:13:25] Player moved to (356, 360)
[2025-06-02 21:13:25] Player moved to (360, 360)
[2025-06-02 21:13:25] Player moved to (364, 360)
[2025-06-02 21:13:26] Player moved to (368, 360)
[2025-06-02 21:13:26] Player moved to (372, 364)
[2025-06-02 21:13:26] Player moved to (376, 368)
[2025-06-02 21:13:26] Player moved to (380, 372)
[2025-06-02 21:13:26] Player moved to (384, 376)
[2025-06-02 21:13:26] Player moved to (388, 380)
[2025-06-02 21:13:26] Player moved to (392, 384)
[2025-06-02 21:13:26] Player moved to (396, 388)
[2025-06-02 21:13:26] Player moved to (400, 392)
[2025-06-02 21:13:26] Player moved to (404, 396)
[2025-06-02 21:13:26] Player moved to (408, 400)
[2025-06-02 21:13:26] Player moved to (412, 404)
[2025-06-02 21:13:26] Player moved to (416, 408)
[2025-06-02 21:13:26] Player moved to (416, 412)
[2025-06-02 21:13:26] Player moved to (416, 416)
[2025-06-02 21:13:26] Player moved to (412, 420)
[2025-06-02 21:13:26] Player moved to (408, 424)
[2025-06-02 21:13:26] Player moved to (404, 424)
[2025-06-02 21:13:26] Player moved to (400, 424)
[2025-06-02 21:13:26] Player moved to (396, 424)
[2025-06-02 21:13:26] Player moved to (392, 424)
[2025-06-02 21:13:26] Player moved to (388, 424)
[2025-06-02 21:13:26] Player moved to (384, 424)
[2025-06-02 21:13:26] Player moved to (380, 424)
[2025-06-02 21:13:26] Player moved to (376, 424)
[2025-06-02 21:13:26] Player moved to (372, 424)
[2025-06-02 21:13:26] Player moved to (368, 424)
[2025-06-02 21:13:26] Player moved to (364, 424)
[2025-06-02 21:13:26] Player moved to (360, 424)
[2025-06-02 21:13:26] Player moved to (356, 420)
[2025-06-02 21:13:26] Player moved to (352, 416)
[2025-06-02 21:13:26] Player moved to (348, 412)
[2025-06-02 21:13:26] Player moved to (344, 408)
[2025-06-02 21:13:26] Player moved to (340, 404)
[2025-06-02 21:13:26] Player moved to (336, 400)
[2025-06-02 21:13:26] Player moved to (332, 396)
[2025-06-02 21:13:26] Player moved to (328, 392)
[2025-06-02 21:13:26] Player moved to (324, 388)
[2025-06-02 21:13:26] Player moved to (320, 384)
[2025-06-02 21:13:26] Player moved to (316, 380)
[2025-06-02 21:13:26] Player moved to (312, 376)
[2025-06-02 21:13:26] Player moved to (308, 372)
[2025-06-02 21:13:26] Player moved to (308, 368)
[2025-06-02 21:13:26] Player moved to (308, 364)
[2025-06-02 21:13:26] Player moved to (308, 360)
[2025-06-02 21:13:26] Player moved to (308, 356)
[2025-06-02 21:13:26] Player moved to (312, 356)
[2025-06-02 21:13:26] Player moved to (316, 356)
[2025-06-02 21:13:26] Player moved to (320, 356)
[2025-06-02 21:13:26] Player moved to (324, 356)
[2025-06-02 21:13:26] Player moved to (328, 356)
[2025-06-02 21:13:26] Player moved to (332, 356)
[2025-06-02 21:13:26] Player moved to (336, 356)
[2025-06-02 21:13:26] Player moved to (340, 356)
[2025-06-02 21:13:26] Player moved to (344, 356)
[2025-06-02 21:13:26] Player moved to (348, 356)
[2025-06-02 21:13:26] Player moved to (352, 356)
[2025-06-02 21:13:26] Player moved to (356, 356)
[2025-06-02 21:13:26] Player moved to (360, 356)
[2025-06-02 21:13:26] Player moved to (364, 356)
[2025-06-02 21:13:26] Player moved to (368, 356)
[2025-06-02 21:13:26] Player moved to (372, 356)
[2025-06-02 21:13:26] Player moved to (376, 356)
[2025-06-02 21:13:28] Player moved to (380, 356)
[2025-06-02 21:13:28] Player moved to (384, 356)
[2025-06-02 21:13:28] Player moved to (388, 356)
[2025-06-02 21:13:28] Player moved to (392, 356)
[2025-06-02 21:13:28] Player moved to (396, 356)
[2025-06-02 21:13:28] Player moved to (400, 356)
[2025-06-02 21:13:28] Player moved to (404, 356)
[2025-06-02 21:13:28] Player moved to (408, 356)
[2025-06-02 21:13:28] Player moved to (412, 356)
[2025-06-02 21:13:28] Player moved to (416, 356)
[2025-06-02 21:13:28] Player moved to (420, 356)
[2025-06-02 21:13:28] Player moved to (424, 356)
[2025-06-02 21:13:28] Player moved to (428, 356)
[2025-06-02 21:13:28] Player moved to (432, 356)
[2025-06-02 21:13:28] Player moved to (436, 356)
[2025-06-02 21:13:28] Player moved to (440, 356)
[2025-06-02 21:13:28] Player moved to (444, 356)
[2025-06-02 21:13:28] Player moved to (448, 356)
[2025-06-02 21:13:28] Player moved to (452, 356)
[2025-06-02 21:13:28] Player moved to (456, 356)
[2025-06-02 21:13:28] Player moved to (460, 356)
[2025-06-02 21:13:28] Player moved to (464, 356)
[2025-06-02 21:13:28] Player moved to (468, 356)
[2025-06-02 21:13:28] Player moved to (472, 352)
[2025-06-02 21:13:28] Player moved to (476, 348)
[2025-06-02 21:13:28] Player moved to (480, 344)
[2025-06-02 21:13:28] Player moved to (484, 340)
[2025-06-02 21:13:28] Player moved to (488, 336)
[2025-06-02 21:13:28] Player moved to (492, 332)
[2025-06-02 21:13:28] Player moved to (496, 328)
[2025-06-02 21:13:28] Player moved to (500, 324)
[2025-06-02 21:13:28] Player moved to (504, 320)
[2025-06-02 21:13:28] Player moved to (504, 316)
[2025-06-02 21:13:28] Player moved to (504, 312)
[2025-06-02 21:13:28] Player moved to (504, 308)
[2025-06-02 21:13:28] Player moved to (504, 304)
[2025-06-02 21:13:28] Player moved to (504, 300)
[2025-06-02 21:13:28] Player moved to (504, 296)
[2025-06-02 21:13:28] Player moved to (504, 292)
[2025-06-02 21:13:28] Player moved to (504, 288)
[2025-06-02 21:13:28] Player moved to (504, 284)
[2025-06-02 21:13:28] Player moved to (504, 280)
[2025-06-02 21:13:28] Player moved to (504, 276)
[2025-06-02 21:13:28] Player moved to (504, 272)
[2025-06-02 21:13:28] Player moved to (500, 268)
[2025-06-02 21:13:28] Player moved to (496, 264)
[2025-06-02 21:13:28] Player moved to (492, 260)
[2025-06-02 21:13:28] Player moved to (488, 256)
[2025-06-02 21:13:28] Player moved to (484, 252)
[2025-06-02 21:13:28] Player moved to (480, 252)
[2025-06-02 21:13:28] Player moved to (476, 252)
[2025-06-02 21:13:28] Player moved to (472, 252)
[2025-06-02 21:13:28] Player moved to (468, 252)
[2025-06-02 21:13:28] Player moved to (464, 252)
[2025-06-02 21:13:28] Player moved to (460, 252)
[2025-06-02 21:13:28] Player moved to (456, 252)
[2025-06-02 21:13:28] Player moved to (452, 252)
[2025-06-02 21:13:28] Player moved to (448, 252)
[2025-06-02 21:13:28] Player moved to (444, 252)
[2025-06-02 21:13:28] Player moved to (440, 252)
[2025-06-02 21:13:28] Player moved to (436, 252)
[2025-06-02 21:13:28] Player moved to (432, 252)
[2025-06-02 21:13:28] Player moved to (428, 252)
[2025-06-02 21:13:28] Player moved to (424, 252)
[2025-06-02 21:13:28] Player moved to (420, 252)
[2025-06-02 21:13:28] Player moved to (416, 252)
[2025-06-02 21:13:28] Player moved to (412, 252)
[2025-06-02 21:13:28] Player moved to (408, 252)
[2025-06-02 21:13:28] Player moved to (404, 252)
[2025-06-02 21:13:28] Player moved to (400, 256)
[2025-06-02 21:13:28] Player moved to (396, 260)
[2025-06-02 21:13:28] Player moved to (392, 264)
[2025-06-02 21:13:28] Player moved to (388, 268)
[2025-06-02 21:13:28] Player moved to (384, 272)
[2025-06-02 21:13:28] Player moved to (380, 276)
[2025-06-02 21:13:28] Player moved to (376, 280)
[2025-06-02 21:13:28] Player moved to (372, 280)
[2025-06-02 21:13:28] Player moved to (368, 280)
[2025-06-02 21:13:28] Player moved to (364, 280)
[2025-06-02 21:13:28] Player moved to (360, 280)
[2025-06-02 21:13:28] Player moved to (356, 280)
[2025-06-02 21:13:28] Player moved to (352, 280)
[2025-06-02 21:13:28] Player moved to (348, 280)
[2025-06-02 21:13:28] Player moved to (344, 280)
[2025-06-02 21:13:28] Player moved to (340, 280)
[2025-06-02 21:13:28] Player hit an obstacle!
[2025-06-02 21:13:28] Player hit an obstacle!
[2025-06-02 21:13:28] Player hit an obstacle!
[2025-06-02 21:13:28] Player hit an obstacle!
[2025-06-02 21:13:28] Player hit an obstacle!
[2025-06-02 21:13:28] Player hit an obstacle!
[2025-06-02 21:13:28] Player hit an obstacle!
[2025-06-02 21:13:28] Player hit an obstacle!
[2025-06-02 21:13:28] Player hit an obstacle!
[2025-06-02 21:13:28] Player hit an obstacle!
[2025-06-02 21:13:28] Player hit an obstacle!
[2025-06-02 21:13:28] Player hit an obstacle!
[2025-06-02 21:13:28] Player hit an obstacle!
[2025-06-02 21:13:28] Player hit an obstacle!
[2025-06-02 21:13:28] Player hit an obstacle!
[2025-06-02 21:13:28] Player hit an obstacle!
[2025-06-02 21:13:28] Player hit an obstacle!
[2025-06-02 21:13:28] Player hit an obstacle!
[2025-06-02 21:13:28] Player hit an obstacle!
[2025-06-02 21:13:28] Player hit an obstacle!
[2025-06-02 21:13:28] Player hit an obstacle!
[2025-06-02 21:13:28] Player hit an obstacle!
[2025-06-02 21:13:28] Player hit an obstacle!
[2025-06-02 21:13:28] Player hit an obstacle!
[2025-06-02 21:13:28] Player hit an obstacle!
[2025-06-02 21:13:28] Player hit an obstacle!
[2025-06-02 21:13:28] Player hit an obstacle!
[2025-06-02 21:13:28] Player hit an obstacle!
[2025-06-02 21:13:28] Player hit an obstacle!
[2025-06-02 21:13:28] Player hit an obstacle!
[2025-06-02 21:13:28] Player hit an obstacle!
[2025-06-02 21:13:28] Player hit an obstacle!
[2025-06-02 21:13:28] Player hit an obstacle!
[2025-06-02 21:13:28] Player hit an obstacle!
[2025-06-02 21:13:28] Player hit an obstacle!
[2025-06-02 21:13:28] Player moved to (340, 276)
[2025-06-02 21:13:28] Player moved to (340, 272)
[2025-06-02 21:13:28] Player moved to (340, 268)
[2025-06-02 21:13:28] Player moved to (340, 264)
[2025-06-02 21:13:28] Player moved to (340, 260)
[2025-06-02 21:13:28] Player moved to (340, 256)
[2025-06-02 21:13:28] Player moved to (340, 252)
[2025-06-02 21:13:28] Player moved to (340, 248)
[2025-06-02 21:13:28] Player moved to (340, 244)
[2025-06-02 21:13:28] Player moved to (340, 240)
[2025-06-02 21:13:28] Player moved to (340, 236)
[2025-06-02 21:13:28] Player moved to (340, 232)
[2025-06-02 21:13:28] Player moved to (340, 228)
[2025-06-02 21:13:28] Player moved to (340, 224)
[2025-06-02 21:13:28] Player moved to (340, 220)
[2025-06-02 21:13:28] Player moved to (340, 216)
[2025-06-02 21:13:29] Player moved to (344, 212)
[2025-06-02 21:13:29] Player moved to (348, 208)
[2025-06-02 21:13:29] Player moved to (352, 204)
[2025-06-02 21:13:29] Player moved to (356, 200)
[2025-06-02 21:13:29] Player moved to (360, 196)
[2025-06-02 21:13:29] Player moved to (364, 192)
[2025-06-02 21:13:29] Player moved to (368, 192)
[2025-06-02 21:13:29] Player moved to (372, 192)
[2025-06-02 21:13:29] Player moved to (376, 192)
[2025-06-02 21:13:29] Player moved to (380, 192)
[2025-06-02 21:13:29] Player moved to (384, 192)
[2025-06-02 21:13:29] Player moved to (388, 192)
[2025-06-02 21:13:29] Player moved to (392, 192)
[2025-06-02 21:13:29] Player moved to (396, 192)
[2025-06-02 21:13:29] Player moved to (400, 192)
[2025-06-02 21:13:29] Player moved to (404, 192)
[2025-06-02 21:13:29] Player moved to (408, 192)
[2025-06-02 21:13:29] Player moved to (412, 192)
[2025-06-02 21:13:29] Player moved to (416, 192)
[2025-06-02 21:13:29] Player moved to (420, 192)
[2025-06-02 21:13:29] Player moved to (424, 192)
[2025-06-02 21:13:29] Player moved to (428, 192)
[2025-06-02 21:13:29] Player moved to (432, 192)
[2025-06-02 21:13:29] Player moved to (436, 192)
[2025-06-02 21:13:29] Player moved to (440, 192)
[2025-06-02 21:13:29] Player moved to (444, 192)
[2025-06-02 21:13:29] Player moved to (448, 192)
[2025-06-02 21:13:29] Player moved to (452, 192)
[2025-06-02 21:13:29] Player moved to (456, 192)
[2025-06-02 21:13:29] Player moved to (460, 192)
[2025-06-02 21:13:29] Player moved to (464, 192)
[2025-06-02 21:13:29] Player moved to (468, 192)
[2025-06-02 21:13:29] Player moved to (472, 192)
[2025-06-02 21:13:29] Player moved to (476, 192)
[2025-06-02 21:13:29] Player moved to (480, 192)
[2025-06-02 21:13:29] Player moved to (484, 192)
[2025-06-02 21:13:29] Player moved to (488, 192)
[2025-06-02 21:13:29] Player moved to (492, 192)
[2025-06-02 21:13:29] Player moved to (496, 192)
[2025-06-02 21:13:29] Player moved to (500, 192)
[2025-06-02 21:13:29] Player moved to (504, 192)
[2025-06-02 21:13:29] Player moved to (508, 192)
[2025-06-02 21:13:29] Player moved to (512, 192)
[2025-06-02 21:13:29] Player moved to (516, 192)
[2025-06-02 21:13:29] Player moved to (520, 192)
[2025-06-02 21:13:29] Player moved to (524, 192)
[2025-06-02 21:13:29] Player moved to (528, 192)
[2025-06-02 21:13:29] Player moved to (532, 192)
[2025-06-02 21:13:29] Player moved to (536, 192)
[2025-06-02 21:13:29] Player moved to (540, 192)
[2025-06-02 21:13:29] Player moved to (544, 192)
[2025-06-02 21:13:29] Player moved to (548, 192)
[2025-06-02 21:13:29] Player moved to (552, 192)
[2025-06-02 21:13:29] Player moved to (556, 192)
[2025-06-02 21:13:29] Player moved to (560, 192)
[2025-06-02 21:13:29] Player moved to (564, 192)
[2025-06-02 21:13:29] Player moved to (568, 192)
[2025-06-02 21:13:29] Player moved to (572, 192)
[2025-06-02 21:13:29] Player moved to (576, 192)
[2025-06-02 21:13:29] Player moved to (580, 192)
[2025-06-02 21:13:29] Player moved to (584, 192)
[2025-06-02 21:13:29] Player moved to (588, 192)
[2025-06-02 21:13:29] Player moved to (592, 196)
[2025-06-02 21:13:29] Player moved to (596, 200)
[2025-06-02 21:13:29] Player moved to (600, 204)
[2025-06-02 21:13:29] Player moved to (600, 208)
[2025-06-02 21:13:29] Player moved to (600, 212)
[2025-06-02 21:13:29] Player moved to (596, 216)
[2025-06-02 21:13:29] Player moved to (592, 220)
[2025-06-02 21:13:29] Player moved to (588, 224)
[2025-06-02 21:13:29] Player moved to (584, 228)
[2025-06-02 21:13:29] Player moved to (580, 232)
[2025-06-02 21:13:29] Player moved to (576, 236)
[2025-06-02 21:13:29] Player moved to (572, 240)
[2025-06-02 21:13:29] Player moved to (568, 244)
[2025-06-02 21:13:29] Player moved to (564, 248)
[2025-06-02 21:13:29] Player moved to (560, 252)
[2025-06-02 21:13:29] Player moved to (556, 256)
[2025-06-02 21:13:29] Player moved to (552, 260)
[2025-06-02 21:13:29] Player moved to (548, 264)
[2025-06-02 21:13:29] Player moved to (544, 268)
[2025-06-02 21:13:29] Player moved to (540, 272)
[2025-06-02 21:13:29] Player moved to (536, 276)
[2025-06-02 21:13:29] Player moved to (532, 280)
[2025-06-02 21:13:29] Player moved to (528, 284)
[2025-06-02 21:13:29] Player moved to (524, 284)
[2025-06-02 21:13:29] Player moved to (520, 284)
[2025-06-02 21:13:29] Player moved to (516, 284)
[2025-06-02 21:13:29] Player moved to (512, 284)
[2025-06-02 21:13:29] Player moved to (508, 284)
[2025-06-02 21:13:29] Player moved to (504, 284)
[2025-06-02 21:13:29] Player moved to (500, 284)
[2025-06-02 21:13:29] Player moved to (496, 284)
[2025-06-02 21:13:29] Player moved to (492, 284)
[2025-06-02 21:13:29] Player moved to (488, 284)
[2025-06-02 21:13:29] Player moved to (484, 284)
[2025-06-02 21:13:29] Player moved to (480, 284)
[2025-06-02 21:13:29] Player moved to (476, 284)
[2025-06-02 21:13:29] Player moved to (472, 284)
[2025-06-02 21:13:29] Player moved to (468, 284)
[2025-06-02 21:13:29] Player moved to (464, 284)
[2025-06-02 21:13:29] Player moved to (460, 284)
[2025-06-02 21:13:29] Player moved to (456, 284)
[2025-06-02 21:13:29] Player moved to (452, 284)
[2025-06-02 21:13:29] Player moved to (448, 284)
[2025-06-02 21:13:29] Player moved to (444, 284)
[2025-06-02 21:13:29] Player moved to (440, 284)
[2025-06-02 21:13:29] Player moved to (436, 284)
[2025-06-02 21:13:29] Player moved to (432, 284)
[2025-06-02 21:13:29] Player moved to (428, 284)
[2025-06-02 21:13:29] Player moved to (424, 284)
[2025-06-02 21:13:29] Player moved to (420, 284)
[2025-06-02 21:13:29] Player moved to (416, 284)
[2025-06-02 21:13:29] Player moved to (412, 284)
[2025-06-02 21:13:29] Player moved to (408, 284)
[2025-06-02 21:13:29] Player moved to (404, 284)
[2025-06-02 21:13:29] Player moved to (400, 284)
[2025-06-02 21:13:29] Player moved to (396, 284)
[2025-06-02 21:13:29] Player moved to (392, 284)
[2025-06-02 21:13:29] Player moved to (388, 284)
[2025-06-02 21:13:29] Player moved to (384, 284)
[2025-06-02 21:13:29] Player moved to (380, 284)
[2025-06-02 21:13:29] Player moved to (376, 284)
[2025-06-02 21:13:29] Player moved to (372, 284)
[2025-06-02 21:13:29] Player moved to (368, 284)
[2025-06-02 21:13:29] Player moved to (364, 284)
[2025-06-02 21:13:29] Player moved to (360, 284)
[2025-06-02 21:13:29] Player moved to (356, 284)
[2025-06-02 21:13:29] Player moved to (352, 284)
[2025-06-02 21:13:29] Player moved to (348, 284)
[2025-06-02 21:13:29] Player moved to (344, 284)
[2025-06-02 21:13:29] Player moved to (340, 284)
[2025-06-02 21:13:29] Player hit an obstacle!
[2025-06-02 21:13:29] Player hit an obstacle!
[2025-06-02 21:13:29] Player hit an obstacle!
[2025-06-02 21:13:29] Player hit an obstacle!
[2025-06-02 21:13:29] Player hit an obstacle!
[2025-06-02 21:13:29] Player hit an obstacle!
[2025-06-02 21:13:29] Player hit an obstacle!
[2025-06-02 21:13:29] Player hit an obstacle!
[2025-06-02 21:13:29] Player hit an obstacle!
[2025-06-02 21:13:29] Player hit an obstacle!
[2025-06-02 21:13:29] Player hit an obstacle!
[2025-06-02 21:13:29] Player hit an obstacle!
[2025-06-02 21:13:29] Player hit an obstacle!
[2025-06-02 21:13:29] Player hit an obstacle!
[2025-06-02 21:13:29] Player hit an obstacle!
[2025-06-02 21:13:29] Player hit an obstacle!
[2025-06-02 21:13:29] Player hit an obstacle!
[2025-06-02 21:13:30] Player hit an obstacle!
[2025-06-02 21:13:30] Player hit an obstacle!
[2025-06-02 21:13:30] Player hit an obstacle!
[2025-06-02 21:13:30] Player hit an obstacle!
[2025-06-02 21:13:30] Player hit an obstacle!
[2025-06-02 21:13:30] Player hit an obstacle!
[2025-06-02 21:13:30] Player hit an obstacle!
[2025-06-02 21:13:30] Player hit an obstacle!
[2025-06-02 21:13:30] Player hit an obstacle!
[2025-06-02 21:13:30] Player hit an obstacle!
[2025-06-02 21:13:30] Player hit an obstacle!
[2025-06-02 21:13:30] Player hit an obstacle!
[2025-06-02 21:13:30] Player hit an obstacle!
[2025-06-02 21:13:30] Player hit an obstacle!
[2025-06-02 21:13:30] Player hit an obstacle!
[2025-06-02 21:13:30] Player hit an obstacle!
[2025-06-02 21:13:30] Player hit an obstacle!
[2025-06-02 21:13:30] Player hit an obstacle!
[2025-06-02 21:13:30] Player hit an obstacle!
[2025-06-02 21:13:30] Player hit an obstacle!
[2025-06-02 21:13:30] Player hit an obstacle!
[2025-06-02 21:13:30] Player hit an obstacle!
[2025-06-02 21:13:30] Player hit an obstacle!
[2025-06-02 21:13:30] Player hit an obstacle!
[2025-06-02 21:13:30] Player hit an obstacle!
[2025-06-02 21:13:30] Player hit an obstacle!
[2025-06-02 21:13:30] Player hit an obstacle!
[2025-06-02 21:13:30] Player hit an obstacle!
[2025-06-02 21:13:30] Player hit an obstacle!
[2025-06-02 21:13:30] Player moved to (344, 284)
[2025-06-02 21:13:30] Player moved to (348, 284)
[2025-06-02 21:13:30] Player moved to (352, 284)
[2025-06-02 21:13:30] Player moved to (356, 284)
[2025-06-02 21:13:30] Player moved to (360, 284)
[2025-06-02 21:13:30] Player moved to (364, 284)
[2025-06-02 21:13:30] Player moved to (368, 284)
[2025-06-02 21:13:30] Player moved to (372, 284)
[2025-06-02 21:13:30] Player moved to (376, 284)
[2025-06-02 21:13:30] Player moved to (380, 284)
[2025-06-02 21:13:30] Player moved to (384, 284)
[2025-06-02 21:13:30] Player moved to (388, 284)
[2025-06-02 21:13:30] Player moved to (392, 284)
[2025-06-02 21:13:30] Player moved to (396, 284)
[2025-06-02 21:13:30] Player moved to (400, 284)
[2025-06-02 21:13:30] Player moved to (404, 284)
[2025-06-02 21:13:30] Player moved to (408, 284)
[2025-06-02 21:13:30] Player moved to (412, 284)
[2025-06-02 21:13:30] Player moved to (416, 284)
[2025-06-02 21:13:30] Player moved to (420, 284)
[2025-06-02 21:13:30] Player moved to (424, 284)
[2025-06-02 21:13:30] Player moved to (428, 284)
[2025-06-02 21:13:30] Player moved to (424, 284)
[2025-06-02 21:13:30] Player moved to (420, 284)
[2025-06-02 21:13:30] Player moved to (416, 284)
[2025-06-02 21:13:30] Player moved to (412, 284)
[2025-06-02 21:13:30] Player moved to (408, 284)
[2025-06-02 21:13:30] Player moved to (404, 284)
[2025-06-02 21:13:30] Player moved to (400, 284)
[2025-06-02 21:13:30] Player moved to (396, 284)
[2025-06-02 21:13:30] Player moved to (392, 284)
[2025-06-02 21:13:30] Player moved to (388, 284)
[2025-06-02 21:13:30] Player moved to (384, 284)
[2025-06-02 21:13:30] Player moved to (380, 284)
[2025-06-02 21:13:30] Player moved to (376, 284)
[2025-06-02 21:13:30] Player moved to (372, 284)
[2025-06-02 21:13:30] Player moved to (368, 284)
[2025-06-02 21:13:30] Player moved to (364, 284)
[2025-06-02 21:13:30] Player moved to (368, 284)
[2025-06-02 21:13:30] Player moved to (372, 284)
[2025-06-02 21:13:30] Player moved to (376, 284)
[2025-06-02 21:13:30] Player moved to (380, 284)
[2025-06-02 21:13:30] Player moved to (384, 284)
[2025-06-02 21:13:30] Player moved to (388, 284)
[2025-06-02 21:13:30] Player moved to (392, 284)
[2025-06-02 21:13:30] Player moved to (396, 284)
[2025-06-02 21:13:30] Player moved to (400, 284)
[2025-06-02 21:13:30] Player moved to (404, 284)
[2025-06-02 21:13:30] Player moved to (408, 284)
[2025-06-02 21:13:30] Player moved to (412, 284)
[2025-06-02 21:13:30] Player moved to (416, 284)
[2025-06-02 21:13:30] Player moved to (420, 284)
[2025-06-02 21:13:30] Player moved to (424, 284)
[2025-06-02 21:13:30] Player moved to (428, 284)
[2025-06-02 21:13:30] Player moved to (432, 284)
[2025-06-02 21:13:30] Player moved to (428, 284)
[2025-06-02 21:13:30] Player moved to (424, 284)
[2025-06-02 21:13:30] Player moved to (420, 284)
[2025-06-02 21:13:30] Player moved to (416, 284)
[2025-06-02 21:13:30] Player moved to (412, 284)
[2025-06-02 21:13:30] Player moved to (408, 284)
[2025-06-02 21:13:30] Player moved to (404, 284)
[2025-06-02 21:13:30] Player moved to (400, 284)
[2025-06-02 21:13:30] Player moved to (396, 284)
[2025-06-02 21:13:30] Player moved to (392, 284)
[2025-06-02 21:13:30] Player moved to (388, 284)
[2025-06-02 21:13:30] Player moved to (384, 284)
[2025-06-02 21:13:30] Player moved to (380, 284)
[2025-06-02 21:13:30] Player moved to (384, 284)
[2025-06-02 21:13:30] Player moved to (388, 284)
[2025-06-02 21:13:30] Player moved to (392, 284)
[2025-06-02 21:13:30] Player moved to (396, 284)
[2025-06-02 21:13:30] Player moved to (400, 284)
[2025-06-02 21:13:30] Player moved to (404, 284)
[2025-06-02 21:13:30] Player moved to (408, 284)
[2025-06-02 21:13:30] Player moved to (412, 284)
[2025-06-02 21:13:30] Player moved to (416, 284)
[2025-06-02 21:13:30] Player moved to (420, 284)
[2025-06-02 21:13:30] Player moved to (424, 284)
[2025-06-02 21:13:30] Player moved to (428, 284)
[2025-06-02 21:13:30] Player moved to (432, 284)
[2025-06-02 21:13:30] Player moved to (436, 284)
[2025-06-02 21:13:30] Player moved to (440, 284)
[2025-06-02 21:13:30] Player moved to (444, 284)
[2025-06-02 21:13:30] Player moved to (440, 284)
[2025-06-02 21:13:30] Player moved to (436, 284)
[2025-06-02 21:13:30] Player moved to (432, 284)
[2025-06-02 21:13:30] Player moved to (428, 284)
[2025-06-02 21:13:30] Player moved to (424, 284)
[2025-06-02 21:13:30] Player moved to (420, 284)
[2025-06-02 21:13:30] Player moved to (416, 284)
[2025-06-02 21:13:30] Player moved to (412, 284)
[2025-06-02 21:13:30] Player moved to (408, 284)
[2025-06-02 21:13:30] Player moved to (404, 284)
[2025-06-02 21:13:30] Player moved to (400, 284)
[2025-06-02 21:13:30] Player moved to (396, 284)
[2025-06-02 21:13:30] Player moved to (392, 284)
[2025-06-02 21:13:30] Player moved to (388, 284)
[2025-06-02 21:13:30] Player moved to (384, 284)
[2025-06-02 21:13:30] Player moved to (380, 284)
[2025-06-02 21:13:30] Player moved to (376, 284)
[2025-06-02 21:13:30] Player moved to (372, 284)
[2025-06-02 21:13:30] Player moved to (368, 284)
[2025-06-02 21:13:30] Player moved to (364, 284)
[2025-06-02 21:13:30] Player moved to (360, 284)
[2025-06-02 21:13:30] Player moved to (356, 284)
[2025-06-02 21:13:30] Player moved to (352, 284)
[2025-06-02 21:13:31] Player moved to (348, 284)
[2025-06-02 21:13:31] Player moved to (344, 284)
[2025-06-02 21:13:31] Player moved to (340, 284)
[2025-06-02 21:13:31] Player hit an obstacle!
[2025-06-02 21:13:31] Player hit an obstacle!
[2025-06-02 21:13:31] Player hit an obstacle!
[2025-06-02 21:13:31] Player hit an obstacle!
[2025-06-02 21:13:31] Player hit an obstacle!
[2025-06-02 21:13:31] Player hit an obstacle!
[2025-06-02 21:13:31] Player hit an obstacle!
[2025-06-02 21:13:31] Player hit an obstacle!
[2025-06-02 21:13:31] Player hit an obstacle!
[2025-06-02 21:13:31] Player hit an obstacle!
[2025-06-02 21:13:31] Player hit an obstacle!
[2025-06-02 21:13:31] Player hit an obstacle!
[2025-06-02 21:13:31] Player moved to (344, 284)
[2025-06-02 21:13:31] Player moved to (348, 284)
[2025-06-02 21:13:31] Player moved to (352, 284)
[2025-06-02 21:13:31] Player moved to (356, 284)
[2025-06-02 21:13:31] Player moved to (360, 284)
[2025-06-02 21:13:31] Player moved to (364, 284)
[2025-06-02 21:13:31] Player moved to (368, 284)
[2025-06-02 21:13:31] Player moved to (372, 284)
[2025-06-02 21:13:31] Player moved to (376, 284)
[2025-06-02 21:13:31] Player moved to (380, 284)
[2025-06-02 21:13:31] Player moved to (384, 284)
[2025-06-02 21:13:31] Player moved to (388, 284)
[2025-06-02 21:13:31] Player moved to (392, 284)
[2025-06-02 21:13:31] Player moved to (396, 284)
[2025-06-02 21:13:31] Player moved to (400, 284)
[2025-06-02 21:13:31] Player moved to (404, 284)
[2025-06-02 21:13:31] Player moved to (408, 284)
[2025-06-02 21:13:31] Player moved to (412, 284)
[2025-06-02 21:13:31] Player moved to (416, 284)
[2025-06-02 21:13:31] Player moved to (420, 284)
[2025-06-02 21:13:31] Player moved to (424, 284)
[2025-06-02 21:13:31] Player moved to (428, 284)
[2025-06-02 21:13:31] Player moved to (432, 284)
[2025-06-02 21:13:31] Player moved to (436, 284)
[2025-06-02 21:13:31] Player moved to (440, 284)
[2025-06-02 21:13:31] Player moved to (444, 284)
[2025-06-02 21:13:31] Player moved to (448, 284)
[2025-06-02 21:13:31] Player moved to (452, 284)
[2025-06-02 21:13:31] Player moved to (456, 284)
[2025-06-02 21:13:31] Player moved to (460, 284)
[2025-06-02 21:13:31] Player moved to (464, 284)
[2025-06-02 21:13:31] Player moved to (468, 284)
[2025-06-02 21:13:31] Player moved to (472, 284)
[2025-06-02 21:13:31] Player moved to (476, 284)
[2025-06-02 21:13:31] Player moved to (472, 284)
[2025-06-02 21:13:31] Player moved to (468, 284)
[2025-06-02 21:13:31] Player moved to (464, 284)
[2025-06-02 21:13:31] Player moved to (460, 284)
[2025-06-02 21:13:31] Player moved to (456, 284)
[2025-06-02 21:13:31] Player moved to (452, 284)
[2025-06-02 21:13:31] Player moved to (448, 284)
[2025-06-02 21:13:31] Player moved to (444, 284)
[2025-06-02 21:13:31] Player moved to (440, 284)
[2025-06-02 21:13:31] Player moved to (436, 284)
[2025-06-02 21:13:31] Player moved to (432, 284)
[2025-06-02 21:13:31] Player moved to (428, 284)
[2025-06-02 21:13:31] Player moved to (424, 284)
[2025-06-02 21:13:31] Player moved to (420, 284)
[2025-06-02 21:13:31] Player moved to (416, 284)
[2025-06-02 21:13:31] Player moved to (412, 284)
[2025-06-02 21:13:31] Player moved to (408, 284)
[2025-06-02 21:13:31] Player moved to (404, 284)
[2025-06-02 21:13:31] Player moved to (400, 284)
[2025-06-02 21:13:31] Player moved to (396, 284)
[2025-06-02 21:13:31] Player moved to (392, 284)
[2025-06-02 21:13:31] Player moved to (388, 284)
[2025-06-02 21:13:31] Player moved to (384, 284)
[2025-06-02 21:13:31] Player moved to (380, 284)
[2025-06-02 21:13:31] Player moved to (376, 284)
[2025-06-02 21:13:31] Player moved to (372, 284)
[2025-06-02 21:13:31] Player moved to (368, 284)
[2025-06-02 21:13:31] Player moved to (364, 284)
[2025-06-02 21:13:31] Player moved to (360, 284)
[2025-06-02 21:13:31] Player moved to (356, 284)
[2025-06-02 21:13:31] Player moved to (352, 284)
[2025-06-02 21:13:31] Player moved to (348, 284)
[2025-06-02 21:13:31] Player moved to (344, 284)
[2025-06-02 21:13:31] Player moved to (340, 284)
[2025-06-02 21:13:31] Player hit an obstacle!
[2025-06-02 21:13:31] Player hit an obstacle!
[2025-06-02 21:13:31] Player hit an obstacle!
[2025-06-02 21:13:31] Player hit an obstacle!
[2025-06-02 21:13:31] Player hit an obstacle!
[2025-06-02 21:13:31] Player hit an obstacle!
[2025-06-02 21:13:31] Player hit an obstacle!
[2025-06-02 21:13:31] Player hit an obstacle!
[2025-06-02 21:13:31] Player hit an obstacle!
[2025-06-02 21:13:31] Player hit an obstacle!
[2025-06-02 21:13:31] Player hit an obstacle!
[2025-06-02 21:13:31] Player hit an obstacle!
[2025-06-02 21:13:31] Player hit an obstacle!
[2025-06-02 21:13:31] Player hit an obstacle!
[2025-06-02 21:13:31] Player hit an obstacle!
[2025-06-02 21:13:31] Player hit an obstacle!
[2025-06-02 21:13:31] Player hit an obstacle!
[2025-06-02 21:13:31] Player hit an obstacle!
[2025-06-02 21:13:31] Player hit an obstacle!
[2025-06-02 21:13:31] Player hit an obstacle!
[2025-06-02 21:13:31] Player hit an obstacle!
[2025-06-02 21:13:31] Player hit an obstacle!
[2025-06-02 21:13:31] Player hit an obstacle!
[2025-06-02 21:13:31] Player hit an obstacle!
[2025-06-02 21:13:31] Player hit an obstacle!
[2025-06-02 21:13:31] Player hit an obstacle!
[2025-06-02 21:13:31] Player hit an obstacle!
[2025-06-02 21:13:31] Player hit an obstacle!
[2025-06-02 21:13:31] Player hit an obstacle!
[2025-06-02 21:13:31] Player hit an obstacle!
[2025-06-02 21:13:31] Player hit an obstacle!
[2025-06-02 21:13:31] Player hit an obstacle!
[2025-06-02 21:13:31] Player hit an obstacle!
[2025-06-02 21:13:31] Player hit an obstacle!
[2025-06-02 21:13:31] Player moved to (344, 284)
[2025-06-02 21:13:31] Player moved to (348, 284)
[2025-06-02 21:13:31] Player moved to (352, 284)
[2025-06-02 21:13:31] Player moved to (356, 284)
[2025-06-02 21:13:31] Player moved to (360, 284)
[2025-06-02 21:13:31] Player moved to (364, 284)
[2025-06-02 21:13:31] Player moved to (368, 284)
[2025-06-02 21:13:31] Player moved to (372, 284)
[2025-06-02 21:13:31] Player moved to (376, 284)
[2025-06-02 21:13:31] Player moved to (380, 284)
[2025-06-02 21:13:31] Player moved to (384, 284)
[2025-06-02 21:13:31] Player moved to (380, 284)
[2025-06-02 21:13:31] Player moved to (376, 284)
[2025-06-02 21:13:31] Player moved to (372, 284)
[2025-06-02 21:13:31] Player moved to (368, 284)
[2025-06-02 21:13:31] Player moved to (364, 284)
[2025-06-02 21:13:31] Player moved to (360, 284)
[2025-06-02 21:13:31] Player moved to (356, 284)
[2025-06-02 21:13:31] Player moved to (352, 284)
[2025-06-02 21:13:31] Player moved to (348, 284)
[2025-06-02 21:13:31] Player moved to (344, 284)
[2025-06-02 21:13:31] Player moved to (340, 284)
[2025-06-02 21:13:31] Player hit an obstacle!
[2025-06-02 21:13:31] Player hit an obstacle!
[2025-06-02 21:13:31] Player hit an obstacle!
[2025-06-02 21:13:31] Player hit an obstacle!
[2025-06-02 21:13:31] Player hit an obstacle!
[2025-06-02 21:13:31] Player hit an obstacle!
[2025-06-02 21:13:31] Player hit an obstacle!
[2025-06-02 21:13:31] Player hit an obstacle!
[2025-06-02 21:13:32] Player hit an obstacle!
[2025-06-02 21:13:32] Player hit an obstacle!
[2025-06-02 21:13:32] Player hit an obstacle!
[2025-06-02 21:13:32] Player hit an obstacle!
[2025-06-02 21:13:32] Player hit an obstacle!
[2025-06-02 21:13:32] Player hit an obstacle!
[2025-06-02 21:13:32] Player hit an obstacle!
[2025-06-02 21:13:32] Player hit an obstacle!
[2025-06-02 21:13:32] Player hit an obstacle!
[2025-06-02 21:13:32] Player hit an obstacle!
[2025-06-02 21:13:32] Player hit an obstacle!
[2025-06-02 21:13:32] Player hit an obstacle!
[2025-06-02 21:13:32] Player hit an obstacle!
[2025-06-02 21:13:32] Player moved to (344, 284)
[2025-06-02 21:13:32] Player moved to (348, 284)
[2025-06-02 21:13:32] Player moved to (352, 284)
[2025-06-02 21:13:32] Player moved to (356, 284)
[2025-06-02 21:13:32] Player moved to (360, 284)
[2025-06-02 21:13:32] Player moved to (356, 284)
[2025-06-02 21:13:32] Player moved to (352, 284)
[2025-06-02 21:13:32] Player moved to (348, 284)
[2025-06-02 21:13:32] Player moved to (344, 284)
[2025-06-02 21:13:32] Player moved to (340, 284)
[2025-06-02 21:13:32] Player hit an obstacle!
[2025-06-02 21:13:32] Player hit an obstacle!
[2025-06-02 21:13:32] Player hit an obstacle!
[2025-06-02 21:13:32] Player hit an obstacle!
[2025-06-02 21:13:32] Player hit an obstacle!
[2025-06-02 21:13:32] Player hit an obstacle!
[2025-06-02 21:13:32] Player hit an obstacle!
[2025-06-02 21:13:32] Player hit an obstacle!
[2025-06-02 21:13:32] Player hit an obstacle!
[2025-06-02 21:13:32] Player hit an obstacle!
[2025-06-02 21:13:32] Player hit an obstacle!
[2025-06-02 21:13:32] Player moved to (344, 284)
[2025-06-02 21:13:32] Player moved to (348, 284)
[2025-06-02 21:13:32] Player moved to (352, 284)
[2025-06-02 21:13:32] Player moved to (356, 284)
[2025-06-02 21:13:32] Player moved to (360, 284)
[2025-06-02 21:13:32] Player moved to (364, 284)
[2025-06-02 21:13:32] Player moved to (368, 284)
[2025-06-02 21:13:32] Player moved to (372, 284)
[2025-06-02 21:13:32] Player moved to (368, 284)
[2025-06-02 21:13:32] Player moved to (364, 284)
[2025-06-02 21:13:32] Player moved to (360, 284)
[2025-06-02 21:13:32] Player moved to (356, 284)
[2025-06-02 21:13:32] Player moved to (352, 284)
[2025-06-02 21:13:32] Player moved to (348, 284)
[2025-06-02 21:13:32] Player moved to (344, 284)
[2025-06-02 21:13:32] Player moved to (340, 284)
[2025-06-02 21:13:32] Player hit an obstacle!
[2025-06-02 21:13:32] Player hit an obstacle!
[2025-06-02 21:13:32] Player hit an obstacle!
[2025-06-02 21:13:32] Player hit an obstacle!
[2025-06-02 21:13:32] Player hit an obstacle!
[2025-06-02 21:13:32] Player hit an obstacle!
[2025-06-02 21:13:32] Player hit an obstacle!
[2025-06-02 21:13:32] Player hit an obstacle!
[2025-06-02 21:13:32] Player hit an obstacle!
[2025-06-02 21:13:32] Player hit an obstacle!
[2025-06-02 21:13:32] Player moved to (344, 284)
[2025-06-02 21:13:32] Player moved to (348, 284)
[2025-06-02 21:13:32] Player moved to (352, 284)
[2025-06-02 21:13:32] Player moved to (356, 284)
[2025-06-02 21:13:32] Player moved to (360, 284)
[2025-06-02 21:13:32] Player moved to (356, 284)
[2025-06-02 21:13:32] Player moved to (352, 284)
[2025-06-02 21:13:32] Player moved to (348, 284)
[2025-06-02 21:13:32] Player moved to (344, 284)
[2025-06-02 21:13:32] Player moved to (340, 284)
[2025-06-02 21:13:32] Player hit an obstacle!
[2025-06-02 21:13:32] Player hit an obstacle!
[2025-06-02 21:13:32] Player hit an obstacle!
[2025-06-02 21:13:32] Player hit an obstacle!
[2025-06-02 21:13:32] Player hit an obstacle!
[2025-06-02 21:13:32] Player hit an obstacle!
[2025-06-02 21:13:32] Player hit an obstacle!
[2025-06-02 21:13:32] Player hit an obstacle!
[2025-06-02 21:13:32] Player hit an obstacle!
[2025-06-02 21:13:32] Player hit an obstacle!
[2025-06-02 21:13:32] Player hit an obstacle!
[2025-06-02 21:13:32] Player hit an obstacle!
[2025-06-02 21:13:32] Player moved to (344, 284)
[2025-06-02 21:13:32] Player moved to (348, 284)
[2025-06-02 21:13:32] Player moved to (352, 284)
[2025-06-02 21:13:32] Player moved to (356, 284)
[2025-06-02 21:13:32] Player moved to (360, 284)
[2025-06-02 21:13:32] Player moved to (364, 284)
[2025-06-02 21:13:32] Player moved to (368, 284)
[2025-06-02 21:13:32] Player moved to (364, 284)
[2025-06-02 21:13:32] Player moved to (360, 284)
[2025-06-02 21:13:32] Player moved to (356, 284)
[2025-06-02 21:13:32] Player moved to (352, 284)
[2025-06-02 21:13:32] Player moved to (348, 284)
[2025-06-02 21:13:32] Player moved to (344, 284)
[2025-06-02 21:13:32] Player moved to (340, 284)
[2025-06-02 21:13:32] Player hit an obstacle!
[2025-06-02 21:13:32] Player hit an obstacle!
[2025-06-02 21:13:32] Player hit an obstacle!
[2025-06-02 21:13:32] Player hit an obstacle!
[2025-06-02 21:13:32] Player hit an obstacle!
[2025-06-02 21:13:32] Player hit an obstacle!
[2025-06-02 21:13:32] Player hit an obstacle!
[2025-06-02 21:13:32] Player hit an obstacle!
[2025-06-02 21:13:32] Player hit an obstacle!
[2025-06-02 21:13:32] Player moved to (344, 284)
[2025-06-02 21:13:32] Player moved to (348, 284)
[2025-06-02 21:13:32] Player moved to (352, 284)
[2025-06-02 21:13:32] Player moved to (356, 284)
[2025-06-02 21:13:32] Player moved to (360, 284)
[2025-06-02 21:13:32] Player moved to (364, 284)
[2025-06-02 21:13:32] Player moved to (368, 284)
[2025-06-02 21:13:32] Player moved to (372, 284)
[2025-06-02 21:13:32] Player moved to (368, 284)
[2025-06-02 21:13:32] Player moved to (364, 284)
[2025-06-02 21:13:32] Player moved to (360, 284)
[2025-06-02 21:13:32] Player moved to (356, 284)
[2025-06-02 21:13:32] Player moved to (352, 284)
[2025-06-02 21:13:32] Player moved to (348, 284)
[2025-06-02 21:13:32] Player moved to (344, 284)
[2025-06-02 21:13:32] Player moved to (340, 284)
[2025-06-02 21:13:32] Player hit an obstacle!
[2025-06-02 21:13:32] Player hit an obstacle!
[2025-06-02 21:13:32] Player hit an obstacle!
[2025-06-02 21:13:32] Player hit an obstacle!
[2025-06-02 21:13:32] Player hit an obstacle!
[2025-06-02 21:13:32] Player hit an obstacle!
[2025-06-02 21:13:32] Player hit an obstacle!
[2025-06-02 21:13:32] Player hit an obstacle!
[2025-06-02 21:13:32] Player hit an obstacle!
[2025-06-02 21:13:32] Player moved to (344, 284)
[2025-06-02 21:13:32] Player moved to (348, 284)
[2025-06-02 21:13:32] Player moved to (352, 284)
[2025-06-02 21:13:32] Player moved to (356, 284)
[2025-06-02 21:13:32] Player moved to (360, 284)
[2025-06-02 21:13:32] Player moved to (364, 284)
[2025-06-02 21:13:32] Player moved to (368, 284)
[2025-06-02 21:13:32] Player moved to (372, 284)
[2025-06-02 21:13:32] Player moved to (368, 284)
[2025-06-02 21:13:32] Player moved to (364, 284)
[2025-06-02 21:13:32] Player moved to (360, 284)
[2025-06-02 21:13:32] Player moved to (356, 284)
[2025-06-02 21:13:32] Player moved to (352, 284)
[2025-06-02 21:13:32] Player moved to (348, 284)
[2025-06-02 21:13:32] Player moved to (344, 284)
[2025-06-02 21:13:32] Player moved to (340, 284)
[2025-06-02 21:13:32] Player hit an obstacle!
[2025-06-02 21:13:32] Player hit an obstacle!
[2025-06-02 21:13:32] Player hit an obstacle!
[2025-06-02 21:13:33] Player hit an obstacle!
[2025-06-02 21:13:33] Player hit an obstacle!
[2025-06-02 21:13:33] Player hit an obstacle!
[2025-06-02 21:13:33] Player moved to (344, 284)
[2025-06-02 21:13:33] Player moved to (348, 284)
[2025-06-02 21:13:33] Player moved to (352, 284)
[2025-06-02 21:13:33] Player moved to (356, 284)
[2025-06-02 21:13:33] Player moved to (360, 284)
[2025-06-02 21:13:33] Player moved to (364, 284)
[2025-06-02 21:13:33] Player moved to (368, 284)
[2025-06-02 21:13:33] Player moved to (364, 284)
[2025-06-02 21:13:33] Player moved to (360, 284)
[2025-06-02 21:13:33] Player moved to (356, 284)
[2025-06-02 21:13:33] Player moved to (352, 284)
[2025-06-02 21:13:33] Player moved to (348, 284)
[2025-06-02 21:13:33] Player moved to (344, 284)
[2025-06-02 21:13:33] Player moved to (340, 284)
[2025-06-02 21:13:33] Player hit an obstacle!
[2025-06-02 21:13:33] Player hit an obstacle!
[2025-06-02 21:13:33] Player hit an obstacle!
[2025-06-02 21:13:33] Player hit an obstacle!
[2025-06-02 21:13:33] Player hit an obstacle!
[2025-06-02 21:13:33] Player hit an obstacle!
[2025-06-02 21:13:33] Player hit an obstacle!
[2025-06-02 21:13:33] Player hit an obstacle!
[2025-06-02 21:13:33] Player moved to (344, 284)
[2025-06-02 21:13:33] Player moved to (348, 284)
[2025-06-02 21:13:33] Player moved to (352, 284)
[2025-06-02 21:13:33] Player moved to (356, 284)
[2025-06-02 21:13:33] Player moved to (360, 284)
[2025-06-02 21:13:33] Player moved to (364, 284)
[2025-06-02 21:13:33] Player moved to (368, 284)
[2025-06-02 21:13:33] Player moved to (372, 284)
[2025-06-02 21:13:33] Player moved to (368, 284)
[2025-06-02 21:13:33] Player moved to (364, 284)
[2025-06-02 21:13:33] Player moved to (360, 284)
[2025-06-02 21:13:33] Player moved to (356, 284)
[2025-06-02 21:13:33] Player moved to (352, 284)
[2025-06-02 21:13:33] Player moved to (348, 284)
[2025-06-02 21:13:33] Player moved to (344, 284)
[2025-06-02 21:13:33] Player moved to (340, 284)
[2025-06-02 21:13:33] Player hit an obstacle!
[2025-06-02 21:13:33] Player hit an obstacle!
[2025-06-02 21:13:33] Player hit an obstacle!
[2025-06-02 21:13:33] Player hit an obstacle!
[2025-06-02 21:13:33] Player hit an obstacle!
[2025-06-02 21:13:33] Player hit an obstacle!
[2025-06-02 21:13:33] Player moved to (344, 284)
[2025-06-02 21:13:33] Player moved to (348, 284)
[2025-06-02 21:13:33] Player moved to (352, 284)
[2025-06-02 21:13:33] Player moved to (356, 284)
[2025-06-02 21:13:33] Player moved to (360, 284)
[2025-06-02 21:13:33] Player moved to (364, 284)
[2025-06-02 21:13:33] Player moved to (360, 284)
[2025-06-02 21:13:33] Player moved to (356, 284)
[2025-06-02 21:13:33] Player moved to (352, 284)
[2025-06-02 21:13:33] Player moved to (348, 284)
[2025-06-02 21:13:33] Player moved to (344, 284)
[2025-06-02 21:13:33] Player moved to (340, 284)
[2025-06-02 21:13:33] Player hit an obstacle!
[2025-06-02 21:13:33] Player hit an obstacle!
[2025-06-02 21:13:33] Player hit an obstacle!
[2025-06-02 21:13:33] Player hit an obstacle!
[2025-06-02 21:13:33] Player hit an obstacle!
[2025-06-02 21:13:33] Player hit an obstacle!
[2025-06-02 21:13:33] Player hit an obstacle!
[2025-06-02 21:13:33] Player hit an obstacle!
[2025-06-02 21:13:33] Player hit an obstacle!
[2025-06-02 21:13:33] Player hit an obstacle!
[2025-06-02 21:13:33] Player hit an obstacle!
[2025-06-02 21:13:33] Player hit an obstacle!
[2025-06-02 21:13:33] Player moved to (344, 284)
[2025-06-02 21:13:33] Player moved to (348, 284)
[2025-06-02 21:13:33] Player moved to (352, 284)
[2025-06-02 21:13:33] Player moved to (356, 284)
[2025-06-02 21:13:33] Player moved to (360, 284)
[2025-06-02 21:13:33] Player moved to (364, 284)
[2025-06-02 21:13:33] Player moved to (360, 284)
[2025-06-02 21:13:33] Player moved to (356, 284)
[2025-06-02 21:13:33] Player moved to (352, 284)
[2025-06-02 21:13:33] Player moved to (348, 284)
[2025-06-02 21:13:33] Player moved to (344, 284)
[2025-06-02 21:13:33] Player moved to (340, 284)
[2025-06-02 21:13:33] Player hit an obstacle!
[2025-06-02 21:13:33] Player hit an obstacle!
[2025-06-02 21:13:33] Player hit an obstacle!
[2025-06-02 21:13:33] Player hit an obstacle!
[2025-06-02 21:13:33] Player hit an obstacle!
[2025-06-02 21:13:33] Player hit an obstacle!
[2025-06-02 21:13:33] Player hit an obstacle!
[2025-06-02 21:13:33] Player hit an obstacle!
[2025-06-02 21:13:33] Player hit an obstacle!
[2025-06-02 21:13:33] Player hit an obstacle!
[2025-06-02 21:13:33] Player hit an obstacle!
[2025-06-02 21:13:33] Player hit an obstacle!
[2025-06-02 21:13:33] Player hit an obstacle!
[2025-06-02 21:13:33] Player hit an obstacle!
[2025-06-02 21:13:33] Player hit an obstacle!
[2025-06-02 21:13:33] Player hit an obstacle!
[2025-06-02 21:13:33] Player hit an obstacle!
[2025-06-02 21:13:33] Player hit an obstacle!
[2025-06-02 21:13:33] Player hit an obstacle!
[2025-06-02 21:13:33] Player hit an obstacle!
[2025-06-02 21:13:33] Player hit an obstacle!
[2025-06-02 21:13:33] Player hit an obstacle!
[2025-06-02 21:13:33] Player hit an obstacle!
[2025-06-02 21:13:33] Player hit an obstacle!
[2025-06-02 21:13:33] Player hit an obstacle!
[2025-06-02 21:13:33] Player hit an obstacle!
[2025-06-02 21:13:33] Player hit an obstacle!
[2025-06-02 21:13:33] Player hit an obstacle!
[2025-06-02 21:13:33] Player hit an obstacle!
[2025-06-02 21:13:33] Player hit an obstacle!
[2025-06-02 21:13:33] Player hit an obstacle!
[2025-06-02 21:13:33] Player hit an obstacle!
[2025-06-02 21:13:33] Player hit an obstacle!
[2025-06-02 21:13:33] Player hit an obstacle!
[2025-06-02 21:13:33] Player hit an obstacle!
[2025-06-02 21:13:33] Player hit an obstacle!
[2025-06-02 21:13:33] Player hit an obstacle!
[2025-06-02 21:13:33] Player hit an obstacle!
[2025-06-02 21:13:33] Player hit an obstacle!
[2025-06-02 21:13:33] Player hit an obstacle!
[2025-06-02 21:13:33] Player hit an obstacle!
[2025-06-02 21:13:33] Player hit an obstacle!
[2025-06-02 21:13:33] Player hit an obstacle!
[2025-06-02 21:13:33] Player hit an obstacle!
[2025-06-02 21:13:33] Player hit an obstacle!
[2025-06-02 21:13:33] Player hit an obstacle!
[2025-06-02 21:13:33] Player hit an obstacle!
[2025-06-02 21:13:33] Player hit an obstacle!
[2025-06-02 21:13:33] Player hit an obstacle!
[2025-06-02 21:13:33] Player hit an obstacle!
[2025-06-02 21:13:33] Player hit an obstacle!
[2025-06-02 21:13:33] Player hit an obstacle!
[2025-06-02 21:13:33] Player hit an obstacle!
[2025-06-02 21:13:33] Player hit an obstacle!
[2025-06-02 21:13:33] Player hit an obstacle!
[2025-06-02 21:13:33] Player hit an obstacle!
[2025-06-02 21:13:33] Player hit an obstacle!
[2025-06-02 21:13:33] Player hit an obstacle!
[2025-06-02 21:13:33] Player hit an obstacle!
[2025-06-02 21:13:33] Player hit an obstacle!
[2025-06-02 21:13:33] Player hit an obstacle!
[2025-06-02 21:13:33] Player hit an obstacle!
[2025-06-02 21:13:33] Player hit an obstacle!
[2025-06-02 21:13:33] Player hit an obstacle!
[2025-06-02 21:13:33] Player hit an obstacle!
[2025-06-02 21:13:33] Player hit an obstacle!
[2025-06-02 21:13:33] Player hit an obstacle!
[2025-06-02 21:13:34] Player hit an obstacle!
[2025-06-02 21:13:34] Player hit an obstacle!
[2025-06-02 21:13:34] Player hit an obstacle!
[2025-06-02 21:13:34] Player hit an obstacle!
[2025-06-02 21:13:34] Player hit an obstacle!
[2025-06-02 21:13:34] Player hit an obstacle!
[2025-06-02 21:13:34] Player hit an obstacle!
[2025-06-02 21:13:34] Player hit an obstacle!
[2025-06-02 21:13:34] Player hit an obstacle!
[2025-06-02 21:13:34] Player hit an obstacle!
[2025-06-02 21:13:34] Player hit an obstacle!
[2025-06-02 21:13:34] Player hit an obstacle!
[2025-06-02 21:13:34] Player hit an obstacle!
[2025-06-02 21:13:34] Player hit an obstacle!
[2025-06-02 21:13:34] Player hit an obstacle!
[2025-06-02 21:13:34] Player hit an obstacle!
[2025-06-02 21:13:34] Player hit an obstacle!
[2025-06-02 21:13:34] Player moved to (344, 284)
[2025-06-02 21:13:34] Player moved to (348, 284)
[2025-06-02 21:13:34] Player moved to (352, 284)
[2025-06-02 21:13:34] Player moved to (356, 284)
[2025-06-02 21:13:34] Player moved to (360, 284)
[2025-06-02 21:13:34] Player moved to (364, 284)
[2025-06-02 21:13:34] Player moved to (368, 284)
[2025-06-02 21:13:34] Player moved to (372, 284)
[2025-06-02 21:13:34] Player moved to (376, 284)
[2025-06-02 21:13:34] Player moved to (380, 284)
[2025-06-02 21:13:34] Player moved to (384, 284)
[2025-06-02 21:13:34] Player moved to (388, 284)
[2025-06-02 21:13:34] Player moved to (392, 284)
[2025-06-02 21:13:34] Player moved to (396, 284)
[2025-06-02 21:13:34] Player moved to (400, 284)
[2025-06-02 21:13:34] Player moved to (404, 284)
[2025-06-02 21:13:34] Player moved to (408, 284)
[2025-06-02 21:13:34] Player moved to (412, 284)
[2025-06-02 21:13:34] Player moved to (412, 280)
[2025-06-02 21:13:34] Player moved to (412, 276)
[2025-06-02 21:13:34] Player moved to (412, 272)
[2025-06-02 21:13:34] Player moved to (412, 268)
[2025-06-02 21:13:34] Player moved to (412, 264)
[2025-06-02 21:13:34] Player moved to (412, 260)
[2025-06-02 21:13:34] Player moved to (412, 256)
[2025-06-02 21:13:34] Player moved to (412, 252)
[2025-06-02 21:13:34] Player moved to (412, 248)
[2025-06-02 21:13:34] Player moved to (412, 244)
[2025-06-02 21:13:34] Player moved to (412, 240)
[2025-06-02 21:13:34] Player moved to (412, 236)
[2025-06-02 21:13:34] Player moved to (412, 232)
[2025-06-02 21:13:34] Player moved to (412, 228)
[2025-06-02 21:13:34] Player moved to (412, 224)
[2025-06-02 21:13:34] Player moved to (412, 220)
[2025-06-02 21:13:34] Player moved to (412, 216)
[2025-06-02 21:13:34] Player moved to (412, 212)
[2025-06-02 21:13:34] Player moved to (412, 208)
[2025-06-02 21:13:34] Player moved to (412, 204)
[2025-06-02 21:13:34] Player moved to (412, 200)
[2025-06-02 21:13:34] Player moved to (412, 196)
[2025-06-02 21:13:34] Player moved to (412, 192)
[2025-06-02 21:13:34] Player hit an obstacle!
[2025-06-02 21:13:34] Player hit an obstacle!
[2025-06-02 21:13:34] Player hit an obstacle!
[2025-06-02 21:13:34] Player hit an obstacle!
[2025-06-02 21:13:34] Player hit an obstacle!
[2025-06-02 21:13:34] Player hit an obstacle!
[2025-06-02 21:13:34] Player hit an obstacle!
[2025-06-02 21:13:34] Player hit an obstacle!
[2025-06-02 21:13:34] Player hit an obstacle!
[2025-06-02 21:13:34] Player hit an obstacle!
[2025-06-02 21:13:34] Player hit an obstacle!
[2025-06-02 21:13:34] Player hit an obstacle!
[2025-06-02 21:13:34] Player hit an obstacle!
[2025-06-02 21:13:34] Player hit an obstacle!
[2025-06-02 21:13:34] Player hit an obstacle!
[2025-06-02 21:13:34] Player hit an obstacle!
[2025-06-02 21:13:34] Player hit an obstacle!
[2025-06-02 21:13:34] Player hit an obstacle!
[2025-06-02 21:13:34] Player hit an obstacle!
[2025-06-02 21:13:34] Player hit an obstacle!
[2025-06-02 21:13:34] Player hit an obstacle!
[2025-06-02 21:13:34] Player hit an obstacle!
[2025-06-02 21:13:34] Player hit an obstacle!
[2025-06-02 21:13:34] Player hit an obstacle!
[2025-06-02 21:13:34] Player hit an obstacle!
[2025-06-02 21:13:34] Player hit an obstacle!
[2025-06-02 21:13:34] Player hit an obstacle!
[2025-06-02 21:13:34] Player hit an obstacle!
[2025-06-02 21:13:34] Player hit an obstacle!
[2025-06-02 21:13:34] Player hit an obstacle!
[2025-06-02 21:13:34] Player hit an obstacle!
[2025-06-02 21:13:34] Player hit an obstacle!
[2025-06-02 21:13:34] Player hit an obstacle!
[2025-06-02 21:13:34] Player hit an obstacle!
[2025-06-02 21:13:34] Player hit an obstacle!
[2025-06-02 21:13:34] Player hit an obstacle!
[2025-06-02 21:13:34] Player hit an obstacle!
[2025-06-02 21:13:34] Player hit an obstacle!
[2025-06-02 21:13:34] Player hit an obstacle!
[2025-06-02 21:13:34] Player hit an obstacle!
[2025-06-02 21:13:34] Player hit an obstacle!
[2025-06-02 21:13:34] Player hit an obstacle!
[2025-06-02 21:13:34] Player hit an obstacle!
[2025-06-02 21:13:34] Player hit an obstacle!
[2025-06-02 21:13:34] Player hit an obstacle!
[2025-06-02 21:13:34] Player hit an obstacle!
[2025-06-02 21:13:34] Player hit an obstacle!
[2025-06-02 21:13:34] Player hit an obstacle!
[2025-06-02 21:13:34] Player hit an obstacle!
[2025-06-02 21:13:34] Player hit an obstacle!
[2025-06-02 21:13:34] Player hit an obstacle!
[2025-06-02 21:13:34] Player hit an obstacle!
[2025-06-02 21:13:34] Player hit an obstacle!
[2025-06-02 21:13:34] Player hit an obstacle!
[2025-06-02 21:13:34] Player hit an obstacle!
[2025-06-02 21:13:34] Player hit an obstacle!
[2025-06-02 21:13:34] Player hit an obstacle!
[2025-06-02 21:13:34] Player hit an obstacle!
[2025-06-02 21:13:34] Player hit an obstacle!
[2025-06-02 21:13:34] Player hit an obstacle!
[2025-06-02 21:13:34] Player hit an obstacle!
[2025-06-02 21:13:34] Player hit an obstacle!
[2025-06-02 21:13:34] Player hit an obstacle!
[2025-06-02 21:13:34] Player hit an obstacle!
[2025-06-02 21:13:34] Player hit an obstacle!
[2025-06-02 21:13:34] Player hit an obstacle!
[2025-06-02 21:13:34] Player hit an obstacle!
[2025-06-02 21:13:34] Player hit an obstacle!
[2025-06-02 21:13:34] Player hit an obstacle!
[2025-06-02 21:13:34] Player hit an obstacle!
[2025-06-02 21:13:34] Player hit an obstacle!
[2025-06-02 21:13:34] Player hit an obstacle!
[2025-06-02 21:13:34] Player hit an obstacle!
[2025-06-02 21:13:34] Player hit an obstacle!
[2025-06-02 21:13:34] Player hit an obstacle!
[2025-06-02 21:13:34] Player hit an obstacle!
[2025-06-02 21:13:34] Player hit an obstacle!
[2025-06-02 21:13:34] Player hit an obstacle!
[2025-06-02 21:13:34] Player hit an obstacle!
[2025-06-02 21:13:34] Player hit an obstacle!
[2025-06-02 21:13:34] Player hit an obstacle!
[2025-06-02 21:13:34] Player hit an obstacle!
[2025-06-02 21:13:35] Player moved to (408, 192)
[2025-06-02 21:13:35] Player moved to (404, 192)
[2025-06-02 21:13:35] Player moved to (400, 192)
[2025-06-02 21:13:35] Player moved to (396, 192)
[2025-06-02 21:13:35] Player moved to (392, 192)
[2025-06-02 21:13:35] Player moved to (388, 192)
[2025-06-02 21:13:35] Player moved to (384, 192)
[2025-06-02 21:13:35] Player moved to (380, 192)
[2025-06-02 21:13:35] Player moved to (376, 192)
[2025-06-02 21:13:35] Player moved to (372, 192)
[2025-06-02 21:13:35] Player moved to (368, 192)
[2025-06-02 21:13:35] Player moved to (364, 192)
[2025-06-02 21:13:35] Player moved to (360, 192)
[2025-06-02 21:13:35] Player moved to (356, 192)
[2025-06-02 21:13:35] Player moved to (352, 192)
[2025-06-02 21:13:35] Player moved to (348, 192)
[2025-06-02 21:13:35] Player moved to (344, 192)
[2025-06-02 21:13:35] Player moved to (340, 192)
[2025-06-02 21:13:35] Player moved to (336, 192)
[2025-06-02 21:13:35] Player moved to (332, 192)
[2025-06-02 21:13:35] Player moved to (328, 192)
[2025-06-02 21:13:35] Player moved to (324, 192)
[2025-06-02 21:13:35] Player moved to (320, 192)
[2025-06-02 21:13:35] Player moved to (316, 192)
[2025-06-02 21:13:35] Player moved to (312, 192)
[2025-06-02 21:13:35] Player moved to (308, 192)
[2025-06-02 21:13:35] Player moved to (304, 192)
[2025-06-02 21:13:35] Player moved to (300, 192)
[2025-06-02 21:13:35] Player moved to (296, 192)
[2025-06-02 21:13:35] Player moved to (292, 192)
[2025-06-02 21:13:35] Player moved to (288, 192)
[2025-06-02 21:13:35] Player moved to (284, 192)
[2025-06-02 21:13:35] Player moved to (280, 192)
[2025-06-02 21:13:35] Player moved to (276, 192)
[2025-06-02 21:13:35] Player moved to (272, 188)
[2025-06-02 21:13:35] Player moved to (268, 184)
[2025-06-02 21:13:35] Player moved to (264, 180)
[2025-06-02 21:13:35] Player moved to (260, 176)
[2025-06-02 21:13:35] Player moved to (256, 172)
[2025-06-02 21:13:35] Player moved to (252, 168)
[2025-06-02 21:13:35] Player moved to (252, 164)
[2025-06-02 21:13:35] Player moved to (252, 160)
[2025-06-02 21:13:35] Player moved to (252, 156)
[2025-06-02 21:13:35] Player moved to (252, 152)
[2025-06-02 21:13:35] Player moved to (252, 148)
[2025-06-02 21:13:35] Player moved to (252, 144)
[2025-06-02 21:13:35] Player moved to (252, 140)
[2025-06-02 21:13:35] Player moved to (252, 136)
[2025-06-02 21:13:35] Player moved to (252, 132)
[2025-06-02 21:13:35] Player moved to (256, 128)
[2025-06-02 21:13:35] Player moved to (260, 124)
[2025-06-02 21:13:35] Player moved to (264, 120)
[2025-06-02 21:13:35] Player moved to (268, 116)
[2025-06-02 21:13:35] Player moved to (272, 116)
[2025-06-02 21:13:35] Player moved to (276, 116)
[2025-06-02 21:13:35] Player moved to (280, 116)
[2025-06-02 21:13:35] Player moved to (284, 116)
[2025-06-02 21:13:35] Player moved to (288, 116)
[2025-06-02 21:13:35] Player moved to (292, 116)
[2025-06-02 21:13:35] Player moved to (296, 116)
[2025-06-02 21:13:35] Player moved to (300, 116)
[2025-06-02 21:13:35] Player moved to (304, 116)
[2025-06-02 21:13:35] Player moved to (308, 116)
[2025-06-02 21:13:35] Player moved to (312, 116)
[2025-06-02 21:13:35] Player moved to (316, 116)
[2025-06-02 21:13:35] Player moved to (320, 116)
[2025-06-02 21:13:35] Player moved to (324, 116)
[2025-06-02 21:13:35] Player moved to (328, 116)
[2025-06-02 21:13:35] Player moved to (332, 116)
[2025-06-02 21:13:35] Player moved to (336, 116)
[2025-06-02 21:13:35] Player moved to (340, 116)
[2025-06-02 21:13:35] Player moved to (344, 116)
[2025-06-02 21:13:35] Player moved to (348, 116)
[2025-06-02 21:13:35] Player moved to (352, 116)
[2025-06-02 21:13:35] Player moved to (356, 116)
[2025-06-02 21:13:35] Player moved to (360, 116)
[2025-06-02 21:13:35] Player hit an obstacle!
[2025-06-02 21:13:35] Player hit an obstacle!
[2025-06-02 21:13:35] Player hit an obstacle!
[2025-06-02 21:13:35] Player hit an obstacle!
[2025-06-02 21:13:35] Player hit an obstacle!
[2025-06-02 21:13:35] Player hit an obstacle!
[2025-06-02 21:13:35] Player hit an obstacle!
[2025-06-02 21:13:35] Player hit an obstacle!
[2025-06-02 21:13:35] Player hit an obstacle!
[2025-06-02 21:13:35] Player hit an obstacle!
[2025-06-02 21:13:35] Player hit an obstacle!
[2025-06-02 21:13:35] Player hit an obstacle!
[2025-06-02 21:13:35] Player hit an obstacle!
[2025-06-02 21:13:35] Player hit an obstacle!
[2025-06-02 21:13:35] Player hit an obstacle!
[2025-06-02 21:13:35] Player hit an obstacle!
[2025-06-02 21:13:35] Player hit an obstacle!
[2025-06-02 21:13:35] Player hit an obstacle!
[2025-06-02 21:13:35] Player hit an obstacle!
[2025-06-02 21:13:35] Player hit an obstacle!
[2025-06-02 21:13:35] Player hit an obstacle!
[2025-06-02 21:13:35] Player hit an obstacle!
[2025-06-02 21:13:35] Player hit an obstacle!
[2025-06-02 21:13:35] Player hit an obstacle!
[2025-06-02 21:13:35] Player hit an obstacle!
[2025-06-02 21:13:35] Player hit an obstacle!
[2025-06-02 21:13:35] Player hit an obstacle!
[2025-06-02 21:13:35] Player hit an obstacle!
[2025-06-02 21:13:35] Player hit an obstacle!
[2025-06-02 21:13:35] Player hit an obstacle!
[2025-06-02 21:13:35] Player hit an obstacle!
[2025-06-02 21:13:35] Player hit an obstacle!
[2025-06-02 21:13:35] Player hit an obstacle!
[2025-06-02 21:13:35] Player hit an obstacle!
[2025-06-02 21:13:35] Player hit an obstacle!
[2025-06-02 21:13:35] Player hit an obstacle!
[2025-06-02 21:13:35] Player hit an obstacle!
[2025-06-02 21:13:35] Player hit an obstacle!
[2025-06-02 21:13:35] Player hit an obstacle!
[2025-06-02 21:13:35] Player hit an obstacle!
[2025-06-02 21:13:35] Player hit an obstacle!
[2025-06-02 21:13:35] Player hit an obstacle!
[2025-06-02 21:13:35] Player hit an obstacle!
[2025-06-02 21:13:35] Player hit an obstacle!
[2025-06-02 21:13:35] Player hit an obstacle!
[2025-06-02 21:13:35] Player hit an obstacle!
[2025-06-02 21:13:35] Player hit an obstacle!
[2025-06-02 21:13:35] Player hit an obstacle!
[2025-06-02 21:13:35] Player hit an obstacle!
[2025-06-02 21:13:35] Player hit an obstacle!
[2025-06-02 21:13:35] Player hit an obstacle!
[2025-06-02 21:13:35] Player hit an obstacle!
[2025-06-02 21:13:35] Player hit an obstacle!
[2025-06-02 21:13:35] Player hit an obstacle!
[2025-06-02 21:13:35] Player hit an obstacle!
[2025-06-02 21:13:35] Player hit an obstacle!
[2025-06-02 21:13:35] Player hit an obstacle!
[2025-06-02 21:13:35] Player hit an obstacle!
[2025-06-02 21:13:35] Player hit an obstacle!
[2025-06-02 21:13:35] Player hit an obstacle!
[2025-06-02 21:13:35] Player hit an obstacle!
[2025-06-02 21:13:35] Player hit an obstacle!
[2025-06-02 21:13:35] Player hit an obstacle!
[2025-06-02 21:13:35] Player hit an obstacle!
[2025-06-02 21:13:35] Player hit an obstacle!
[2025-06-02 21:13:35] Player hit an obstacle!
[2025-06-02 21:13:35] Player hit an obstacle!
[2025-06-02 21:13:35] Player hit an obstacle!
[2025-06-02 21:13:35] Player hit an obstacle!
[2025-06-02 21:13:35] Player hit an obstacle!
[2025-06-02 21:13:35] Player hit an obstacle!
[2025-06-02 21:13:35] Player hit an obstacle!
[2025-06-02 21:13:36] Player moved to (360, 120)
[2025-06-02 21:13:36] Player moved to (360, 124)
[2025-06-02 21:13:36] Player moved to (360, 128)
[2025-06-02 21:13:36] Player moved to (360, 132)
[2025-06-02 21:13:36] Player moved to (360, 136)
[2025-06-02 21:13:36] Player moved to (360, 140)
[2025-06-02 21:13:36] Player moved to (360, 144)
[2025-06-02 21:13:36] Player moved to (360, 148)
[2025-06-02 21:13:36] Player moved to (360, 152)
[2025-06-02 21:13:36] Player moved to (360, 156)
[2025-06-02 21:13:36] Player moved to (360, 160)
[2025-06-02 21:13:36] Player moved to (360, 164)
[2025-06-02 21:13:36] Player moved to (360, 168)
[2025-06-02 21:13:36] Player moved to (360, 172)
[2025-06-02 21:13:36] Player moved to (360, 176)
[2025-06-02 21:13:36] Player moved to (360, 180)
[2025-06-02 21:13:36] Player moved to (360, 184)
[2025-06-02 21:13:36] Player moved to (360, 188)
[2025-06-02 21:13:36] Player moved to (360, 192)
[2025-06-02 21:13:36] Player moved to (360, 196)
[2025-06-02 21:13:36] Player moved to (360, 200)
[2025-06-02 21:13:36] Player moved to (360, 204)
[2025-06-02 21:13:36] Player moved to (360, 208)
[2025-06-02 21:13:36] Player moved to (360, 212)
[2025-06-02 21:13:36] Player moved to (360, 216)
[2025-06-02 21:13:36] Player moved to (360, 220)
[2025-06-02 21:13:36] Player moved to (360, 224)
[2025-06-02 21:13:36] Player moved to (360, 228)
[2025-06-02 21:13:36] Player moved to (360, 232)
[2025-06-02 21:13:36] Player moved to (360, 236)
[2025-06-02 21:13:36] Player moved to (360, 240)
[2025-06-02 21:13:36] Player moved to (360, 244)
[2025-06-02 21:13:36] Player moved to (360, 248)
[2025-06-02 21:13:36] Player moved to (360, 252)
[2025-06-02 21:13:36] Player moved to (360, 256)
[2025-06-02 21:13:36] Player moved to (360, 260)
[2025-06-02 21:13:36] Player moved to (360, 264)
[2025-06-02 21:13:36] Player moved to (360, 268)
[2025-06-02 21:13:36] Player moved to (360, 272)
[2025-06-02 21:13:36] Player moved to (360, 276)
[2025-06-02 21:13:36] Player moved to (360, 280)
[2025-06-02 21:13:36] Player moved to (360, 284)
[2025-06-02 21:13:36] Player moved to (360, 288)
[2025-06-02 21:13:36] Player moved to (360, 292)
[2025-06-02 21:13:36] Player moved to (360, 296)
[2025-06-02 21:13:36] Player moved to (360, 300)
[2025-06-02 21:13:36] Player moved to (360, 304)
[2025-06-02 21:13:36] Player moved to (360, 308)
[2025-06-02 21:13:36] Player moved to (360, 312)
[2025-06-02 21:13:36] Player moved to (364, 312)
[2025-06-02 21:13:36] Player moved to (368, 312)
[2025-06-02 21:13:36] Player moved to (372, 312)
[2025-06-02 21:13:36] Player moved to (376, 312)
[2025-06-02 21:13:36] Player moved to (380, 312)
[2025-06-02 21:13:36] Player moved to (384, 312)
[2025-06-02 21:13:36] Player moved to (388, 312)
[2025-06-02 21:13:36] Player moved to (392, 312)
[2025-06-02 21:13:36] Player moved to (396, 312)
[2025-06-02 21:13:36] Player moved to (400, 312)
[2025-06-02 21:13:36] Player moved to (404, 312)
[2025-06-02 21:13:36] Player moved to (408, 312)
[2025-06-02 21:13:36] Player moved to (412, 312)
[2025-06-02 21:13:36] Player moved to (416, 312)
[2025-06-02 21:13:36] Player moved to (420, 312)
[2025-06-02 21:13:36] Player moved to (424, 312)
[2025-06-02 21:13:36] Player moved to (424, 308)
[2025-06-02 21:13:36] Player moved to (424, 304)
[2025-06-02 21:13:36] Player moved to (424, 300)
[2025-06-02 21:13:36] Player moved to (424, 296)
[2025-06-02 21:13:36] Player moved to (424, 292)
[2025-06-02 21:13:36] Player moved to (424, 288)
[2025-06-02 21:13:36] Player moved to (424, 284)
[2025-06-02 21:13:36] Player moved to (424, 280)
[2025-06-02 21:13:36] Player moved to (424, 276)
[2025-06-02 21:13:36] Player moved to (424, 272)
[2025-06-02 21:13:36] Player moved to (424, 268)
[2025-06-02 21:13:36] Player moved to (424, 264)
[2025-06-02 21:13:36] Player moved to (424, 260)
[2025-06-02 21:13:36] Player moved to (424, 256)
[2025-06-02 21:13:36] Player moved to (424, 252)
[2025-06-02 21:13:36] Player moved to (424, 248)
[2025-06-02 21:13:36] Player moved to (424, 244)
[2025-06-02 21:13:36] Player moved to (424, 240)
[2025-06-02 21:13:36] Player moved to (424, 236)
[2025-06-02 21:13:36] Player moved to (424, 232)
[2025-06-02 21:13:36] Player moved to (424, 228)
[2025-06-02 21:13:36] Player moved to (424, 224)
[2025-06-02 21:13:36] Player moved to (424, 220)
[2025-06-02 21:13:36] Player moved to (424, 216)
[2025-06-02 21:13:36] Player moved to (424, 212)
[2025-06-02 21:13:36] Player moved to (424, 208)
[2025-06-02 21:13:36] Player moved to (424, 204)
[2025-06-02 21:13:36] Player moved to (424, 200)
[2025-06-02 21:13:36] Player moved to (424, 196)
[2025-06-02 21:13:36] Player moved to (424, 192)
[2025-06-02 21:13:36] Player hit an obstacle!
[2025-06-02 21:13:36] Player hit an obstacle!
[2025-06-02 21:13:36] Player hit an obstacle!
[2025-06-02 21:13:36] Player hit an obstacle!
[2025-06-02 21:13:36] Player hit an obstacle!
[2025-06-02 21:13:36] Player hit an obstacle!
[2025-06-02 21:13:36] Player hit an obstacle!
[2025-06-02 21:13:36] Player hit an obstacle!
[2025-06-02 21:13:36] Player hit an obstacle!
[2025-06-02 21:13:36] Player hit an obstacle!
[2025-06-02 21:13:36] Player hit an obstacle!
[2025-06-02 21:13:36] Player hit an obstacle!
[2025-06-02 21:13:36] Player hit an obstacle!
[2025-06-02 21:13:36] Player hit an obstacle!
[2025-06-02 21:13:36] Player hit an obstacle!
[2025-06-02 21:13:36] Player hit an obstacle!
[2025-06-02 21:13:36] Player hit an obstacle!
[2025-06-02 21:13:36] Player hit an obstacle!
[2025-06-02 21:13:36] Player hit an obstacle!
[2025-06-02 21:13:36] Player hit an obstacle!
[2025-06-02 21:13:36] Player hit an obstacle!
[2025-06-02 21:13:36] Player hit an obstacle!
[2025-06-02 21:13:36] Player hit an obstacle!
[2025-06-02 21:13:36] Player hit an obstacle!
[2025-06-02 21:13:36] Player hit an obstacle!
[2025-06-02 21:13:36] Player hit an obstacle!
[2025-06-02 21:13:36] Player hit an obstacle!
[2025-06-02 21:13:36] Player hit an obstacle!
[2025-06-02 21:13:36] Player hit an obstacle!
[2025-06-02 21:13:36] Player hit an obstacle!
[2025-06-02 21:13:36] Player hit an obstacle!
[2025-06-02 21:13:36] Player hit an obstacle!
[2025-06-02 21:13:36] Player hit an obstacle!
[2025-06-02 21:13:37] Player hit an obstacle!
[2025-06-02 21:13:37] Player hit an obstacle!
[2025-06-02 21:13:37] Player hit an obstacle!
[2025-06-02 21:13:37] Player hit an obstacle!
[2025-06-02 21:13:37] Player hit an obstacle!
[2025-06-02 21:13:37] Player hit an obstacle!
[2025-06-02 21:13:37] Player hit an obstacle!
[2025-06-02 21:13:37] Player hit an obstacle!
[2025-06-02 21:13:37] Player hit an obstacle!
[2025-06-02 21:13:37] Player hit an obstacle!
[2025-06-02 21:13:37] Player hit an obstacle!
[2025-06-02 21:13:37] Player hit an obstacle!
[2025-06-02 21:13:37] Player hit an obstacle!
[2025-06-02 21:13:37] Player hit an obstacle!
[2025-06-02 21:13:37] Player hit an obstacle!
[2025-06-02 21:13:37] Player hit an obstacle!
[2025-06-02 21:13:37] Player hit an obstacle!
[2025-06-02 21:13:37] Player hit an obstacle!
[2025-06-02 21:13:37] Player hit an obstacle!
[2025-06-02 21:13:37] Player hit an obstacle!
[2025-06-02 21:13:37] Player hit an obstacle!
[2025-06-02 21:13:37] Player hit an obstacle!
[2025-06-02 21:13:37] Player hit an obstacle!
[2025-06-02 21:13:37] Player hit an obstacle!
[2025-06-02 21:13:37] Player hit an obstacle!
[2025-06-02 21:13:37] Player hit an obstacle!
[2025-06-02 21:13:37] Player hit an obstacle!
[2025-06-02 21:13:37] Player hit an obstacle!
[2025-06-02 21:13:37] Player hit an obstacle!
[2025-06-02 21:13:37] Player hit an obstacle!
[2025-06-02 21:13:37] Player hit an obstacle!
[2025-06-02 21:13:37] Player hit an obstacle!
[2025-06-02 21:13:37] Player hit an obstacle!
[2025-06-02 21:13:37] Player hit an obstacle!
[2025-06-02 21:13:37] Player hit an obstacle!
[2025-06-02 21:13:37] Player hit an obstacle!
[2025-06-02 21:13:37] Player hit an obstacle!
[2025-06-02 21:13:37] Player hit an obstacle!
[2025-06-02 21:13:37] Player hit an obstacle!
[2025-06-02 21:13:37] Player hit an obstacle!
[2025-06-02 21:13:37] Player hit an obstacle!
[2025-06-02 21:13:37] Player hit an obstacle!
[2025-06-02 21:13:37] Player hit an obstacle!
[2025-06-02 21:13:37] Player hit an obstacle!
[2025-06-02 21:13:37] Player hit an obstacle!
[2025-06-02 21:13:37] Player hit an obstacle!
[2025-06-02 21:13:37] Player hit an obstacle!
[2025-06-02 21:13:37] Player hit an obstacle!
[2025-06-02 21:13:37] Player hit an obstacle!
[2025-06-02 21:13:37] Player hit an obstacle!
[2025-06-02 21:13:37] Player hit an obstacle!
[2025-06-02 21:13:37] Player hit an obstacle!
[2025-06-02 21:13:37] Player hit an obstacle!
[2025-06-02 21:13:37] Player hit an obstacle!
[2025-06-02 21:13:37] Player hit an obstacle!
[2025-06-02 21:13:37] Player hit an obstacle!
[2025-06-02 21:13:37] Player hit an obstacle!
[2025-06-02 21:13:37] Player hit an obstacle!
[2025-06-02 21:13:37] Player hit an obstacle!
[2025-06-02 21:13:37] Player hit an obstacle!
[2025-06-02 21:13:37] Player hit an obstacle!
[2025-06-02 21:13:37] Player hit an obstacle!
[2025-06-02 21:13:37] Player hit an obstacle!
[2025-06-02 21:13:37] Player hit an obstacle!
[2025-06-02 21:13:37] Player hit an obstacle!
[2025-06-02 21:13:37] Player hit an obstacle!
[2025-06-02 21:13:37] Player hit an obstacle!
[2025-06-02 21:13:37] Player hit an obstacle!
[2025-06-02 21:13:37] Player hit an obstacle!
[2025-06-02 21:13:37] Player hit an obstacle!
[2025-06-02 21:13:37] Player hit an obstacle!
[2025-06-02 21:13:37] Player hit an obstacle!
[2025-06-02 21:13:37] Player hit an obstacle!
[2025-06-02 21:13:37] Player hit an obstacle!
[2025-06-02 21:13:37] Player hit an obstacle!
[2025-06-02 21:13:37] Player hit an obstacle!
[2025-06-02 21:13:37] Player moved to (420, 192)
[2025-06-02 21:13:37] Player moved to (416, 192)
[2025-06-02 21:13:37] Player moved to (412, 192)
[2025-06-02 21:13:37] Player hit an obstacle!
[2025-06-02 21:13:37] Player hit an obstacle!
[2025-06-02 21:13:38] Player hit an obstacle!
[2025-06-02 21:13:38] Player hit an obstacle!
[2025-06-02 21:13:38] Player hit an obstacle!
[2025-06-02 21:13:38] Player hit an obstacle!
[2025-06-02 21:13:38] Player hit an obstacle!
[2025-06-02 21:13:38] Player hit an obstacle!
[2025-06-02 21:13:38] Player hit an obstacle!
[2025-06-02 21:13:38] Player hit an obstacle!
[2025-06-02 21:13:38] Player hit an obstacle!
[2025-06-02 21:13:38] Player hit an obstacle!
[2025-06-02 21:13:38] Player hit an obstacle!
[2025-06-02 21:13:38] Player hit an obstacle!
[2025-06-02 21:13:38] Player hit an obstacle!
[2025-06-02 21:13:38] Player hit an obstacle!
[2025-06-02 21:13:38] Player hit an obstacle!
[2025-06-02 21:13:38] Player hit an obstacle!
[2025-06-02 21:13:38] Player hit an obstacle!
[2025-06-02 21:13:38] Player hit an obstacle!
[2025-06-02 21:13:38] Player hit an obstacle!
[2025-06-02 21:13:38] Player hit an obstacle!
[2025-06-02 21:13:38] Player hit an obstacle!
[2025-06-02 21:13:38] Player hit an obstacle!
[2025-06-02 21:13:38] Player hit an obstacle!
[2025-06-02 21:13:38] Player hit an obstacle!
[2025-06-02 21:13:38] Player hit an obstacle!
[2025-06-02 21:13:38] Player hit an obstacle!
[2025-06-02 21:13:38] Player hit an obstacle!
[2025-06-02 21:13:38] Player hit an obstacle!
[2025-06-02 21:13:38] Player hit an obstacle!
[2025-06-02 21:13:38] Player hit an obstacle!
[2025-06-02 21:13:38] Player hit an obstacle!
[2025-06-02 21:13:38] Player hit an obstacle!
[2025-06-02 21:13:38] Player hit an obstacle!
[2025-06-02 21:13:38] Player hit an obstacle!
[2025-06-02 21:13:38] Player hit an obstacle!
[2025-06-02 21:13:38] Player hit an obstacle!
[2025-06-02 21:13:38] Player hit an obstacle!
[2025-06-02 21:13:38] Player hit an obstacle!
[2025-06-02 21:13:38] Player hit an obstacle!
[2025-06-02 21:13:38] Player moved to (408, 192)
[2025-06-02 21:13:38] Player moved to (404, 192)
[2025-06-02 21:13:38] Player moved to (400, 192)
[2025-06-02 21:13:38] Player moved to (396, 192)
[2025-06-02 21:13:38] Player moved to (392, 192)
[2025-06-02 21:13:38] Player moved to (388, 192)
[2025-06-02 21:13:38] Player moved to (384, 192)
[2025-06-02 21:13:38] Player moved to (380, 192)
[2025-06-02 21:13:38] Player moved to (376, 192)
[2025-06-02 21:13:38] Player moved to (376, 196)
[2025-06-02 21:13:38] Player moved to (376, 200)
[2025-06-02 21:13:39] Player moved to (376, 204)
[2025-06-02 21:13:39] Player moved to (380, 204)
[2025-06-02 21:13:39] Player moved to (384, 204)
[2025-06-02 21:13:39] Player moved to (388, 204)
[2025-06-02 21:13:39] Player moved to (392, 204)
[2025-06-02 21:13:39] Player moved to (396, 204)
[2025-06-02 21:13:39] Player moved to (400, 204)
[2025-06-02 21:13:39] Player moved to (400, 200)
[2025-06-02 21:13:39] Player moved to (400, 196)
[2025-06-02 21:13:39] Player moved to (400, 192)
[2025-06-02 21:13:39] Player hit an obstacle!
[2025-06-02 21:13:39] Player hit an obstacle!
[2025-06-02 21:13:39] Player hit an obstacle!
[2025-06-02 21:13:39] Player hit an obstacle!
[2025-06-02 21:13:39] Player hit an obstacle!
[2025-06-02 21:13:39] Player hit an obstacle!
[2025-06-02 21:13:39] Player hit an obstacle!
[2025-06-02 21:13:39] Player hit an obstacle!
[2025-06-02 21:13:39] Player hit an obstacle!
[2025-06-02 21:13:39] Player hit an obstacle!
[2025-06-02 21:13:39] Player hit an obstacle!
[2025-06-02 21:13:39] Player hit an obstacle!
[2025-06-02 21:13:39] Player hit an obstacle!
[2025-06-02 21:13:40] -ReimuHakurei- has left the game
[2025-06-02 21:14:01] -ReimuHakurei- has joined the game!
[2025-06-02 21:14:02] Player started the game from menu
[2025-06-02 21:14:03] Player moved to (104, 100)
[2025-06-02 21:14:03] Player moved to (108, 100)
[2025-06-02 21:14:03] Player moved to (112, 100)
[2025-06-02 21:14:03] Player moved to (116, 100)
[2025-06-02 21:14:03] Player moved to (120, 100)
[2025-06-02 21:14:03] Player moved to (124, 100)
[2025-06-02 21:14:03] Player moved to (128, 100)
[2025-06-02 21:14:03] Player moved to (132, 100)
[2025-06-02 21:14:03] Player moved to (136, 100)
[2025-06-02 21:14:03] Player moved to (140, 100)
[2025-06-02 21:14:03] Player moved to (144, 100)
[2025-06-02 21:14:03] Player moved to (144, 104)
[2025-06-02 21:14:03] Player moved to (144, 108)
[2025-06-02 21:14:03] Player moved to (144, 112)
[2025-06-02 21:14:03] Player moved to (144, 116)
[2025-06-02 21:14:03] Player moved to (144, 120)
[2025-06-02 21:14:03] Player moved to (144, 124)
[2025-06-02 21:14:04] Player moved to (144, 128)
[2025-06-02 21:14:04] Player moved to (144, 132)
[2025-06-02 21:14:04] Player moved to (144, 136)
[2025-06-02 21:14:04] Player moved to (144, 140)
[2025-06-02 21:14:04] Player moved to (144, 144)
[2025-06-02 21:14:04] Player moved to (144, 148)
[2025-06-02 21:14:04] Player moved to (144, 152)
[2025-06-02 21:14:04] Player moved to (144, 156)
[2025-06-02 21:14:04] Player moved to (144, 160)
[2025-06-02 21:14:04] Player moved to (144, 164)
[2025-06-02 21:14:04] Player moved to (144, 168)
[2025-06-02 21:14:04] Player moved to (144, 172)
[2025-06-02 21:14:04] Player moved to (144, 176)
[2025-06-02 21:14:04] Player moved to (144, 180)
[2025-06-02 21:14:04] Player moved to (144, 184)
[2025-06-02 21:14:04] Player moved to (144, 188)
[2025-06-02 21:14:04] Player moved to (144, 192)
[2025-06-02 21:14:04] Player moved to (144, 196)
[2025-06-02 21:14:04] Player moved to (144, 200)
[2025-06-02 21:14:04] Player moved to (144, 204)
[2025-06-02 21:14:04] Player moved to (144, 208)
[2025-06-02 21:14:04] Player moved to (144, 212)
[2025-06-02 21:14:04] Player moved to (144, 216)
[2025-06-02 21:14:04] Player moved to (144, 220)
[2025-06-02 21:14:04] Player moved to (144, 224)
[2025-06-02 21:14:04] Player moved to (144, 228)
[2025-06-02 21:14:04] Player moved to (144, 232)
[2025-06-02 21:14:04] Player moved to (144, 236)
[2025-06-02 21:14:04] Player moved to (144, 240)
[2025-06-02 21:14:04] Player moved to (144, 244)
[2025-06-02 21:14:04] Player moved to (144, 248)
[2025-06-02 21:14:04] Player moved to (144, 252)
[2025-06-02 21:14:04] Player moved to (144, 256)
[2025-06-02 21:14:04] Player moved to (144, 260)
[2025-06-02 21:14:04] Player moved to (144, 264)
[2025-06-02 21:14:04] Player moved to (144, 268)
[2025-06-02 21:14:04] Player moved to (144, 272)
[2025-06-02 21:14:04] Player moved to (144, 276)
[2025-06-02 21:14:04] Player moved to (144, 280)
[2025-06-02 21:14:04] Player moved to (144, 284)
[2025-06-02 21:14:04] Player moved to (144, 288)
[2025-06-02 21:14:04] Player moved to (144, 292)
[2025-06-02 21:14:04] Player moved to (144, 296)
[2025-06-02 21:14:04] Player moved to (144, 300)
[2025-06-02 21:14:04] Player moved to (144, 304)
[2025-06-02 21:14:04] Player moved to (144, 308)
[2025-06-02 21:14:04] Player moved to (144, 312)
[2025-06-02 21:14:04] Player moved to (144, 316)
[2025-06-02 21:14:04] Player moved to (144, 320)
[2025-06-02 21:14:04] Player moved to (144, 324)
[2025-06-02 21:14:04] Player moved to (144, 328)
[2025-06-02 21:14:04] Player moved to (144, 332)
[2025-06-02 21:14:04] Player moved to (144, 336)
[2025-06-02 21:14:04] Player moved to (144, 340)
[2025-06-02 21:14:04] Player moved to (144, 344)
[2025-06-02 21:14:04] Player moved to (144, 348)
[2025-06-02 21:14:04] Player moved to (144, 352)
[2025-06-02 21:14:04] Player moved to (144, 356)
[2025-06-02 21:14:04] Player moved to (144, 360)
[2025-06-02 21:14:04] Player moved to (144, 364)
[2025-06-02 21:14:05] Player moved to (144, 368)
[2025-06-02 21:14:05] Player moved to (144, 372)
[2025-06-02 21:14:05] Player moved to (144, 376)
[2025-06-02 21:14:05] Player moved to (144, 380)
[2025-06-02 21:14:05] Player moved to (144, 384)
[2025-06-02 21:14:05] Player moved to (144, 388)
[2025-06-02 21:14:05] Player moved to (144, 392)
[2025-06-02 21:14:05] Player moved to (144, 396)
[2025-06-02 21:14:05] Player moved to (148, 396)
[2025-06-02 21:14:05] Player moved to (152, 396)
[2025-06-02 21:14:05] Player moved to (156, 396)
[2025-06-02 21:14:05] Player moved to (160, 396)
[2025-06-02 21:14:05] Player moved to (164, 396)
[2025-06-02 21:14:05] Player moved to (168, 396)
[2025-06-02 21:14:05] Player moved to (172, 396)
[2025-06-02 21:14:05] Player moved to (176, 396)
[2025-06-02 21:14:05] -ReimuHakurei- shot bullet at (1, 0)
[2025-06-02 21:14:05] Player moved to (180, 396)
[2025-06-02 21:14:05] Player moved to (184, 396)
[2025-06-02 21:14:05] Player moved to (188, 396)
[2025-06-02 21:14:05] Player moved to (192, 396)
[2025-06-02 21:14:05] Player moved to (196, 396)
[2025-06-02 21:14:05] Player moved to (200, 396)
[2025-06-02 21:14:05] Player moved to (204, 396)
[2025-06-02 21:14:05] Player moved to (208, 396)
[2025-06-02 21:14:05] Player moved to (212, 396)
[2025-06-02 21:14:05] Player moved to (216, 396)
[2025-06-02 21:14:05] Player moved to (220, 396)
[2025-06-02 21:14:05] Player moved to (224, 396)
[2025-06-02 21:14:05] Player moved to (228, 396)
[2025-06-02 21:14:05] Player moved to (232, 396)
[2025-06-02 21:14:05] Player moved to (236, 396)
[2025-06-02 21:14:05] Player moved to (240, 396)
[2025-06-02 21:14:05] Player moved to (244, 396)
[2025-06-02 21:14:05] Player moved to (248, 396)
[2025-06-02 21:14:05] Player moved to (252, 396)
[2025-06-02 21:14:05] Player moved to (256, 396)
[2025-06-02 21:14:05] Player moved to (260, 396)
[2025-06-02 21:14:05] Player moved to (264, 396)
[2025-06-02 21:14:05] Player moved to (268, 396)
[2025-06-02 21:14:05] Player moved to (272, 396)
[2025-06-02 21:14:05] Player moved to (276, 396)
[2025-06-02 21:14:05] Player moved to (280, 396)
[2025-06-02 21:14:05] Player moved to (284, 396)
[2025-06-02 21:14:05] Player moved to (288, 396)
[2025-06-02 21:14:05] Player moved to (292, 396)
[2025-06-02 21:14:05] Player moved to (296, 396)
[2025-06-02 21:14:05] Player moved to (300, 396)
[2025-06-02 21:14:05] -ReimuHakurei- shot bullet at (1, 0)
[2025-06-02 21:14:05] Player moved to (304, 396)
[2025-06-02 21:14:05] Player moved to (308, 396)
[2025-06-02 21:14:05] Player moved to (312, 396)
[2025-06-02 21:14:05] Player moved to (316, 396)
[2025-06-02 21:14:05] Player moved to (320, 396)
[2025-06-02 21:14:05] Player moved to (324, 396)
[2025-06-02 21:14:05] Player moved to (328, 396)
[2025-06-02 21:14:05] Player moved to (332, 396)
[2025-06-02 21:14:05] Player moved to (336, 396)
[2025-06-02 21:14:05] Player moved to (340, 396)
[2025-06-02 21:14:05] Player moved to (344, 396)
[2025-06-02 21:14:05] Player moved to (348, 396)
[2025-06-02 21:14:06] Player moved to (352, 396)
[2025-06-02 21:14:06] Player moved to (356, 396)
[2025-06-02 21:14:06] Player moved to (360, 396)
[2025-06-02 21:14:06] Player moved to (364, 396)
[2025-06-02 21:14:06] Player moved to (368, 396)
[2025-06-02 21:14:06] Player moved to (372, 396)
[2025-06-02 21:14:06] Player moved to (376, 396)
[2025-06-02 21:14:06] Player moved to (380, 396)
[2025-06-02 21:14:06] Player moved to (384, 396)
[2025-06-02 21:14:06] Player moved to (388, 396)
[2025-06-02 21:14:06] Player moved to (392, 396)
[2025-06-02 21:14:06] Player moved to (396, 396)
[2025-06-02 21:14:06] Player moved to (400, 396)
[2025-06-02 21:14:06] Player moved to (404, 396)
[2025-06-02 21:14:06] Bullet hit enemy!
[2025-06-02 21:14:06] Player moved to (408, 396)
[2025-06-02 21:14:06] Player moved to (412, 396)
[2025-06-02 21:14:06] Player moved to (416, 396)
[2025-06-02 21:14:06] Player moved to (420, 396)
[2025-06-02 21:14:06] Player moved to (424, 396)
[2025-06-02 21:14:06] Player moved to (428, 396)
[2025-06-02 21:14:06] -ReimuHakurei- shot bullet at (1, 0)
[2025-06-02 21:14:06] Player moved to (432, 396)
[2025-06-02 21:14:06] Player moved to (436, 396)
[2025-06-02 21:14:06] Player moved to (440, 396)
[2025-06-02 21:14:06] Player moved to (444, 396)
[2025-06-02 21:14:06] Player moved to (448, 396)
[2025-06-02 21:14:06] Player moved to (452, 396)
[2025-06-02 21:14:06] Player moved to (456, 396)
[2025-06-02 21:14:06] Bullet hit enemy!
[2025-06-02 21:14:06] Player moved to (460, 396)
[2025-06-02 21:14:06] Player moved to (464, 396)
[2025-06-02 21:14:06] Player moved to (468, 396)
[2025-06-02 21:14:06] Player moved to (472, 396)
[2025-06-02 21:14:06] Player moved to (476, 396)
[2025-06-02 21:14:06] Player moved to (472, 396)
[2025-06-02 21:14:06] Player moved to (468, 396)
[2025-06-02 21:14:06] Player moved to (464, 396)
[2025-06-02 21:14:06] Player moved to (460, 396)
[2025-06-02 21:14:06] Player moved to (456, 396)
[2025-06-02 21:14:06] Player moved to (452, 396)
[2025-06-02 21:14:06] Player moved to (448, 396)
[2025-06-02 21:14:06] Player moved to (444, 396)
[2025-06-02 21:14:06] Player moved to (440, 396)
[2025-06-02 21:14:06] Player moved to (436, 396)
[2025-06-02 21:14:06] Player moved to (432, 396)
[2025-06-02 21:14:06] Player moved to (428, 396)
[2025-06-02 21:14:06] Player moved to (424, 396)
[2025-06-02 21:14:06] Player moved to (420, 396)
[2025-06-02 21:14:06] Player moved to (416, 396)
[2025-06-02 21:14:06] Player moved to (412, 396)
[2025-06-02 21:14:06] Player moved to (408, 396)
[2025-06-02 21:14:07] Player moved to (404, 396)
[2025-06-02 21:14:07] Player moved to (400, 396)
[2025-06-02 21:14:07] Player moved to (396, 396)
[2025-06-02 21:14:07] Player moved to (392, 396)
[2025-06-02 21:14:07] Player moved to (388, 396)
[2025-06-02 21:14:07] Player moved to (384, 396)
[2025-06-02 21:14:07] Player moved to (380, 396)
[2025-06-02 21:14:07] Player moved to (376, 396)
[2025-06-02 21:14:07] Player moved to (372, 396)
[2025-06-02 21:14:07] Player moved to (368, 396)
[2025-06-02 21:14:07] Player moved to (364, 396)
[2025-06-02 21:14:07] Player moved to (360, 396)
[2025-06-02 21:14:07] Player moved to (356, 396)
[2025-06-02 21:14:07] Player moved to (352, 396)
[2025-06-02 21:14:07] Player moved to (348, 396)
[2025-06-02 21:14:07] Player moved to (344, 396)
[2025-06-02 21:14:07] Player moved to (340, 396)
[2025-06-02 21:14:07] Player moved to (336, 396)
[2025-06-02 21:14:07] Player moved to (332, 392)
[2025-06-02 21:14:07] Player moved to (328, 388)
[2025-06-02 21:14:07] Player moved to (324, 384)
[2025-06-02 21:14:07] Player moved to (324, 380)
[2025-06-02 21:14:07] Player moved to (324, 376)
[2025-06-02 21:14:07] Player moved to (324, 372)
[2025-06-02 21:14:07] Player moved to (324, 368)
[2025-06-02 21:14:07] Player moved to (324, 364)
[2025-06-02 21:14:07] Player moved to (324, 360)
[2025-06-02 21:14:07] Player moved to (324, 356)
[2025-06-02 21:14:07] Player moved to (324, 352)
[2025-06-02 21:14:07] Player hit an obstacle!
[2025-06-02 21:14:07] Player hit an obstacle!
[2025-06-02 21:14:07] Player hit an obstacle!
[2025-06-02 21:14:07] Player hit an obstacle!
[2025-06-02 21:14:07] Player hit an obstacle!
[2025-06-02 21:14:07] Player hit an obstacle!
[2025-06-02 21:14:07] Player hit an obstacle!
[2025-06-02 21:14:07] Player hit an obstacle!
[2025-06-02 21:14:07] Player hit an obstacle!
[2025-06-02 21:14:07] Player hit an obstacle!
[2025-06-02 21:14:07] Player hit an obstacle!
[2025-06-02 21:14:07] Player hit an obstacle!
[2025-06-02 21:14:07] Player hit an obstacle!
[2025-06-02 21:14:07] Player hit an obstacle!
[2025-06-02 21:14:07] Player hit an obstacle!
[2025-06-02 21:14:07] Player hit an obstacle!
[2025-06-02 21:14:07] Player hit an obstacle!
[2025-06-02 21:14:07] Player hit an obstacle!
[2025-06-02 21:14:07] Player hit an obstacle!
[2025-06-02 21:14:07] Player hit an obstacle!
[2025-06-02 21:14:07] Player hit an obstacle!
[2025-06-02 21:14:07] Player hit an obstacle!
[2025-06-02 21:14:07] Player hit an obstacle!
[2025-06-02 21:14:07] Player hit an obstacle!
[2025-06-02 21:14:07] Player hit an obstacle!
[2025-06-02 21:14:07] Player hit an obstacle!
[2025-06-02 21:14:08] Player moved to (320, 352)
[2025-06-02 21:14:08] Player moved to (316, 352)
[2025-06-02 21:14:08] Player moved to (312, 352)
[2025-06-02 21:14:08] Player moved to (308, 352)
[2025-06-02 21:14:08] Player moved to (304, 352)
[2025-06-02 21:14:08] Player moved to (300, 352)
[2025-06-02 21:14:08] Player moved to (296, 352)
[2025-06-02 21:14:08] Player moved to (292, 352)
[2025-06-02 21:14:08] Player moved to (288, 352)
[2025-06-02 21:14:08] Player moved to (284, 352)
[2025-06-02 21:14:08] Player moved to (280, 352)
[2025-06-02 21:14:08] Player moved to (276, 352)
[2025-06-02 21:14:08] Player moved to (272, 352)
[2025-06-02 21:14:08] Player moved to (268, 352)
[2025-06-02 21:14:08] Player moved to (264, 352)
[2025-06-02 21:14:08] Player moved to (260, 352)
[2025-06-02 21:14:08] Player moved to (256, 352)
[2025-06-02 21:14:08] Player moved to (252, 352)
[2025-06-02 21:14:08] Player moved to (248, 352)
[2025-06-02 21:14:08] Player moved to (244, 352)
[2025-06-02 21:14:08] Player moved to (240, 348)
[2025-06-02 21:14:08] Player moved to (236, 344)
[2025-06-02 21:14:08] Player moved to (232, 340)
[2025-06-02 21:14:08] Player moved to (228, 336)
[2025-06-02 21:14:08] Player moved to (228, 332)
[2025-06-02 21:14:08] Player moved to (228, 328)
[2025-06-02 21:14:08] Player moved to (228, 324)
[2025-06-02 21:14:08] Player moved to (228, 320)
[2025-06-02 21:14:08] Player moved to (228, 316)
[2025-06-02 21:14:08] Player moved to (228, 312)
[2025-06-02 21:14:08] Player moved to (228, 308)
[2025-06-02 21:14:08] Player moved to (228, 304)
[2025-06-02 21:14:08] Player moved to (228, 300)
[2025-06-02 21:14:08] Player moved to (228, 296)
[2025-06-02 21:14:08] Player moved to (232, 296)
[2025-06-02 21:14:08] Player moved to (236, 296)
[2025-06-02 21:14:08] Player moved to (240, 296)
[2025-06-02 21:14:08] Player moved to (244, 296)
[2025-06-02 21:14:08] Player moved to (248, 296)
[2025-06-02 21:14:08] Player moved to (252, 296)
[2025-06-02 21:14:08] Player moved to (256, 296)
[2025-06-02 21:14:08] Player moved to (260, 296)
[2025-06-02 21:14:08] Player hit an obstacle!
[2025-06-02 21:14:08] Player hit an obstacle!
[2025-06-02 21:14:08] Player hit an obstacle!
[2025-06-02 21:14:09] Player hit an obstacle!
[2025-06-02 21:14:09] Player hit an obstacle!
[2025-06-02 21:14:09] Player hit an obstacle!
[2025-06-02 21:14:09] Player hit an obstacle!
[2025-06-02 21:14:09] Player hit an obstacle!
[2025-06-02 21:14:09] Player hit an obstacle!
[2025-06-02 21:14:09] Player hit an obstacle!
[2025-06-02 21:14:09] Player hit an obstacle!
[2025-06-02 21:14:09] Player hit an obstacle!
[2025-06-02 21:14:09] Player moved to (256, 296)
[2025-06-02 21:14:09] Player moved to (252, 296)
[2025-06-02 21:14:09] Player moved to (248, 296)
[2025-06-02 21:14:09] Player moved to (244, 296)
[2025-06-02 21:14:09] Player moved to (240, 296)
[2025-06-02 21:14:09] Player moved to (236, 296)
[2025-06-02 21:14:09] Player moved to (232, 296)
[2025-06-02 21:14:09] Player moved to (228, 296)
[2025-06-02 21:14:09] Player moved to (224, 296)
[2025-06-02 21:14:09] Player moved to (220, 296)
[2025-06-02 21:14:09] Player moved to (216, 296)
[2025-06-02 21:14:09] Player moved to (212, 296)
[2025-06-02 21:14:09] Player moved to (208, 296)
[2025-06-02 21:14:09] Player moved to (204, 292)
[2025-06-02 21:14:09] Player moved to (200, 288)
[2025-06-02 21:14:09] Player moved to (196, 284)
[2025-06-02 21:14:09] Player moved to (196, 280)
[2025-06-02 21:14:09] Player moved to (196, 276)
[2025-06-02 21:14:09] Player moved to (196, 272)
[2025-06-02 21:14:09] Player moved to (196, 268)
[2025-06-02 21:14:09] Player moved to (196, 264)
[2025-06-02 21:14:09] Player moved to (200, 264)
[2025-06-02 21:14:09] Player moved to (204, 264)
[2025-06-02 21:14:09] Player moved to (208, 264)
[2025-06-02 21:14:09] Player moved to (212, 264)
[2025-06-02 21:14:09] Player moved to (216, 264)
[2025-06-02 21:14:09] Player moved to (220, 264)
[2025-06-02 21:14:09] Player moved to (224, 264)
[2025-06-02 21:14:09] Player moved to (228, 264)
[2025-06-02 21:14:09] Player moved to (232, 264)
[2025-06-02 21:14:09] Player moved to (236, 264)
[2025-06-02 21:14:09] Player moved to (240, 264)
[2025-06-02 21:14:09] Player moved to (244, 264)
[2025-06-02 21:14:09] Player moved to (248, 264)
[2025-06-02 21:14:09] Player moved to (252, 264)
[2025-06-02 21:14:09] Player moved to (256, 264)
[2025-06-02 21:14:09] Player moved to (260, 264)
[2025-06-02 21:14:09] Player hit an obstacle!
[2025-06-02 21:14:09] Player hit an obstacle!
[2025-06-02 21:14:09] Player hit an obstacle!
[2025-06-02 21:14:09] Player hit an obstacle!
[2025-06-02 21:14:09] Player hit an obstacle!
[2025-06-02 21:14:09] Player hit an obstacle!
[2025-06-02 21:14:09] Player hit an obstacle!
[2025-06-02 21:14:10] Player hit an obstacle!
[2025-06-02 21:14:10] Player hit an obstacle!
[2025-06-02 21:14:10] Player hit an obstacle!
[2025-06-02 21:14:10] Player hit an obstacle!
[2025-06-02 21:14:10] Player hit an obstacle!
[2025-06-02 21:14:10] Player moved to (256, 264)
[2025-06-02 21:14:10] Player moved to (252, 264)
[2025-06-02 21:14:10] Player moved to (248, 264)
[2025-06-02 21:14:10] Player moved to (244, 264)
[2025-06-02 21:14:10] Player moved to (240, 264)
[2025-06-02 21:14:10] Player moved to (236, 264)
[2025-06-02 21:14:10] Player moved to (232, 264)
[2025-06-02 21:14:10] Player moved to (228, 260)
[2025-06-02 21:14:10] Player moved to (224, 256)
[2025-06-02 21:14:10] Player moved to (220, 252)
[2025-06-02 21:14:10] Player moved to (220, 248)
[2025-06-02 21:14:10] Player moved to (220, 244)
[2025-06-02 21:14:10] Player moved to (220, 240)
[2025-06-02 21:14:10] Player moved to (224, 240)
[2025-06-02 21:14:10] Player moved to (228, 240)
[2025-06-02 21:14:10] Player moved to (232, 240)
[2025-06-02 21:14:10] Player moved to (236, 240)
[2025-06-02 21:14:10] Player moved to (240, 240)
[2025-06-02 21:14:10] Player moved to (244, 240)
[2025-06-02 21:14:10] Player moved to (248, 240)
[2025-06-02 21:14:10] Player moved to (252, 240)
[2025-06-02 21:14:10] Player moved to (256, 240)
[2025-06-02 21:14:10] Player moved to (260, 244)
[2025-06-02 21:14:10] Player moved to (264, 248)
[2025-06-02 21:14:10] Player moved to (264, 252)
[2025-06-02 21:14:10] Player moved to (264, 256)
[2025-06-02 21:14:10] Player moved to (264, 260)
[2025-06-02 21:14:10] Player hit an obstacle!
[2025-06-02 21:14:10] Player hit an obstacle!
[2025-06-02 21:14:10] Player hit an obstacle!
[2025-06-02 21:14:10] Player hit an obstacle!
[2025-06-02 21:14:10] Player hit an obstacle!
[2025-06-02 21:14:10] Player hit an obstacle!
[2025-06-02 21:14:10] Player hit an obstacle!
[2025-06-02 21:14:11] Player moved to (268, 260)
[2025-06-02 21:14:11] Player moved to (272, 260)
[2025-06-02 21:14:11] Player moved to (276, 260)
[2025-06-02 21:14:11] Player moved to (280, 260)
[2025-06-02 21:14:11] Player moved to (284, 260)
[2025-06-02 21:14:11] Player moved to (288, 260)
[2025-06-02 21:14:11] Player moved to (292, 260)
[2025-06-02 21:14:11] Player moved to (296, 260)
[2025-06-02 21:14:11] Player moved to (300, 260)
[2025-06-02 21:14:11] Player moved to (304, 260)
[2025-06-02 21:14:11] Player moved to (308, 260)
[2025-06-02 21:14:11] Player moved to (308, 256)
[2025-06-02 21:14:11] Player moved to (308, 252)
[2025-06-02 21:14:11] Player moved to (308, 248)
[2025-06-02 21:14:11] Player moved to (308, 244)
[2025-06-02 21:14:11] Player moved to (308, 240)
[2025-06-02 21:14:11] Player moved to (308, 244)
[2025-06-02 21:14:11] Player moved to (308, 248)
[2025-06-02 21:14:11] Player moved to (308, 252)
[2025-06-02 21:14:11] Player moved to (308, 256)
[2025-06-02 21:14:11] Player moved to (308, 260)
[2025-06-02 21:14:11] Player hit an obstacle!
[2025-06-02 21:14:11] Player hit an obstacle!
[2025-06-02 21:14:11] Player hit an obstacle!
[2025-06-02 21:14:11] Player hit an obstacle!
[2025-06-02 21:14:12] Player moved to (304, 260)
[2025-06-02 21:14:12] Player moved to (300, 260)
[2025-06-02 21:14:12] Player moved to (304, 260)
[2025-06-02 21:14:12] Player moved to (308, 260)
[2025-06-02 21:14:13] Player moved to (304, 260)
[2025-06-02 21:14:13] Player moved to (300, 260)
[2025-06-02 21:14:13] Player moved to (304, 260)
[2025-06-02 21:14:13] Player moved to (308, 260)
[2025-06-02 21:14:14] -ReimuHakurei- has left the game
[2025-06-03 19:10:42] -ReimuHakurei- has joined the game!
[2025-06-03 19:10:43] Player started the game from menu
[2025-06-03 19:10:43] Player moved to (104, 100)
[2025-06-03 19:10:43] Player moved to (108, 100)
[2025-06-03 19:10:43] Player moved to (112, 100)
[2025-06-03 19:10:43] Player moved to (116, 100)
[2025-06-03 19:10:43] Player moved to (120, 100)
[2025-06-03 19:10:43] Player moved to (124, 100)
[2025-06-03 19:10:43] Player moved to (128, 100)
[2025-06-03 19:10:44] Player moved to (132, 100)
[2025-06-03 19:10:44] Player moved to (136, 100)
[2025-06-03 19:10:44] Player moved to (140, 100)
[2025-06-03 19:10:44] Player moved to (144, 100)
[2025-06-03 19:10:44] Player moved to (148, 100)
[2025-06-03 19:10:44] Player moved to (152, 100)
[2025-06-03 19:10:44] Player moved to (156, 100)
[2025-06-03 19:10:44] Player moved to (160, 100)
[2025-06-03 19:10:44] Player moved to (164, 100)
[2025-06-03 19:10:44] Player moved to (168, 100)
[2025-06-03 19:10:44] Player moved to (172, 100)
[2025-06-03 19:10:44] Player moved to (176, 100)
[2025-06-03 19:10:44] Player moved to (180, 100)
[2025-06-03 19:10:44] Player moved to (184, 100)
[2025-06-03 19:10:44] Player moved to (188, 100)
[2025-06-03 19:10:44] Player moved to (192, 100)
[2025-06-03 19:10:44] Player moved to (196, 100)
[2025-06-03 19:10:44] Player moved to (200, 100)
[2025-06-03 19:10:44] Player moved to (204, 100)
[2025-06-03 19:10:44] Player moved to (208, 100)
[2025-06-03 19:10:44] Player moved to (212, 100)
[2025-06-03 19:10:44] Player moved to (216, 100)
[2025-06-03 19:10:44] Player moved to (220, 100)
[2025-06-03 19:10:44] Player moved to (224, 100)
[2025-06-03 19:10:44] Player moved to (228, 100)
[2025-06-03 19:10:44] Player moved to (232, 100)
[2025-06-03 19:10:44] Player moved to (236, 100)
[2025-06-03 19:10:44] Player moved to (236, 104)
[2025-06-03 19:10:44] Player moved to (236, 108)
[2025-06-03 19:10:44] Player moved to (236, 112)
[2025-06-03 19:10:44] Player moved to (236, 116)
[2025-06-03 19:10:44] Player moved to (236, 120)
[2025-06-03 19:10:44] Player moved to (236, 124)
[2025-06-03 19:10:44] Player moved to (236, 128)
[2025-06-03 19:10:44] Player moved to (236, 132)
[2025-06-03 19:10:44] Player moved to (236, 136)
[2025-06-03 19:10:44] Player moved to (236, 140)
[2025-06-03 19:10:44] Player moved to (236, 144)
[2025-06-03 19:10:44] Player moved to (236, 148)
[2025-06-03 19:10:44] Player moved to (236, 152)
[2025-06-03 19:10:44] Player moved to (236, 156)
[2025-06-03 19:10:44] Player moved to (236, 160)
[2025-06-03 19:10:44] Player moved to (236, 164)
[2025-06-03 19:10:44] Player moved to (236, 168)
[2025-06-03 19:10:44] Player moved to (236, 172)
[2025-06-03 19:10:44] Player moved to (236, 176)
[2025-06-03 19:10:44] Player moved to (232, 180)
[2025-06-03 19:10:44] Player moved to (228, 184)
[2025-06-03 19:10:44] Player moved to (224, 188)
[2025-06-03 19:10:44] Player moved to (220, 188)
[2025-06-03 19:10:44] Player moved to (216, 188)
[2025-06-03 19:10:44] Player moved to (212, 188)
[2025-06-03 19:10:44] Player moved to (208, 188)
[2025-06-03 19:10:44] Player moved to (204, 188)
[2025-06-03 19:10:44] Player moved to (200, 188)
[2025-06-03 19:10:44] Player moved to (196, 188)
[2025-06-03 19:10:44] Player moved to (192, 188)
[2025-06-03 19:10:44] Player moved to (188, 188)
[2025-06-03 19:10:45] Player moved to (184, 188)
[2025-06-03 19:10:45] Player moved to (180, 188)
[2025-06-03 19:10:45] Player moved to (184, 188)
[2025-06-03 19:10:45] Player moved to (188, 188)
[2025-06-03 19:10:45] Player moved to (192, 188)
[2025-06-03 19:10:45] Player moved to (196, 188)
[2025-06-03 19:10:45] Player moved to (200, 188)
[2025-06-03 19:10:45] Player moved to (204, 188)
[2025-06-03 19:10:45] Player moved to (200, 188)
[2025-06-03 19:10:45] Player moved to (196, 188)
[2025-06-03 19:10:45] Player moved to (192, 188)
[2025-06-03 19:10:45] Player moved to (188, 188)
[2025-06-03 19:10:45] Player moved to (192, 188)
[2025-06-03 19:10:45] Player moved to (196, 188)
[2025-06-03 19:10:45] Player moved to (200, 188)
[2025-06-03 19:10:45] Player moved to (204, 188)
[2025-06-03 19:10:45] Player moved to (208, 188)
[2025-06-03 19:10:45] Player moved to (212, 188)
[2025-06-03 19:10:45] Player moved to (216, 188)
[2025-06-03 19:10:45] Player moved to (220, 188)
[2025-06-03 19:10:45] Player moved to (224, 188)
[2025-06-03 19:10:45] Player moved to (228, 188)
[2025-06-03 19:10:45] Player moved to (232, 188)
[2025-06-03 19:10:45] Player moved to (236, 188)
[2025-06-03 19:10:45] Player moved to (240, 188)
[2025-06-03 19:10:45] Player moved to (244, 188)
[2025-06-03 19:10:45] Player moved to (248, 188)
[2025-06-03 19:10:45] Player moved to (252, 188)
[2025-06-03 19:10:45] Player moved to (256, 188)
[2025-06-03 19:10:45] Player moved to (260, 188)
[2025-06-03 19:10:45] Player moved to (264, 188)
[2025-06-03 19:10:45] Player moved to (268, 188)
[2025-06-03 19:10:45] Player moved to (272, 188)
[2025-06-03 19:10:45] Player moved to (276, 188)
[2025-06-03 19:10:45] Player moved to (280, 188)
[2025-06-03 19:10:45] Player moved to (284, 188)
[2025-06-03 19:10:45] Player moved to (288, 188)
[2025-06-03 19:10:45] Player moved to (292, 188)
[2025-06-03 19:10:45] Player moved to (296, 188)
[2025-06-03 19:10:45] Player moved to (300, 188)
[2025-06-03 19:10:45] Player moved to (304, 188)
[2025-06-03 19:10:45] Player moved to (308, 188)
[2025-06-03 19:10:46] Player moved to (312, 188)
[2025-06-03 19:10:46] Player moved to (316, 188)
[2025-06-03 19:10:46] Player moved to (320, 188)
[2025-06-03 19:10:46] Player moved to (324, 188)
[2025-06-03 19:10:46] Player moved to (328, 188)
[2025-06-03 19:10:46] Player moved to (332, 188)
[2025-06-03 19:10:46] Player moved to (336, 188)
[2025-06-03 19:10:46] Player moved to (340, 188)
[2025-06-03 19:10:46] Player moved to (344, 188)
[2025-06-03 19:10:46] Player moved to (348, 188)
[2025-06-03 19:10:46] Player moved to (352, 188)
[2025-06-03 19:10:46] Player moved to (356, 188)
[2025-06-03 19:10:46] Player moved to (360, 188)
[2025-06-03 19:10:46] Player hit an obstacle!
[2025-06-03 19:10:46] Player moved to (360, 192)
[2025-06-03 19:10:46] Player moved to (360, 196)
[2025-06-03 19:10:46] Player moved to (360, 200)
[2025-06-03 19:10:46] Player moved to (360, 204)
[2025-06-03 19:10:46] Player moved to (360, 208)
[2025-06-03 19:10:46] Player moved to (360, 212)
[2025-06-03 19:10:46] Player moved to (360, 216)
[2025-06-03 19:10:46] Player moved to (364, 216)
[2025-06-03 19:10:46] Player moved to (368, 216)
[2025-06-03 19:10:46] Player moved to (372, 216)
[2025-06-03 19:10:46] Player moved to (376, 216)
[2025-06-03 19:10:46] Player moved to (380, 216)
[2025-06-03 19:10:46] Player moved to (384, 216)
[2025-06-03 19:10:46] Player moved to (388, 216)
[2025-06-03 19:10:46] Player moved to (392, 216)
[2025-06-03 19:10:46] Player moved to (396, 216)
[2025-06-03 19:10:46] Player moved to (400, 216)
[2025-06-03 19:10:47] Player moved to (400, 220)
[2025-06-03 19:10:47] Player moved to (400, 224)
[2025-06-03 19:10:47] Player moved to (400, 228)
[2025-06-03 19:10:47] Player moved to (400, 232)
[2025-06-03 19:10:47] Player moved to (400, 236)
[2025-06-03 19:10:47] Player moved to (400, 240)
[2025-06-03 19:10:47] Player moved to (400, 244)
[2025-06-03 19:10:47] Player moved to (400, 248)
[2025-06-03 19:10:47] Player moved to (400, 252)
[2025-06-03 19:10:47] Player moved to (400, 256)
[2025-06-03 19:10:47] Player moved to (400, 260)
[2025-06-03 19:10:47] Player moved to (400, 264)
[2025-06-03 19:10:47] Player moved to (400, 268)
[2025-06-03 19:10:47] Player moved to (400, 272)
[2025-06-03 19:10:47] Player moved to (400, 276)
[2025-06-03 19:10:47] Player moved to (400, 280)
[2025-06-03 19:10:47] Player moved to (400, 284)
[2025-06-03 19:10:47] Player moved to (404, 288)
[2025-06-03 19:10:47] Player moved to (408, 292)
[2025-06-03 19:10:47] Player moved to (412, 296)
[2025-06-03 19:10:47] Player moved to (416, 300)
[2025-06-03 19:10:47] Player moved to (420, 304)
[2025-06-03 19:10:47] Player moved to (424, 308)
[2025-06-03 19:10:47] Player moved to (428, 312)
[2025-06-03 19:10:47] Player moved to (432, 312)
[2025-06-03 19:10:47] Player moved to (436, 312)
[2025-06-03 19:10:47] Player moved to (440, 312)
[2025-06-03 19:10:47] Player moved to (444, 312)
[2025-06-03 19:10:47] Player moved to (448, 312)
[2025-06-03 19:10:47] -ReimuHakurei- shot bullet at (1, 0)
[2025-06-03 19:10:48] Player moved to (444, 312)
[2025-06-03 19:10:48] Player moved to (440, 312)
[2025-06-03 19:10:48] Player moved to (436, 312)
[2025-06-03 19:10:48] Player moved to (432, 312)
[2025-06-03 19:10:48] Player moved to (428, 312)
[2025-06-03 19:10:48] Player moved to (424, 312)
[2025-06-03 19:10:48] Player moved to (420, 312)
[2025-06-03 19:10:48] Player moved to (416, 312)
[2025-06-03 19:10:48] Player moved to (412, 308)
[2025-06-03 19:10:48] Player moved to (408, 304)
[2025-06-03 19:10:48] Player moved to (404, 300)
[2025-06-03 19:10:48] Player moved to (404, 296)
[2025-06-03 19:10:48] Player moved to (404, 292)
[2025-06-03 19:10:48] Player moved to (404, 288)
[2025-06-03 19:10:48] Player moved to (404, 284)
[2025-06-03 19:10:48] Player moved to (404, 280)
[2025-06-03 19:10:48] Player moved to (404, 276)
[2025-06-03 19:10:48] Player moved to (404, 272)
[2025-06-03 19:10:48] Player moved to (404, 268)
[2025-06-03 19:10:48] Player moved to (404, 264)
[2025-06-03 19:10:48] Player moved to (404, 260)
[2025-06-03 19:10:48] Player moved to (404, 256)
[2025-06-03 19:10:48] Player moved to (408, 252)
[2025-06-03 19:10:48] Player moved to (412, 248)
[2025-06-03 19:10:48] Player moved to (416, 248)
[2025-06-03 19:10:48] Player moved to (420, 248)
[2025-06-03 19:10:48] Player moved to (424, 248)
[2025-06-03 19:10:48] Player moved to (428, 248)
[2025-06-03 19:10:48] Player moved to (432, 248)
[2025-06-03 19:10:48] Player moved to (436, 248)
[2025-06-03 19:10:48] Player moved to (440, 248)
[2025-06-03 19:10:48] Player moved to (444, 248)
[2025-06-03 19:10:48] Player moved to (448, 248)
[2025-06-03 19:10:48] Player moved to (452, 248)
[2025-06-03 19:10:48] Player moved to (456, 244)
[2025-06-03 19:10:48] Player moved to (460, 240)
[2025-06-03 19:10:48] Player moved to (464, 236)
[2025-06-03 19:10:48] Player moved to (464, 232)
[2025-06-03 19:10:48] Player moved to (464, 228)
[2025-06-03 19:10:48] Player moved to (464, 224)
[2025-06-03 19:10:48] Player moved to (464, 220)
[2025-06-03 19:10:48] Player moved to (464, 216)
[2025-06-03 19:10:48] Player moved to (464, 212)
[2025-06-03 19:10:48] Player moved to (464, 208)
[2025-06-03 19:10:48] Player moved to (464, 204)
[2025-06-03 19:10:48] Player moved to (464, 200)
[2025-06-03 19:10:48] Player moved to (464, 196)
[2025-06-03 19:10:48] Player moved to (464, 192)
[2025-06-03 19:10:48] Player moved to (464, 188)
[2025-06-03 19:10:48] Player moved to (464, 184)
[2025-06-03 19:10:48] Player moved to (464, 180)
[2025-06-03 19:10:48] Player moved to (464, 176)
[2025-06-03 19:10:48] Player moved to (464, 172)
[2025-06-03 19:10:48] Player moved to (464, 168)
[2025-06-03 19:10:48] Player moved to (464, 164)
[2025-06-03 19:10:48] Player moved to (464, 160)
[2025-06-03 19:10:49] Player moved to (464, 156)
[2025-06-03 19:10:49] Player moved to (464, 152)
[2025-06-03 19:10:49] Player moved to (464, 148)
[2025-06-03 19:10:49] Player moved to (464, 144)
[2025-06-03 19:10:49] Player moved to (464, 140)
[2025-06-03 19:10:49] Player moved to (464, 136)
[2025-06-03 19:10:49] Player moved to (464, 132)
[2025-06-03 19:10:49] Player moved to (464, 128)
[2025-06-03 19:10:49] Player moved to (464, 124)
[2025-06-03 19:10:49] Player moved to (464, 120)
[2025-06-03 19:10:49] Player moved to (464, 116)
[2025-06-03 19:10:49] Player moved to (464, 112)
[2025-06-03 19:10:49] Player moved to (464, 108)
[2025-06-03 19:10:49] Player moved to (464, 104)
[2025-06-03 19:10:49] Player moved to (464, 100)
[2025-06-03 19:10:49] Player moved to (464, 96)
[2025-06-03 19:10:49] Player moved to (464, 92)
[2025-06-03 19:10:49] Player moved to (464, 88)
[2025-06-03 19:10:49] Player moved to (464, 84)
[2025-06-03 19:10:49] Player moved to (464, 80)
[2025-06-03 19:10:49] Player moved to (464, 76)
[2025-06-03 19:10:49] Player moved to (464, 72)
[2025-06-03 19:10:49] Player moved to (464, 68)
[2025-06-03 19:10:49] Player moved to (464, 64)
[2025-06-03 19:10:49] Player moved to (464, 60)
[2025-06-03 19:10:49] Player moved to (464, 56)
[2025-06-03 19:10:49] Player moved to (468, 56)
[2025-06-03 19:10:49] Player moved to (472, 56)
[2025-06-03 19:10:49] Player moved to (476, 56)
[2025-06-03 19:10:49] Player moved to (480, 56)
[2025-06-03 19:10:49] Player moved to (484, 56)
[2025-06-03 19:10:49] Player moved to (488, 56)
[2025-06-03 19:10:49] -ReimuHakurei- shot bullet at (1, 0)
[2025-06-03 19:10:49] Player moved to (492, 56)
[2025-06-03 19:10:49] Player moved to (496, 56)
[2025-06-03 19:10:49] Player moved to (500, 56)
[2025-06-03 19:10:49] Player moved to (504, 56)
[2025-06-03 19:10:49] Player moved to (508, 56)
[2025-06-03 19:10:49] Player moved to (512, 60)
[2025-06-03 19:10:49] Player moved to (516, 64)
[2025-06-03 19:10:49] Player moved to (520, 68)
[2025-06-03 19:10:49] Player moved to (524, 72)
[2025-06-03 19:10:49] Player moved to (524, 76)
[2025-06-03 19:10:49] Player moved to (524, 80)
[2025-06-03 19:10:49] Player moved to (524, 84)
[2025-06-03 19:10:49] Player moved to (524, 88)
[2025-06-03 19:10:49] Player moved to (524, 92)
[2025-06-03 19:10:49] Player moved to (524, 96)
[2025-06-03 19:10:49] Player moved to (524, 100)
[2025-06-03 19:10:49] Player moved to (524, 104)
[2025-06-03 19:10:49] Player moved to (524, 108)
[2025-06-03 19:10:49] Player moved to (524, 112)
[2025-06-03 19:10:49] Player moved to (524, 116)
[2025-06-03 19:10:49] Player moved to (524, 120)
[2025-06-03 19:10:49] Player moved to (524, 124)
[2025-06-03 19:10:49] Player moved to (524, 128)
[2025-06-03 19:10:49] Player moved to (524, 132)
[2025-06-03 19:10:49] Player moved to (524, 136)
[2025-06-03 19:10:49] Player moved to (524, 140)
[2025-06-03 19:10:50] Player moved to (524, 144)
[2025-06-03 19:10:50] Player moved to (524, 148)
[2025-06-03 19:10:50] Player moved to (524, 152)
[2025-06-03 19:10:50] Player moved to (524, 156)
[2025-06-03 19:10:50] Player moved to (524, 160)
[2025-06-03 19:10:50] Player moved to (524, 164)
[2025-06-03 19:10:50] Player moved to (524, 168)
[2025-06-03 19:10:50] Player moved to (524, 172)
[2025-06-03 19:10:50] Player moved to (524, 176)
[2025-06-03 19:10:50] Player moved to (524, 180)
[2025-06-03 19:10:50] Player moved to (524, 184)
[2025-06-03 19:10:50] Player moved to (524, 188)
[2025-06-03 19:10:50] Player moved to (524, 192)
[2025-06-03 19:10:50] Player moved to (524, 196)
[2025-06-03 19:10:50] Player moved to (524, 200)
[2025-06-03 19:10:50] Player moved to (524, 204)
[2025-06-03 19:10:50] Player moved to (524, 208)
[2025-06-03 19:10:50] Player moved to (524, 212)
[2025-06-03 19:10:50] Player moved to (524, 216)
[2025-06-03 19:10:50] Player moved to (524, 220)
[2025-06-03 19:10:50] Player moved to (524, 224)
[2025-06-03 19:10:50] Player moved to (524, 228)
[2025-06-03 19:10:50] Player moved to (524, 232)
[2025-06-03 19:10:50] -ReimuHakurei- shot bullet at (0, 1)
[2025-06-03 19:10:50] Player moved to (524, 236)
[2025-06-03 19:10:50] Player moved to (524, 240)
[2025-06-03 19:10:50] Player moved to (524, 244)
[2025-06-03 19:10:50] Player moved to (524, 248)
[2025-06-03 19:10:50] Player moved to (524, 252)
[2025-06-03 19:10:50] Player moved to (528, 256)
[2025-06-03 19:10:50] Player moved to (532, 260)
[2025-06-03 19:10:50] Player moved to (536, 264)
[2025-06-03 19:10:50] Player moved to (540, 268)
[2025-06-03 19:10:50] Player moved to (544, 272)
[2025-06-03 19:10:50] Player moved to (548, 276)
[2025-06-03 19:10:50] Player moved to (548, 280)
[2025-06-03 19:10:50] Player moved to (548, 284)
[2025-06-03 19:10:50] Player moved to (548, 288)
[2025-06-03 19:10:50] Player moved to (548, 292)
[2025-06-03 19:10:50] Player moved to (548, 296)
[2025-06-03 19:10:51] Player moved to (544, 296)
[2025-06-03 19:10:51] Player moved to (540, 296)
[2025-06-03 19:10:51] Player moved to (536, 296)
[2025-06-03 19:10:51] Player moved to (532, 296)
[2025-06-03 19:10:51] Player moved to (528, 296)
[2025-06-03 19:10:51] Player moved to (524, 296)
[2025-06-03 19:10:51] Player moved to (528, 296)
[2025-06-03 19:10:51] Player moved to (532, 296)
[2025-06-03 19:10:51] Player moved to (536, 296)
[2025-06-03 19:10:51] -ReimuHakurei- shot bullet at (1, 0)
[2025-06-03 19:10:53] -ReimuHakurei- shot bullet at (1, 0)
[2025-06-03 19:10:53] -ReimuHakurei- shot bullet at (1, 0)
[2025-06-03 19:10:53] -ReimuHakurei- shot bullet at (1, 0)
[2025-06-03 19:10:53] Bullet hit enemy!
[2025-06-03 19:10:53] -ReimuHakurei- shot bullet at (1, 0)
[2025-06-03 19:10:54] Player moved to (536, 300)
[2025-06-03 19:10:54] Player moved to (536, 304)
[2025-06-03 19:10:54] Player moved to (536, 308)
[2025-06-03 19:10:54] Player moved to (536, 312)
[2025-06-03 19:10:54] Player moved to (536, 316)
[2025-06-03 19:10:54] Player moved to (536, 320)
[2025-06-03 19:10:54] Player moved to (536, 324)
[2025-06-03 19:10:54] Player moved to (536, 328)
[2025-06-03 19:10:54] Player moved to (536, 332)
[2025-06-03 19:10:54] Player moved to (536, 336)
[2025-06-03 19:10:54] Player moved to (536, 340)
[2025-06-03 19:10:54] Player moved to (536, 344)
[2025-06-03 19:10:54] Player moved to (536, 348)
[2025-06-03 19:10:54] Player moved to (536, 352)
[2025-06-03 19:10:54] Player moved to (536, 356)
[2025-06-03 19:10:54] Player moved to (536, 360)
[2025-06-03 19:10:54] Player moved to (536, 364)
[2025-06-03 19:10:54] Player moved to (540, 364)
[2025-06-03 19:10:54] Player moved to (544, 364)
[2025-06-03 19:10:54] Player moved to (548, 364)
[2025-06-03 19:10:54] -ReimuHakurei- shot bullet at (1, 0)
[2025-06-03 19:10:54] Player moved to (552, 364)
[2025-06-03 19:10:54] Player moved to (556, 364)
[2025-06-03 19:10:55] Player moved to (556, 368)
[2025-06-03 19:10:55] Player moved to (556, 372)
[2025-06-03 19:10:55] Player moved to (556, 376)
[2025-06-03 19:10:55] Player moved to (556, 380)
[2025-06-03 19:10:55] Player moved to (556, 384)
[2025-06-03 19:10:55] Player moved to (556, 388)
[2025-06-03 19:10:55] Player moved to (560, 388)
[2025-06-03 19:10:55] Player moved to (564, 388)
[2025-06-03 19:10:55] Player moved to (568, 388)
[2025-06-03 19:10:55] -ReimuHakurei- shot bullet at (1, 0)
[2025-06-03 19:10:55] Bullet hit enemy!
[2025-06-03 19:10:55] Player moved to (564, 388)
[2025-06-03 19:10:55] Player moved to (560, 388)
[2025-06-03 19:10:55] Player moved to (556, 388)
[2025-06-03 19:10:55] Player moved to (552, 388)
[2025-06-03 19:10:55] Player moved to (548, 388)
[2025-06-03 19:10:55] Player moved to (544, 388)
[2025-06-03 19:10:55] Player moved to (540, 388)
[2025-06-03 19:10:55] Player moved to (536, 388)
[2025-06-03 19:10:55] Player moved to (532, 388)
[2025-06-03 19:10:55] Player moved to (528, 388)
[2025-06-03 19:10:55] Player moved to (524, 388)
[2025-06-03 19:10:55] Player moved to (520, 388)
[2025-06-03 19:10:55] Player moved to (516, 388)
[2025-06-03 19:10:55] Player moved to (512, 388)
[2025-06-03 19:10:55] Player moved to (508, 388)
[2025-06-03 19:10:55] Player moved to (504, 388)
[2025-06-03 19:10:55] Player moved to (500, 388)
[2025-06-03 19:10:55] Player moved to (496, 388)
[2025-06-03 19:10:55] Player moved to (492, 388)
[2025-06-03 19:10:56] Player moved to (488, 388)
[2025-06-03 19:10:56] Player moved to (484, 388)
[2025-06-03 19:10:56] Player moved to (480, 388)
[2025-06-03 19:10:56] Player moved to (476, 388)
[2025-06-03 19:10:56] Player moved to (472, 388)
[2025-06-03 19:10:56] Player moved to (468, 388)
[2025-06-03 19:10:56] Player moved to (464, 388)
[2025-06-03 19:10:56] Player moved to (460, 388)
[2025-06-03 19:10:56] Player moved to (456, 388)
[2025-06-03 19:10:56] Player moved to (452, 388)
[2025-06-03 19:10:56] Player moved to (448, 388)
[2025-06-03 19:10:56] Player moved to (444, 388)
[2025-06-03 19:10:56] Player moved to (440, 388)
[2025-06-03 19:10:56] Player moved to (436, 384)
[2025-06-03 19:10:56] Player moved to (432, 380)
[2025-06-03 19:10:56] Player moved to (428, 376)
[2025-06-03 19:10:56] Player moved to (424, 372)
[2025-06-03 19:10:56] Player moved to (420, 368)
[2025-06-03 19:10:56] Player moved to (420, 364)
[2025-06-03 19:10:56] Player moved to (420, 360)
[2025-06-03 19:10:56] Player moved to (420, 356)
[2025-06-03 19:10:56] Player moved to (420, 352)
[2025-06-03 19:10:56] Player moved to (420, 348)
[2025-06-03 19:10:56] Player moved to (420, 344)
[2025-06-03 19:10:56] Player moved to (420, 340)
[2025-06-03 19:10:56] Player moved to (420, 336)
[2025-06-03 19:10:56] Player moved to (420, 332)
[2025-06-03 19:10:56] Player moved to (420, 328)
[2025-06-03 19:10:56] Player moved to (420, 324)
[2025-06-03 19:10:56] Player moved to (416, 320)
[2025-06-03 19:10:56] Player moved to (412, 316)
[2025-06-03 19:10:56] Player moved to (408, 312)
[2025-06-03 19:10:56] Player moved to (404, 308)
[2025-06-03 19:10:56] Player moved to (400, 304)
[2025-06-03 19:10:56] Player moved to (396, 300)
[2025-06-03 19:10:56] Player moved to (392, 296)
[2025-06-03 19:10:56] Player moved to (388, 292)
[2025-06-03 19:10:56] Player moved to (384, 288)
[2025-06-03 19:10:56] Player moved to (380, 284)
[2025-06-03 19:10:56] Player moved to (376, 284)
[2025-06-03 19:10:56] Player moved to (372, 284)
[2025-06-03 19:10:56] Player moved to (368, 284)
[2025-06-03 19:10:56] Player moved to (364, 284)
[2025-06-03 19:10:56] Player moved to (368, 284)
[2025-06-03 19:10:56] Player moved to (372, 284)
[2025-06-03 19:10:56] Player moved to (376, 284)
[2025-06-03 19:10:56] Player moved to (380, 284)
[2025-06-03 19:10:56] Player moved to (384, 284)
[2025-06-03 19:10:56] Player moved to (388, 284)
[2025-06-03 19:10:56] Player moved to (392, 284)
[2025-06-03 19:10:56] Player moved to (396, 284)
[2025-06-03 19:10:56] Player moved to (400, 284)
[2025-06-03 19:10:56] Player moved to (404, 284)
[2025-06-03 19:10:56] Player moved to (408, 284)
[2025-06-03 19:10:56] Player moved to (412, 284)
[2025-06-03 19:10:56] Player moved to (416, 284)
[2025-06-03 19:10:56] Player moved to (420, 288)
[2025-06-03 19:10:56] Player moved to (424, 292)
[2025-06-03 19:10:57] Player moved to (428, 296)
[2025-06-03 19:10:57] Player moved to (432, 300)
[2025-06-03 19:10:57] Player moved to (436, 304)
[2025-06-03 19:10:57] Player moved to (440, 308)
[2025-06-03 19:10:57] Player moved to (440, 312)
[2025-06-03 19:10:57] Player moved to (440, 316)
[2025-06-03 19:10:57] Player moved to (436, 316)
[2025-06-03 19:10:57] Player moved to (432, 316)
[2025-06-03 19:10:57] Player moved to (428, 316)
[2025-06-03 19:10:57] Player moved to (424, 316)
[2025-06-03 19:10:57] Player moved to (420, 316)
[2025-06-03 19:10:57] Player moved to (416, 316)
[2025-06-03 19:10:57] Player moved to (412, 316)
[2025-06-03 19:10:57] Player moved to (408, 316)
[2025-06-03 19:10:57] Player moved to (404, 316)
[2025-06-03 19:10:57] Player moved to (400, 316)
[2025-06-03 19:10:57] Player moved to (396, 316)
[2025-06-03 19:10:57] Player moved to (392, 316)
[2025-06-03 19:10:57] Player moved to (388, 316)
[2025-06-03 19:10:57] Player moved to (384, 316)
[2025-06-03 19:10:57] Player moved to (380, 316)
[2025-06-03 19:10:57] Player moved to (376, 316)
[2025-06-03 19:10:57] Player moved to (372, 316)
[2025-06-03 19:10:57] Player moved to (368, 316)
[2025-06-03 19:10:57] Player moved to (364, 316)
[2025-06-03 19:10:57] Player moved to (360, 316)
[2025-06-03 19:10:57] Player moved to (356, 316)
[2025-06-03 19:10:57] Player moved to (352, 316)
[2025-06-03 19:10:57] Player hit an obstacle!
[2025-06-03 19:10:57] Player hit an obstacle!
[2025-06-03 19:10:57] Player hit an obstacle!
[2025-06-03 19:10:57] Player hit an obstacle!
[2025-06-03 19:10:57] Player hit an obstacle!
[2025-06-03 19:10:57] Player hit an obstacle!
[2025-06-03 19:10:57] Player hit an obstacle!
[2025-06-03 19:10:57] Player hit an obstacle!
[2025-06-03 19:10:57] Player hit an obstacle!
[2025-06-03 19:10:57] Player hit an obstacle!
[2025-06-03 19:10:57] Player hit an obstacle!
[2025-06-03 19:10:57] Player moved to (356, 316)
[2025-06-03 19:10:57] Player moved to (360, 316)
[2025-06-03 19:10:57] Player moved to (364, 316)
[2025-06-03 19:10:57] Player moved to (368, 316)
[2025-06-03 19:10:57] Player moved to (372, 316)
[2025-06-03 19:10:57] Player moved to (376, 316)
[2025-06-03 19:10:57] Player moved to (380, 316)
[2025-06-03 19:10:57] Player moved to (384, 316)
[2025-06-03 19:10:57] Player moved to (388, 316)
[2025-06-03 19:10:57] Player moved to (392, 316)
[2025-06-03 19:10:57] Player moved to (396, 312)
[2025-06-03 19:10:57] Player moved to (400, 308)
[2025-06-03 19:10:57] Player moved to (404, 304)
[2025-06-03 19:10:57] Player moved to (404, 300)
[2025-06-03 19:10:57] Player moved to (404, 296)
[2025-06-03 19:10:57] Player moved to (404, 292)
[2025-06-03 19:10:57] Player moved to (404, 288)
[2025-06-03 19:10:57] Player moved to (404, 284)
[2025-06-03 19:10:58] Player moved to (404, 280)
[2025-06-03 19:10:58] Player moved to (404, 276)
[2025-06-03 19:10:58] Player moved to (404, 272)
[2025-06-03 19:10:58] Player moved to (404, 268)
[2025-06-03 19:10:58] Player moved to (404, 264)
[2025-06-03 19:10:58] Player moved to (404, 260)
[2025-06-03 19:10:58] Player moved to (404, 256)
[2025-06-03 19:10:58] Player moved to (404, 252)
[2025-06-03 19:10:58] Player moved to (404, 248)
[2025-06-03 19:10:58] Player moved to (404, 244)
[2025-06-03 19:10:58] Player moved to (404, 240)
[2025-06-03 19:10:58] Player moved to (404, 236)
[2025-06-03 19:10:58] Player moved to (404, 232)
[2025-06-03 19:10:58] Player moved to (404, 228)
[2025-06-03 19:10:58] Player moved to (404, 224)
[2025-06-03 19:10:58] Player moved to (404, 220)
[2025-06-03 19:10:58] Player moved to (404, 216)
[2025-06-03 19:10:58] Player moved to (404, 212)
[2025-06-03 19:10:58] Player moved to (404, 208)
[2025-06-03 19:10:58] Player moved to (404, 204)
[2025-06-03 19:10:58] Player moved to (400, 204)
[2025-06-03 19:10:58] Player moved to (396, 204)
[2025-06-03 19:10:58] Player moved to (392, 204)
[2025-06-03 19:10:58] Player moved to (388, 204)
[2025-06-03 19:10:58] Player moved to (384, 204)
[2025-06-03 19:10:58] Player moved to (380, 204)
[2025-06-03 19:10:58] Player moved to (376, 204)
[2025-06-03 19:10:58] Player moved to (372, 204)
[2025-06-03 19:10:58] Player moved to (368, 204)
[2025-06-03 19:10:58] Player moved to (364, 204)
[2025-06-03 19:10:58] Player moved to (360, 204)
[2025-06-03 19:10:58] Player moved to (356, 204)
[2025-06-03 19:10:58] Player moved to (352, 204)
[2025-06-03 19:10:58] Player moved to (348, 204)
[2025-06-03 19:10:58] Player moved to (344, 204)
[2025-06-03 19:10:58] Player moved to (340, 204)
[2025-06-03 19:10:58] Player moved to (336, 204)
[2025-06-03 19:10:58] Player moved to (332, 204)
[2025-06-03 19:10:58] Player moved to (328, 204)
[2025-06-03 19:10:58] Player moved to (324, 204)
[2025-06-03 19:10:58] Player moved to (320, 204)
[2025-06-03 19:10:58] Player moved to (316, 204)
[2025-06-03 19:10:58] Player moved to (312, 208)
[2025-06-03 19:10:58] Player moved to (308, 212)
[2025-06-03 19:10:58] Player moved to (304, 216)
[2025-06-03 19:10:58] Player moved to (304, 220)
[2025-06-03 19:10:58] Player moved to (304, 224)
[2025-06-03 19:10:58] Player moved to (304, 228)
[2025-06-03 19:10:58] Player moved to (304, 232)
[2025-06-03 19:10:58] Player moved to (304, 236)
[2025-06-03 19:10:58] Player moved to (304, 240)
[2025-06-03 19:10:58] Player moved to (304, 244)
[2025-06-03 19:10:58] Player moved to (304, 248)
[2025-06-03 19:10:58] Player moved to (304, 252)
[2025-06-03 19:10:58] Player moved to (304, 256)
[2025-06-03 19:10:58] Player moved to (304, 260)
[2025-06-03 19:10:58] Player hit an obstacle!
[2025-06-03 19:10:58] Player hit an obstacle!
[2025-06-03 19:10:58] Player hit an obstacle!
[2025-06-03 19:10:59] Player hit an obstacle!
[2025-06-03 19:10:59] Player hit an obstacle!
[2025-06-03 19:10:59] Player hit an obstacle!
[2025-06-03 19:10:59] Player hit an obstacle!
[2025-06-03 19:10:59] Player hit an obstacle!
[2025-06-03 19:10:59] Player hit an obstacle!
[2025-06-03 19:10:59] Player moved to (308, 260)
[2025-06-03 19:10:59] Player moved to (312, 260)
[2025-06-03 19:10:59] Player moved to (316, 260)
[2025-06-03 19:10:59] Player moved to (320, 260)
[2025-06-03 19:10:59] Player moved to (324, 260)
[2025-06-03 19:10:59] Player moved to (328, 260)
[2025-06-03 19:10:59] Player moved to (332, 256)
[2025-06-03 19:10:59] Player moved to (336, 252)
[2025-06-03 19:10:59] Player moved to (340, 248)
[2025-06-03 19:10:59] Player moved to (340, 244)
[2025-06-03 19:10:59] Player moved to (340, 240)
[2025-06-03 19:10:59] Player moved to (340, 236)
[2025-06-03 19:10:59] Player moved to (340, 232)
[2025-06-03 19:10:59] Player moved to (340, 228)
[2025-06-03 19:10:59] Player moved to (340, 224)
[2025-06-03 19:10:59] Player moved to (340, 220)
[2025-06-03 19:10:59] Player moved to (340, 216)
[2025-06-03 19:10:59] Player moved to (340, 212)
[2025-06-03 19:10:59] Player moved to (340, 208)
[2025-06-03 19:10:59] Player moved to (340, 204)
[2025-06-03 19:10:59] Player moved to (336, 200)
[2025-06-03 19:10:59] Player moved to (332, 196)
[2025-06-03 19:10:59] Player moved to (328, 192)
[2025-06-03 19:10:59] Player moved to (324, 188)
[2025-06-03 19:10:59] Player moved to (320, 184)
[2025-06-03 19:10:59] Player moved to (316, 180)
[2025-06-03 19:10:59] Player moved to (312, 176)
[2025-06-03 19:10:59] Player moved to (308, 172)
[2025-06-03 19:10:59] Player moved to (308, 168)
[2025-06-03 19:10:59] Player moved to (308, 164)
[2025-06-03 19:10:59] Player moved to (308, 160)
[2025-06-03 19:10:59] Player moved to (312, 156)
[2025-06-03 19:10:59] Player moved to (316, 152)
[2025-06-03 19:10:59] Player moved to (320, 152)
[2025-06-03 19:10:59] Player moved to (324, 152)
[2025-06-03 19:10:59] Player moved to (328, 152)
[2025-06-03 19:10:59] Player moved to (332, 152)
[2025-06-03 19:10:59] Player moved to (336, 152)
[2025-06-03 19:10:59] Player moved to (340, 152)
[2025-06-03 19:10:59] Player moved to (344, 152)
[2025-06-03 19:10:59] Player moved to (348, 152)
[2025-06-03 19:10:59] Player moved to (352, 152)
[2025-06-03 19:10:59] Player moved to (356, 152)
[2025-06-03 19:10:59] Player moved to (360, 152)
[2025-06-03 19:10:59] Player hit an obstacle!
[2025-06-03 19:10:59] Player hit an obstacle!
[2025-06-03 19:10:59] Player hit an obstacle!
[2025-06-03 19:10:59] Player hit an obstacle!
[2025-06-03 19:10:59] Player hit an obstacle!
[2025-06-03 19:10:59] Player hit an obstacle!
[2025-06-03 19:10:59] Player hit an obstacle!
[2025-06-03 19:10:59] Player hit an obstacle!
[2025-06-03 19:10:59] Player hit an obstacle!
[2025-06-03 19:10:59] Player hit an obstacle!
[2025-06-03 19:11:00] Player hit an obstacle!
[2025-06-03 19:11:00] Player hit an obstacle!
[2025-06-03 19:11:00] Player hit an obstacle!
[2025-06-03 19:11:00] Player hit an obstacle!
[2025-06-03 19:11:00] Player moved to (356, 152)
[2025-06-03 19:11:00] Player moved to (352, 152)
[2025-06-03 19:11:00] Player moved to (348, 152)
[2025-06-03 19:11:00] Player moved to (344, 152)
[2025-06-03 19:11:00] Player moved to (340, 152)
[2025-06-03 19:11:00] Player moved to (336, 152)
[2025-06-03 19:11:00] Player moved to (332, 152)
[2025-06-03 19:11:00] Player moved to (328, 156)
[2025-06-03 19:11:00] Player moved to (324, 160)
[2025-06-03 19:11:00] Player moved to (320, 164)
[2025-06-03 19:11:00] Player moved to (316, 168)
[2025-06-03 19:11:00] Player moved to (316, 172)
[2025-06-03 19:11:00] Player moved to (316, 176)
[2025-06-03 19:11:00] Player moved to (316, 180)
[2025-06-03 19:11:00] Player moved to (316, 184)
[2025-06-03 19:11:00] Player moved to (320, 188)
[2025-06-03 19:11:00] Player moved to (324, 192)
[2025-06-03 19:11:00] Player moved to (328, 196)
[2025-06-03 19:11:00] Player moved to (332, 196)
[2025-06-03 19:11:00] Player moved to (336, 196)
[2025-06-03 19:11:00] Player moved to (340, 196)
[2025-06-03 19:11:00] Player moved to (344, 196)
[2025-06-03 19:11:00] Player moved to (348, 196)
[2025-06-03 19:11:00] Player moved to (352, 196)
[2025-06-03 19:11:00] Player moved to (356, 196)
[2025-06-03 19:11:00] Player moved to (360, 196)
[2025-06-03 19:11:00] Player hit an obstacle!
[2025-06-03 19:11:00] Player hit an obstacle!
[2025-06-03 19:11:00] Player hit an obstacle!
[2025-06-03 19:11:00] Player hit an obstacle!
[2025-06-03 19:11:00] Player hit an obstacle!
[2025-06-03 19:11:00] Player hit an obstacle!
[2025-06-03 19:11:00] Player hit an obstacle!
[2025-06-03 19:11:00] Player hit an obstacle!
[2025-06-03 19:11:00] Player hit an obstacle!
[2025-06-03 19:11:00] Player hit an obstacle!
[2025-06-03 19:11:00] Player hit an obstacle!
[2025-06-03 19:11:00] Player hit an obstacle!
[2025-06-03 19:11:00] Player hit an obstacle!
[2025-06-03 19:11:00] Player hit an obstacle!
[2025-06-03 19:11:00] Player hit an obstacle!
[2025-06-03 19:11:00] Player hit an obstacle!
[2025-06-03 19:11:00] Player moved to (360, 192)
[2025-06-03 19:11:00] Player moved to (360, 188)
[2025-06-03 19:11:00] Player moved to (360, 192)
[2025-06-03 19:11:01] Player moved to (360, 196)
[2025-06-03 19:11:01] Player moved to (360, 200)
[2025-06-03 19:11:01] Player moved to (360, 204)
[2025-06-03 19:11:01] Player moved to (364, 208)
[2025-06-03 19:11:01] Player moved to (368, 212)
[2025-06-03 19:11:01] Player moved to (372, 212)
[2025-06-03 19:11:01] Player moved to (376, 212)
[2025-06-03 19:11:01] Player moved to (380, 212)
[2025-06-03 19:11:01] Player moved to (384, 212)
[2025-06-03 19:11:01] Player moved to (388, 212)
[2025-06-03 19:11:01] Player moved to (392, 212)
[2025-06-03 19:11:01] Player moved to (396, 212)
[2025-06-03 19:11:01] Player moved to (400, 212)
[2025-06-03 19:11:01] Player moved to (404, 212)
[2025-06-03 19:11:01] Player moved to (408, 212)
[2025-06-03 19:11:01] Player moved to (412, 212)
[2025-06-03 19:11:01] Player moved to (416, 212)
[2025-06-03 19:11:01] Player moved to (420, 212)
[2025-06-03 19:11:01] Player moved to (424, 212)
[2025-06-03 19:11:01] Player moved to (428, 212)
[2025-06-03 19:11:01] Player moved to (432, 208)
[2025-06-03 19:11:01] Player moved to (436, 204)
[2025-06-03 19:11:01] Player moved to (440, 200)
[2025-06-03 19:11:01] Player hit an obstacle!
[2025-06-03 19:11:01] Player hit an obstacle!
[2025-06-03 19:11:01] Player hit an obstacle!
[2025-06-03 19:11:01] Player hit an obstacle!
[2025-06-03 19:11:01] Player hit an obstacle!
[2025-06-03 19:11:01] Player hit an obstacle!
[2025-06-03 19:11:01] Player hit an obstacle!
[2025-06-03 19:11:01] Player hit an obstacle!
[2025-06-03 19:11:01] Player hit an obstacle!
[2025-06-03 19:11:01] Player hit an obstacle!
[2025-06-03 19:11:01] Player hit an obstacle!
[2025-06-03 19:11:01] Player hit an obstacle!
[2025-06-03 19:11:01] Player hit an obstacle!
[2025-06-03 19:11:01] Player hit an obstacle!
[2025-06-03 19:11:01] Player hit an obstacle!
[2025-06-03 19:11:01] Player hit an obstacle!
[2025-06-03 19:11:01] Player hit an obstacle!
[2025-06-03 19:11:01] Player hit an obstacle!
[2025-06-03 19:11:01] Player moved to (436, 200)
[2025-06-03 19:11:01] Player moved to (432, 200)
[2025-06-03 19:11:01] Player moved to (428, 200)
[2025-06-03 19:11:01] Player moved to (424, 200)
[2025-06-03 19:11:01] Player moved to (420, 200)
[2025-06-03 19:11:01] Player moved to (416, 200)
[2025-06-03 19:11:01] Player moved to (412, 200)
[2025-06-03 19:11:01] Player moved to (408, 200)
[2025-06-03 19:11:01] Player moved to (404, 200)
[2025-06-03 19:11:01] Player moved to (400, 200)
[2025-06-03 19:11:01] Player moved to (396, 200)
[2025-06-03 19:11:01] Player moved to (392, 200)
[2025-06-03 19:11:01] Player moved to (388, 200)
[2025-06-03 19:11:01] Player moved to (384, 200)
[2025-06-03 19:11:01] Player moved to (380, 200)
[2025-06-03 19:11:01] Player moved to (376, 200)
[2025-06-03 19:11:01] Player moved to (372, 200)
[2025-06-03 19:11:01] Player moved to (368, 200)
[2025-06-03 19:11:02] Player hit an obstacle!
[2025-06-03 19:11:02] Player hit an obstacle!
[2025-06-03 19:11:02] Player hit an obstacle!
[2025-06-03 19:11:02] Player hit an obstacle!
[2025-06-03 19:11:02] Player hit an obstacle!
[2025-06-03 19:11:02] Player hit an obstacle!
[2025-06-03 19:11:02] Player hit an obstacle!
[2025-06-03 19:11:02] Player hit an obstacle!
[2025-06-03 19:11:02] Player hit an obstacle!
[2025-06-03 19:11:02] Player moved to (372, 200)
[2025-06-03 19:11:02] Player moved to (376, 200)
[2025-06-03 19:11:02] Player moved to (380, 200)
[2025-06-03 19:11:02] Player moved to (384, 200)
[2025-06-03 19:11:02] Player moved to (388, 200)
[2025-06-03 19:11:02] Player hit an obstacle!
[2025-06-03 19:11:02] Player hit an obstacle!
[2025-06-03 19:11:02] Player hit an obstacle!
[2025-06-03 19:11:02] Player hit an obstacle!
[2025-06-03 19:11:02] Player hit an obstacle!
[2025-06-03 19:11:02] Player hit an obstacle!
[2025-06-03 19:11:02] Player hit an obstacle!
[2025-06-03 19:11:02] Player hit an obstacle!
[2025-06-03 19:11:02] Player hit an obstacle!
[2025-06-03 19:11:02] Player hit an obstacle!
[2025-06-03 19:11:02] Player hit an obstacle!
[2025-06-03 19:11:02] Player hit an obstacle!
[2025-06-03 19:11:02] Player hit an obstacle!
[2025-06-03 19:11:02] Player hit an obstacle!
[2025-06-03 19:11:02] Player hit an obstacle!
[2025-06-03 19:11:03] Player moved to (392, 200)
[2025-06-03 19:11:03] Player moved to (396, 200)
[2025-06-03 19:11:03] Player moved to (400, 200)
[2025-06-03 19:11:03] Player moved to (404, 200)
[2025-06-03 19:11:03] Player moved to (404, 204)
[2025-06-03 19:11:03] Player moved to (404, 208)
[2025-06-03 19:11:03] Player moved to (404, 212)
[2025-06-03 19:11:03] Player moved to (404, 208)
[2025-06-03 19:11:03] Player moved to (404, 204)
[2025-06-03 19:11:03] Player moved to (404, 200)
[2025-06-03 19:11:03] Player hit an obstacle!
[2025-06-03 19:11:03] Player hit an obstacle!
[2025-06-03 19:11:03] Player hit an obstacle!
[2025-06-03 19:11:03] Player hit an obstacle!
[2025-06-03 19:11:03] Player hit an obstacle!
[2025-06-03 19:11:03] Player hit an obstacle!
[2025-06-03 19:11:03] Player hit an obstacle!
[2025-06-03 19:11:03] Player hit an obstacle!
[2025-06-03 19:11:03] Player hit an obstacle!
[2025-06-03 19:11:03] Player hit an obstacle!
[2025-06-03 19:11:03] Player hit an obstacle!
[2025-06-03 19:11:03] Player hit an obstacle!
[2025-06-03 19:11:03] Player hit an obstacle!
[2025-06-03 19:11:03] Player hit an obstacle!
[2025-06-03 19:11:03] Player hit an obstacle!
[2025-06-03 19:11:03] Player hit an obstacle!
[2025-06-03 19:11:03] Player hit an obstacle!
[2025-06-03 19:11:03] Player hit an obstacle!
[2025-06-03 19:11:03] Player hit an obstacle!
[2025-06-03 19:11:03] Player hit an obstacle!
[2025-06-03 19:11:03] Player hit an obstacle!
[2025-06-03 19:11:03] Player hit an obstacle!
[2025-06-03 19:11:03] Player hit an obstacle!
[2025-06-03 19:11:04] Player hit an obstacle!
[2025-06-03 19:11:04] Player hit an obstacle!
[2025-06-03 19:11:04] Player hit an obstacle!
[2025-06-03 19:11:04] Player hit an obstacle!
[2025-06-03 19:11:04] Player hit an obstacle!
[2025-06-03 19:11:04] Player hit an obstacle!
[2025-06-03 19:11:04] Player hit an obstacle!
[2025-06-03 19:11:04] Player hit an obstacle!
[2025-06-03 19:11:04] Player hit an obstacle!
[2025-06-03 19:11:04] Player hit an obstacle!
[2025-06-03 19:11:04] Player hit an obstacle!
[2025-06-03 19:11:04] Player hit an obstacle!
[2025-06-03 19:11:04] Player hit an obstacle!
[2025-06-03 19:11:04] Player hit an obstacle!
[2025-06-03 19:11:04] Player hit an obstacle!
[2025-06-03 19:11:04] Player hit an obstacle!
[2025-06-03 19:11:04] Player moved to (408, 200)
[2025-06-03 19:11:04] Player moved to (412, 200)
[2025-06-03 19:11:04] Player moved to (416, 200)
[2025-06-03 19:11:04] Player moved to (420, 200)
[2025-06-03 19:11:04] Player moved to (424, 200)
[2025-06-03 19:11:04] Player moved to (428, 200)
[2025-06-03 19:11:04] Player moved to (432, 200)
[2025-06-03 19:11:04] Player moved to (436, 200)
[2025-06-03 19:11:04] Player moved to (440, 200)
[2025-06-03 19:11:04] Player moved to (444, 200)
[2025-06-03 19:11:04] Player moved to (448, 200)
[2025-06-03 19:11:04] Player moved to (452, 200)
[2025-06-03 19:11:04] Player moved to (456, 196)
[2025-06-03 19:11:04] Player moved to (460, 192)
[2025-06-03 19:11:04] Player moved to (464, 188)
[2025-06-03 19:11:04] Player moved to (464, 184)
[2025-06-03 19:11:04] Player moved to (464, 180)
[2025-06-03 19:11:04] Player moved to (464, 176)
[2025-06-03 19:11:04] Player moved to (464, 172)
[2025-06-03 19:11:04] Player moved to (464, 168)
[2025-06-03 19:11:04] Player moved to (460, 164)
[2025-06-03 19:11:04] Player moved to (456, 160)
[2025-06-03 19:11:04] Player moved to (452, 156)
[2025-06-03 19:11:04] Player hit an obstacle!
[2025-06-03 19:11:04] Player hit an obstacle!
[2025-06-03 19:11:04] Player hit an obstacle!
[2025-06-03 19:11:04] Player hit an obstacle!
[2025-06-03 19:11:04] Player hit an obstacle!
[2025-06-03 19:11:04] Player hit an obstacle!
[2025-06-03 19:11:04] Player hit an obstacle!
[2025-06-03 19:11:04] Player hit an obstacle!
[2025-06-03 19:11:04] Player hit an obstacle!
[2025-06-03 19:11:04] Player hit an obstacle!
[2025-06-03 19:11:04] Player hit an obstacle!
[2025-06-03 19:11:04] Player hit an obstacle!
[2025-06-03 19:11:04] Player hit an obstacle!
[2025-06-03 19:11:04] Player hit an obstacle!
[2025-06-03 19:11:04] Player hit an obstacle!
[2025-06-03 19:11:04] Player hit an obstacle!
[2025-06-03 19:11:04] Player hit an obstacle!
[2025-06-03 19:11:04] Player hit an obstacle!
[2025-06-03 19:11:04] Player hit an obstacle!
[2025-06-03 19:11:04] Player hit an obstacle!
[2025-06-03 19:11:04] Player hit an obstacle!
[2025-06-03 19:11:05] Player hit an obstacle!
[2025-06-03 19:11:05] Player hit an obstacle!
[2025-06-03 19:11:05] Player hit an obstacle!
[2025-06-03 19:11:05] Player hit an obstacle!
[2025-06-03 19:11:05] Player hit an obstacle!
[2025-06-03 19:11:05] Player hit an obstacle!
[2025-06-03 19:11:05] Player hit an obstacle!
[2025-06-03 19:11:05] Player hit an obstacle!
[2025-06-03 19:11:05] Player hit an obstacle!
[2025-06-03 19:11:05] Player hit an obstacle!
[2025-06-03 19:11:05] Player hit an obstacle!
[2025-06-03 19:11:05] Player hit an obstacle!
[2025-06-03 19:11:05] Player hit an obstacle!
[2025-06-03 19:11:05] Player hit an obstacle!
[2025-06-03 19:11:05] Player hit an obstacle!
[2025-06-03 19:11:05] Player hit an obstacle!
[2025-06-03 19:11:05] Player hit an obstacle!
[2025-06-03 19:11:05] Player hit an obstacle!
[2025-06-03 19:11:05] Player hit an obstacle!
[2025-06-03 19:11:05] Player hit an obstacle!
[2025-06-03 19:11:05] Player hit an obstacle!
[2025-06-03 19:11:05] Player hit an obstacle!
[2025-06-03 19:11:05] Player hit an obstacle!
[2025-06-03 19:11:05] Player hit an obstacle!
[2025-06-03 19:11:05] Player hit an obstacle!
[2025-06-03 19:11:05] Player moved to (456, 156)
[2025-06-03 19:11:05] Player moved to (460, 156)
[2025-06-03 19:11:05] Player moved to (464, 156)
[2025-06-03 19:11:05] Player moved to (468, 156)
[2025-06-03 19:11:05] Player moved to (464, 156)
[2025-06-03 19:11:05] Player moved to (460, 156)
[2025-06-03 19:11:05] Player moved to (456, 156)
[2025-06-03 19:11:05] Player moved to (452, 156)
[2025-06-03 19:11:05] Player hit an obstacle!
[2025-06-03 19:11:05] Player hit an obstacle!
[2025-06-03 19:11:05] Player hit an obstacle!
[2025-06-03 19:11:05] Player hit an obstacle!
[2025-06-03 19:11:05] Player hit an obstacle!
[2025-06-03 19:11:05] Player hit an obstacle!
[2025-06-03 19:11:05] Player hit an obstacle!
[2025-06-03 19:11:05] Player hit an obstacle!
[2025-06-03 19:11:05] Player hit an obstacle!
[2025-06-03 19:11:05] Player hit an obstacle!
[2025-06-03 19:11:05] Player hit an obstacle!
[2025-06-03 19:11:05] Player hit an obstacle!
[2025-06-03 19:11:05] Player hit an obstacle!
[2025-06-03 19:11:05] Player hit an obstacle!
[2025-06-03 19:11:05] Player hit an obstacle!
[2025-06-03 19:11:05] Player hit an obstacle!
[2025-06-03 19:11:05] Player hit an obstacle!
[2025-06-03 19:11:05] Player hit an obstacle!
[2025-06-03 19:11:05] Player moved to (456, 156)
[2025-06-03 19:11:05] Player moved to (460, 156)
[2025-06-03 19:11:05] Player moved to (464, 156)
[2025-06-03 19:11:05] Player moved to (468, 156)
[2025-06-03 19:11:05] Player moved to (472, 156)
[2025-06-03 19:11:06] Player moved to (476, 156)
[2025-06-03 19:11:06] Player moved to (480, 156)
[2025-06-03 19:11:06] Player moved to (484, 156)
[2025-06-03 19:11:06] Player moved to (488, 156)
[2025-06-03 19:11:06] Player moved to (492, 156)
[2025-06-03 19:11:06] Player moved to (496, 156)
[2025-06-03 19:11:06] Player moved to (500, 156)
[2025-06-03 19:11:06] Player moved to (504, 156)
[2025-06-03 19:11:06] Player moved to (508, 156)
[2025-06-03 19:11:06] Player moved to (512, 156)
[2025-06-03 19:11:06] Player moved to (516, 156)
[2025-06-03 19:11:06] Player moved to (520, 156)
[2025-06-03 19:11:06] Player moved to (524, 156)
[2025-06-03 19:11:06] Player moved to (520, 156)
[2025-06-03 19:11:06] Player moved to (516, 156)
[2025-06-03 19:11:06] Player moved to (512, 156)
[2025-06-03 19:11:06] Player moved to (508, 156)
[2025-06-03 19:11:06] Player moved to (504, 156)
[2025-06-03 19:11:06] Player moved to (500, 156)
[2025-06-03 19:11:06] Player moved to (496, 156)
[2025-06-03 19:11:06] Player moved to (492, 156)
[2025-06-03 19:11:06] Player moved to (488, 156)
[2025-06-03 19:11:06] Player moved to (484, 156)
[2025-06-03 19:11:06] Player moved to (480, 156)
[2025-06-03 19:11:06] Player moved to (476, 156)
[2025-06-03 19:11:06] Player moved to (472, 156)
[2025-06-03 19:11:06] Player moved to (468, 156)
[2025-06-03 19:11:06] Player moved to (464, 156)
[2025-06-03 19:11:06] Player moved to (460, 156)
[2025-06-03 19:11:06] Player moved to (456, 156)
[2025-06-03 19:11:06] Player moved to (452, 156)
[2025-06-03 19:11:06] Player hit an obstacle!
[2025-06-03 19:11:06] Player hit an obstacle!
[2025-06-03 19:11:06] Player hit an obstacle!
[2025-06-03 19:11:06] Player hit an obstacle!
[2025-06-03 19:11:06] Player hit an obstacle!
[2025-06-03 19:11:06] Player hit an obstacle!
[2025-06-03 19:11:06] Player hit an obstacle!
[2025-06-03 19:11:06] Player hit an obstacle!
[2025-06-03 19:11:06] Player hit an obstacle!
[2025-06-03 19:11:06] Player hit an obstacle!
[2025-06-03 19:11:06] Player hit an obstacle!
[2025-06-03 19:11:06] Player hit an obstacle!
[2025-06-03 19:11:06] Player hit an obstacle!
[2025-06-03 19:11:06] Player hit an obstacle!
[2025-06-03 19:11:06] Player hit an obstacle!
[2025-06-03 19:11:06] Player hit an obstacle!
[2025-06-03 19:11:06] Player hit an obstacle!
[2025-06-03 19:11:06] Player hit an obstacle!
[2025-06-03 19:11:06] Player hit an obstacle!
[2025-06-03 19:11:06] Player hit an obstacle!
[2025-06-03 19:11:06] Player hit an obstacle!
[2025-06-03 19:11:06] Player hit an obstacle!
[2025-06-03 19:11:06] Player hit an obstacle!
[2025-06-03 19:11:06] Player hit an obstacle!
[2025-06-03 19:11:06] Player hit an obstacle!
[2025-06-03 19:11:06] Player hit an obstacle!
[2025-06-03 19:11:06] Player hit an obstacle!
[2025-06-03 19:11:06] Player hit an obstacle!
[2025-06-03 19:11:07] Player hit an obstacle!
[2025-06-03 19:11:07] Player hit an obstacle!
[2025-06-03 19:11:07] Player hit an obstacle!
[2025-06-03 19:11:07] Player hit an obstacle!
[2025-06-03 19:11:07] Player hit an obstacle!
[2025-06-03 19:11:07] Player hit an obstacle!
[2025-06-03 19:11:07] Player hit an obstacle!
[2025-06-03 19:11:07] Player hit an obstacle!
[2025-06-03 19:11:07] Player hit an obstacle!
[2025-06-03 19:11:07] Player hit an obstacle!
[2025-06-03 19:11:07] Player hit an obstacle!
[2025-06-03 19:11:07] Player hit an obstacle!
[2025-06-03 19:11:07] Player hit an obstacle!
[2025-06-03 19:11:07] Player hit an obstacle!
[2025-06-03 19:11:07] Player hit an obstacle!
[2025-06-03 19:11:07] Player hit an obstacle!
[2025-06-03 19:11:07] Player hit an obstacle!
[2025-06-03 19:11:07] Player hit an obstacle!
[2025-06-03 19:11:07] Player hit an obstacle!
[2025-06-03 19:11:07] Player hit an obstacle!
[2025-06-03 19:11:07] Player hit an obstacle!
[2025-06-03 19:11:07] Player hit an obstacle!
[2025-06-03 19:11:07] Player hit an obstacle!
[2025-06-03 19:11:07] Player hit an obstacle!
[2025-06-03 19:11:07] Player hit an obstacle!
[2025-06-03 19:11:07] Player hit an obstacle!
[2025-06-03 19:11:07] Player hit an obstacle!
[2025-06-03 19:11:07] Player hit an obstacle!
[2025-06-03 19:11:07] Player hit an obstacle!
[2025-06-03 19:11:07] Player hit an obstacle!
[2025-06-03 19:11:07] Player hit an obstacle!
[2025-06-03 19:11:07] Player hit an obstacle!
[2025-06-03 19:11:07] Player hit an obstacle!
[2025-06-03 19:11:07] Player hit an obstacle!
[2025-06-03 19:11:07] Player hit an obstacle!
[2025-06-03 19:11:07] Player hit an obstacle!
[2025-06-03 19:11:07] Player hit an obstacle!
[2025-06-03 19:11:07] Player hit an obstacle!
[2025-06-03 19:11:07] Player hit an obstacle!
[2025-06-03 19:11:07] Player hit an obstacle!
[2025-06-03 19:11:07] Player hit an obstacle!
[2025-06-03 19:11:07] Player hit an obstacle!
[2025-06-03 19:11:07] Player hit an obstacle!
[2025-06-03 19:11:07] Player hit an obstacle!
[2025-06-03 19:11:07] Player hit an obstacle!
[2025-06-03 19:11:07] Player hit an obstacle!
[2025-06-03 19:11:07] Player hit an obstacle!
[2025-06-03 19:11:07] Player hit an obstacle!
[2025-06-03 19:11:07] Player hit an obstacle!
[2025-06-03 19:11:07] Player hit an obstacle!
[2025-06-03 19:11:07] Player hit an obstacle!
[2025-06-03 19:11:07] Player hit an obstacle!
[2025-06-03 19:11:07] Player hit an obstacle!
[2025-06-03 19:11:07] Player hit an obstacle!
[2025-06-03 19:11:07] Player hit an obstacle!
[2025-06-03 19:11:07] Player hit an obstacle!
[2025-06-03 19:11:07] Player hit an obstacle!
[2025-06-03 19:11:07] Player hit an obstacle!
[2025-06-03 19:11:07] Player hit an obstacle!
[2025-06-03 19:11:07] Player hit an obstacle!
[2025-06-03 19:11:08] Player hit an obstacle!
[2025-06-03 19:11:08] Player hit an obstacle!
[2025-06-03 19:11:08] Player hit an obstacle!
[2025-06-03 19:11:08] Player hit an obstacle!
[2025-06-03 19:11:08] Player hit an obstacle!
[2025-06-03 19:11:08] Player hit an obstacle!
[2025-06-03 19:11:08] Player hit an obstacle!
[2025-06-03 19:11:08] Player hit an obstacle!
[2025-06-03 19:11:08] Player hit an obstacle!
[2025-06-03 19:11:08] Player hit an obstacle!
[2025-06-03 19:11:08] Player hit an obstacle!
[2025-06-03 19:11:08] Player hit an obstacle!
[2025-06-03 19:11:08] Player hit an obstacle!
[2025-06-03 19:11:08] Player hit an obstacle!
[2025-06-03 19:11:08] Player hit an obstacle!
[2025-06-03 19:11:08] Player hit an obstacle!
[2025-06-03 19:11:08] Player hit an obstacle!
[2025-06-03 19:11:08] Player hit an obstacle!
[2025-06-03 19:11:08] Player hit an obstacle!
[2025-06-03 19:11:08] Player hit an obstacle!
[2025-06-03 19:11:08] Player hit an obstacle!
[2025-06-03 19:11:08] Player hit an obstacle!
[2025-06-03 19:11:08] Player hit an obstacle!
[2025-06-03 19:11:08] Player hit an obstacle!
[2025-06-03 19:11:08] Player hit an obstacle!
[2025-06-03 19:11:08] Player hit an obstacle!
[2025-06-03 19:11:08] Player hit an obstacle!
[2025-06-03 19:11:08] Player hit an obstacle!
[2025-06-03 19:11:08] Player hit an obstacle!
[2025-06-03 19:11:08] Player hit an obstacle!
[2025-06-03 19:11:08] Player moved to (456, 156)
[2025-06-03 19:11:08] Player moved to (460, 156)
[2025-06-03 19:11:08] Player moved to (464, 156)
[2025-06-03 19:11:08] Player moved to (468, 156)
[2025-06-03 19:11:08] Player moved to (472, 156)
[2025-06-03 19:11:08] Player moved to (476, 156)
[2025-06-03 19:11:08] Player moved to (480, 156)
[2025-06-03 19:11:08] Player moved to (484, 156)
[2025-06-03 19:11:08] Player moved to (488, 156)
[2025-06-03 19:11:08] Player moved to (492, 156)
[2025-06-03 19:11:08] Player moved to (496, 156)
[2025-06-03 19:11:08] Player moved to (500, 156)
[2025-06-03 19:11:08] Player moved to (504, 156)
[2025-06-03 19:11:08] Player moved to (508, 156)
[2025-06-03 19:11:08] Player moved to (512, 156)
[2025-06-03 19:11:08] Player moved to (516, 156)
[2025-06-03 19:11:08] Player moved to (520, 156)
[2025-06-03 19:11:08] Player moved to (524, 156)
[2025-06-03 19:11:08] Player moved to (528, 156)
[2025-06-03 19:11:08] Player moved to (532, 156)
[2025-06-03 19:11:08] Player moved to (536, 156)
[2025-06-03 19:11:08] Player moved to (540, 156)
[2025-06-03 19:11:08] Player moved to (544, 156)
[2025-06-03 19:11:08] Player moved to (548, 156)
[2025-06-03 19:11:08] Player moved to (552, 156)
[2025-06-03 19:11:08] Player moved to (556, 156)
[2025-06-03 19:11:08] Player moved to (560, 156)
[2025-06-03 19:11:08] Player moved to (564, 156)
[2025-06-03 19:11:08] Player moved to (568, 156)
[2025-06-03 19:11:08] Player moved to (572, 156)
[2025-06-03 19:11:08] Player moved to (576, 156)
[2025-06-03 19:11:09] Player moved to (580, 156)
[2025-06-03 19:11:09] Player moved to (584, 156)
[2025-06-03 19:11:09] Player moved to (588, 156)
[2025-06-03 19:11:09] Player moved to (592, 156)
[2025-06-03 19:11:09] Player moved to (596, 156)
[2025-06-03 19:11:09] Player moved to (600, 156)
[2025-06-03 19:11:09] Player moved to (604, 156)
[2025-06-03 19:11:09] Player moved to (608, 156)
[2025-06-03 19:11:09] Player moved to (612, 156)
[2025-06-03 19:11:09] Player moved to (616, 156)
[2025-06-03 19:11:09] Player moved to (620, 156)
[2025-06-03 19:11:09] Player moved to (624, 156)
[2025-06-03 19:11:09] Player moved to (628, 156)
[2025-06-03 19:11:09] Player moved to (632, 156)
[2025-06-03 19:11:09] Player moved to (636, 156)
[2025-06-03 19:11:09] Player moved to (640, 156)
[2025-06-03 19:11:09] Player moved to (644, 156)
[2025-06-03 19:11:09] Player moved to (648, 156)
[2025-06-03 19:11:09] Player moved to (652, 156)
[2025-06-03 19:11:09] Player moved to (656, 156)
[2025-06-03 19:11:09] Player moved to (660, 156)
[2025-06-03 19:11:09] -ReimuHakurei- shot bullet at (1, 0)
[2025-06-03 19:11:09] Player moved to (664, 156)
[2025-06-03 19:11:09] Player moved to (668, 156)
[2025-06-03 19:11:09] Player moved to (672, 156)
[2025-06-03 19:11:09] Player moved to (676, 156)
[2025-06-03 19:11:09] Player moved to (680, 156)
[2025-06-03 19:11:09] Player moved to (684, 156)
[2025-06-03 19:11:09] Player moved to (688, 156)
[2025-06-03 19:11:09] Player moved to (692, 156)
[2025-06-03 19:11:09] Player moved to (696, 156)
[2025-06-03 19:11:09] Player moved to (700, 156)
[2025-06-03 19:11:09] Player moved to (704, 156)
[2025-06-03 19:11:09] Player moved to (708, 156)
[2025-06-03 19:11:09] Player moved to (712, 156)
[2025-06-03 19:11:09] Player moved to (716, 156)
[2025-06-03 19:11:09] Player moved to (720, 156)
[2025-06-03 19:11:09] Player moved to (724, 156)
[2025-06-03 19:11:09] Player moved to (728, 156)
[2025-06-03 19:11:09] Player moved to (732, 156)
[2025-06-03 19:11:09] Player moved to (736, 156)
[2025-06-03 19:11:09] Player moved to (740, 156)
[2025-06-03 19:11:09] Player moved to (744, 156)
[2025-06-03 19:11:09] Player moved to (748, 156)
[2025-06-03 19:11:09] -ReimuHakurei- shot bullet at (1, 0)
[2025-06-03 19:11:09] Player moved to (752, 156)
[2025-06-03 19:11:09] Player moved to (756, 156)
[2025-06-03 19:11:09] Player moved to (760, 156)
[2025-06-03 19:11:09] Player moved to (764, 156)
[2025-06-03 19:11:09] Player moved to (768, 156)
[2025-06-03 19:11:09] Player moved to (772, 156)
[2025-06-03 19:11:09] Player moved to (776, 156)
[2025-06-03 19:11:09] Player moved to (780, 156)
[2025-06-03 19:11:09] Player moved to (784, 156)
[2025-06-03 19:11:09] Player moved to (788, 156)
[2025-06-03 19:11:09] Player moved to (792, 156)
[2025-06-03 19:11:09] Player moved to (796, 156)
[2025-06-03 19:11:09] Player moved to (800, 156)
[2025-06-03 19:11:09] Player moved to (804, 156)
[2025-06-03 19:11:09] Player moved to (808, 156)
[2025-06-03 19:11:09] Player moved to (812, 156)
[2025-06-03 19:11:09] Player moved to (816, 156)
[2025-06-03 19:11:09] Player moved to (820, 156)
[2025-06-03 19:11:10] Player moved to (824, 156)
[2025-06-03 19:11:10] Player moved to (828, 156)
[2025-06-03 19:11:10] Player moved to (832, 156)
[2025-06-03 19:11:10] Player moved to (836, 156)
[2025-06-03 19:11:10] Player moved to (840, 156)
[2025-06-03 19:11:10] Player moved to (844, 156)
[2025-06-03 19:11:10] Player moved to (848, 156)
[2025-06-03 19:11:10] Player moved to (852, 156)
[2025-06-03 19:11:10] Player moved to (856, 156)
[2025-06-03 19:11:10] Player moved to (860, 156)
[2025-06-03 19:11:10] Player moved to (864, 156)
[2025-06-03 19:11:10] Player moved to (868, 156)
[2025-06-03 19:11:10] Player moved to (872, 156)
[2025-06-03 19:11:10] Player moved to (876, 156)
[2025-06-03 19:11:10] Player moved to (880, 156)
[2025-06-03 19:11:10] Player moved to (884, 156)
[2025-06-03 19:11:10] Player moved to (888, 156)
[2025-06-03 19:11:10] Player moved to (892, 156)
[2025-06-03 19:11:10] Player moved to (896, 156)
[2025-06-03 19:11:10] Player moved to (900, 156)
[2025-06-03 19:11:10] Player moved to (904, 156)
[2025-06-03 19:11:10] Player moved to (908, 156)
[2025-06-03 19:11:10] Player moved to (912, 156)
[2025-06-03 19:11:10] Player moved to (916, 156)
[2025-06-03 19:11:10] Player moved to (920, 156)
[2025-06-03 19:11:10] Player moved to (924, 156)
[2025-06-03 19:11:10] Player moved to (928, 156)
[2025-06-03 19:11:10] Player moved to (932, 156)
[2025-06-03 19:11:10] Player moved to (936, 156)
[2025-06-03 19:11:10] Player moved to (940, 156)
[2025-06-03 19:11:10] Player moved to (944, 156)
[2025-06-03 19:11:10] Player moved to (948, 156)
[2025-06-03 19:11:10] Player moved to (952, 156)
[2025-06-03 19:11:10] Player moved to (956, 156)
[2025-06-03 19:11:10] Player moved to (960, 156)
[2025-06-03 19:11:10] Player moved to (964, 156)
[2025-06-03 19:11:10] Player moved to (968, 156)
[2025-06-03 19:11:10] Player moved to (972, 156)
[2025-06-03 19:11:10] Player moved to (976, 156)
[2025-06-03 19:11:10] Player moved to (980, 156)
[2025-06-03 19:11:10] Player moved to (984, 156)
[2025-06-03 19:11:10] Player moved to (988, 156)
[2025-06-03 19:11:10] Player moved to (992, 156)
[2025-06-03 19:11:10] Player moved to (996, 156)
[2025-06-03 19:11:10] Player moved to (1000, 156)
[2025-06-03 19:11:10] Player moved to (1004, 156)
[2025-06-03 19:11:10] Player moved to (1008, 156)
[2025-06-03 19:11:10] Player moved to (1012, 156)
[2025-06-03 19:11:10] Player moved to (1016, 156)
[2025-06-03 19:11:10] Player moved to (1020, 156)
[2025-06-03 19:11:10] Player moved to (1024, 156)
[2025-06-03 19:11:10] Player moved to (1028, 156)
[2025-06-03 19:11:10] Player moved to (1032, 156)
[2025-06-03 19:11:10] Player moved to (1036, 156)
[2025-06-03 19:11:10] Player moved to (1040, 156)
[2025-06-03 19:11:10] Player moved to (1044, 156)
[2025-06-03 19:11:10] Player moved to (1048, 156)
[2025-06-03 19:11:10] Player moved to (1052, 156)
[2025-06-03 19:11:10] Player moved to (1056, 156)
[2025-06-03 19:11:10] Player moved to (1060, 156)
[2025-06-03 19:11:11] Player moved to (1064, 156)
[2025-06-03 19:11:11] Player moved to (1068, 156)
[2025-06-03 19:11:11] Player moved to (1072, 156)
[2025-06-03 19:11:11] Player moved to (1076, 156)
[2025-06-03 19:11:11] Player moved to (1080, 156)
[2025-06-03 19:11:11] Player moved to (1084, 156)
[2025-06-03 19:11:11] Player moved to (1088, 156)
[2025-06-03 19:11:11] Player moved to (1092, 156)
[2025-06-03 19:11:11] Player moved to (1096, 156)
[2025-06-03 19:11:11] Player moved to (1100, 156)
[2025-06-03 19:11:11] Player moved to (1104, 156)
[2025-06-03 19:11:11] Player moved to (1108, 156)
[2025-06-03 19:11:11] Player moved to (1112, 156)
[2025-06-03 19:11:11] Player moved to (1116, 156)
[2025-06-03 19:11:11] Player moved to (1120, 156)
[2025-06-03 19:11:11] Player moved to (1124, 156)
[2025-06-03 19:11:11] Player moved to (1128, 156)
[2025-06-03 19:11:11] Player moved to (1132, 156)
[2025-06-03 19:11:11] Player moved to (1136, 156)
[2025-06-03 19:11:11] Player moved to (1140, 156)
[2025-06-03 19:11:11] Player moved to (1144, 156)
[2025-06-03 19:11:11] Player moved to (1148, 156)
[2025-06-03 19:11:11] Player moved to (1152, 156)
[2025-06-03 19:11:11] Player moved to (1156, 156)
[2025-06-03 19:11:11] Player moved to (1160, 156)
[2025-06-03 19:11:11] Player moved to (1164, 156)
[2025-06-03 19:11:11] Player moved to (1168, 156)
[2025-06-03 19:11:11] Player moved to (1172, 156)
[2025-06-03 19:11:11] Player moved to (1176, 156)
[2025-06-03 19:11:11] Player moved to (1180, 156)
[2025-06-03 19:11:11] Player moved to (1184, 156)
[2025-06-03 19:11:11] Player moved to (1180, 156)
[2025-06-03 19:11:11] Player moved to (1176, 156)
[2025-06-03 19:11:11] Player moved to (1172, 156)
[2025-06-03 19:11:11] Player moved to (1168, 156)
[2025-06-03 19:11:11] Player moved to (1164, 156)
[2025-06-03 19:11:11] Player moved to (1160, 156)
[2025-06-03 19:11:11] Player moved to (1156, 156)
[2025-06-03 19:11:11] Player moved to (1152, 156)
[2025-06-03 19:11:11] Player moved to (1148, 156)
[2025-06-03 19:11:11] Player moved to (1144, 156)
[2025-06-03 19:11:11] Player moved to (1140, 156)
[2025-06-03 19:11:11] Player moved to (1136, 156)
[2025-06-03 19:11:11] Player moved to (1132, 156)
[2025-06-03 19:11:11] Player moved to (1128, 156)
[2025-06-03 19:11:11] Player moved to (1124, 156)
[2025-06-03 19:11:11] Player moved to (1120, 156)
[2025-06-03 19:11:11] Player moved to (1116, 156)
[2025-06-03 19:11:11] Player moved to (1112, 156)
[2025-06-03 19:11:11] Player moved to (1108, 156)
[2025-06-03 19:11:11] Player moved to (1104, 156)
[2025-06-03 19:11:11] Player moved to (1100, 156)
[2025-06-03 19:11:11] Player moved to (1096, 156)
[2025-06-03 19:11:11] Player moved to (1092, 156)
[2025-06-03 19:11:11] Player moved to (1088, 156)
[2025-06-03 19:11:11] Player moved to (1084, 156)
[2025-06-03 19:11:11] Player moved to (1080, 156)
[2025-06-03 19:11:11] Player moved to (1076, 156)
[2025-06-03 19:11:11] Player moved to (1072, 156)
[2025-06-03 19:11:12] Player moved to (1068, 156)
[2025-06-03 19:11:12] Player moved to (1064, 156)
[2025-06-03 19:11:12] Player moved to (1060, 156)
[2025-06-03 19:11:12] Player moved to (1056, 156)
[2025-06-03 19:11:12] Player moved to (1052, 156)
[2025-06-03 19:11:12] Player moved to (1048, 156)
[2025-06-03 19:11:12] Player moved to (1044, 156)
[2025-06-03 19:11:12] Player moved to (1040, 156)
[2025-06-03 19:11:12] Player moved to (1036, 156)
[2025-06-03 19:11:12] Player moved to (1032, 156)
[2025-06-03 19:11:12] Player moved to (1028, 156)
[2025-06-03 19:11:12] Player moved to (1024, 156)
[2025-06-03 19:11:12] Player moved to (1020, 156)
[2025-06-03 19:11:12] Player moved to (1016, 156)
[2025-06-03 19:11:12] Player moved to (1012, 156)
[2025-06-03 19:11:12] Player moved to (1008, 156)
[2025-06-03 19:11:12] Player moved to (1004, 156)
[2025-06-03 19:11:12] Player moved to (1000, 156)
[2025-06-03 19:11:12] Player moved to (996, 156)
[2025-06-03 19:11:12] Player moved to (992, 156)
[2025-06-03 19:11:12] Player moved to (988, 156)
[2025-06-03 19:11:12] Player moved to (984, 156)
[2025-06-03 19:11:12] Player moved to (980, 156)
[2025-06-03 19:11:12] Player moved to (976, 156)
[2025-06-03 19:11:12] Player moved to (972, 156)
[2025-06-03 19:11:12] Player moved to (968, 156)
[2025-06-03 19:11:12] Player moved to (964, 156)
[2025-06-03 19:11:12] Player moved to (960, 156)
[2025-06-03 19:11:12] Player moved to (956, 156)
[2025-06-03 19:11:12] Player moved to (952, 156)
[2025-06-03 19:11:12] Player moved to (948, 156)
[2025-06-03 19:11:12] Player moved to (944, 156)
[2025-06-03 19:11:12] Player moved to (940, 156)
[2025-06-03 19:11:12] Player moved to (936, 156)
[2025-06-03 19:11:12] Player moved to (932, 156)
[2025-06-03 19:11:12] Player moved to (928, 156)
[2025-06-03 19:11:12] Player moved to (924, 156)
[2025-06-03 19:11:12] Player moved to (920, 156)
[2025-06-03 19:11:12] Player moved to (916, 156)
[2025-06-03 19:11:12] Player moved to (912, 156)
[2025-06-03 19:11:12] Player moved to (908, 156)
[2025-06-03 19:11:12] Player moved to (904, 156)
[2025-06-03 19:11:12] Player moved to (900, 156)
[2025-06-03 19:11:12] Player moved to (896, 156)
[2025-06-03 19:11:12] Player moved to (892, 156)
[2025-06-03 19:11:12] Player moved to (888, 156)
[2025-06-03 19:11:12] Player moved to (884, 156)
[2025-06-03 19:11:12] Player moved to (880, 156)
[2025-06-03 19:11:12] Player moved to (876, 156)
[2025-06-03 19:11:12] Player moved to (872, 156)
[2025-06-03 19:11:12] Player moved to (868, 156)
[2025-06-03 19:11:12] Player moved to (864, 156)
[2025-06-03 19:11:12] Player moved to (860, 156)
[2025-06-03 19:11:12] Player moved to (856, 156)
[2025-06-03 19:11:12] Player moved to (852, 156)
[2025-06-03 19:11:12] Player moved to (848, 156)
[2025-06-03 19:11:12] Player moved to (844, 156)
[2025-06-03 19:11:12] Player moved to (840, 156)
[2025-06-03 19:11:12] Player moved to (836, 156)
[2025-06-03 19:11:12] Player moved to (832, 156)
[2025-06-03 19:11:12] Player moved to (828, 156)
[2025-06-03 19:11:13] Player moved to (824, 156)
[2025-06-03 19:11:13] Player moved to (820, 156)
[2025-06-03 19:11:13] Player moved to (816, 156)
[2025-06-03 19:11:13] Player moved to (812, 156)
[2025-06-03 19:11:13] Player moved to (808, 156)
[2025-06-03 19:11:13] Player moved to (804, 156)
[2025-06-03 19:11:13] Player moved to (800, 156)
[2025-06-03 19:11:13] Player moved to (796, 156)
[2025-06-03 19:11:13] Player moved to (792, 156)
[2025-06-03 19:11:13] Player moved to (788, 156)
[2025-06-03 19:11:13] Player moved to (784, 156)
[2025-06-03 19:11:13] Player moved to (780, 156)
[2025-06-03 19:11:13] Player moved to (776, 156)
[2025-06-03 19:11:13] Player moved to (772, 156)
[2025-06-03 19:11:13] Player moved to (768, 156)
[2025-06-03 19:11:13] Player moved to (764, 156)
[2025-06-03 19:11:13] Player moved to (760, 156)
[2025-06-03 19:11:13] Player moved to (756, 156)
[2025-06-03 19:11:13] Player moved to (752, 156)
[2025-06-03 19:11:13] Player moved to (748, 156)
[2025-06-03 19:11:13] Player moved to (744, 156)
[2025-06-03 19:11:13] Player moved to (740, 156)
[2025-06-03 19:11:13] Player moved to (736, 156)
[2025-06-03 19:11:13] Player moved to (732, 156)
[2025-06-03 19:11:13] Player moved to (728, 156)
[2025-06-03 19:11:13] Player moved to (724, 156)
[2025-06-03 19:11:13] Player moved to (720, 156)
[2025-06-03 19:11:13] Player moved to (716, 156)
[2025-06-03 19:11:13] Player moved to (712, 156)
[2025-06-03 19:11:13] Player moved to (708, 156)
[2025-06-03 19:11:13] Player moved to (704, 156)
[2025-06-03 19:11:13] Player moved to (700, 156)
[2025-06-03 19:11:13] Player moved to (696, 156)
[2025-06-03 19:11:13] Player moved to (692, 156)
[2025-06-03 19:11:13] Player moved to (688, 156)
[2025-06-03 19:11:13] Player moved to (684, 156)
[2025-06-03 19:11:13] Player moved to (680, 156)
[2025-06-03 19:11:13] Player moved to (676, 156)
[2025-06-03 19:11:13] Player moved to (680, 156)
[2025-06-03 19:11:13] Player moved to (684, 156)
[2025-06-03 19:11:13] Player moved to (688, 156)
[2025-06-03 19:11:13] Player moved to (692, 156)
[2025-06-03 19:11:13] Player moved to (696, 156)
[2025-06-03 19:11:13] Player moved to (700, 156)
[2025-06-03 19:11:13] Player moved to (704, 156)
[2025-06-03 19:11:13] Player moved to (708, 156)
[2025-06-03 19:11:13] Player moved to (704, 156)
[2025-06-03 19:11:13] Player moved to (700, 156)
[2025-06-03 19:11:13] Player moved to (696, 156)
[2025-06-03 19:11:13] Player moved to (692, 156)
[2025-06-03 19:11:13] Player moved to (688, 156)
[2025-06-03 19:11:13] Player moved to (692, 156)
[2025-06-03 19:11:13] Player moved to (696, 156)
[2025-06-03 19:11:13] Player moved to (700, 156)
[2025-06-03 19:11:14] Player moved to (704, 156)
[2025-06-03 19:11:14] Player moved to (708, 156)
[2025-06-03 19:11:14] Player moved to (712, 156)
[2025-06-03 19:11:14] Player moved to (716, 156)
[2025-06-03 19:11:14] Player moved to (720, 156)
[2025-06-03 19:11:14] Player moved to (724, 156)
[2025-06-03 19:11:14] Player moved to (728, 156)
[2025-06-03 19:11:14] Player moved to (732, 156)
[2025-06-03 19:11:14] Player moved to (736, 156)
[2025-06-03 19:11:14] Player moved to (740, 156)
[2025-06-03 19:11:14] Player moved to (744, 156)
[2025-06-03 19:11:14] Player moved to (748, 156)
[2025-06-03 19:11:14] Player moved to (752, 156)
[2025-06-03 19:11:14] Player moved to (756, 156)
[2025-06-03 19:11:14] Player moved to (760, 156)
[2025-06-03 19:11:14] Player moved to (764, 156)
[2025-06-03 19:11:14] Player moved to (768, 156)
[2025-06-03 19:11:14] Player moved to (772, 156)
[2025-06-03 19:11:14] Player moved to (768, 156)
[2025-06-03 19:11:14] Player moved to (764, 156)
[2025-06-03 19:11:14] Player moved to (760, 156)
[2025-06-03 19:11:14] Player moved to (756, 156)
[2025-06-03 19:11:14] Player moved to (752, 156)
[2025-06-03 19:11:14] Player moved to (748, 156)
[2025-06-03 19:11:14] Player moved to (744, 156)
[2025-06-03 19:11:14] Player moved to (740, 156)
[2025-06-03 19:11:14] Player moved to (736, 156)
[2025-06-03 19:11:14] Player moved to (732, 156)
[2025-06-03 19:11:14] Player moved to (728, 156)
[2025-06-03 19:11:14] Player moved to (724, 156)
[2025-06-03 19:11:14] Player moved to (720, 156)
[2025-06-03 19:11:14] Player moved to (716, 156)
[2025-06-03 19:11:14] Player moved to (712, 156)
[2025-06-03 19:11:14] Player moved to (708, 156)
[2025-06-03 19:11:14] Player moved to (704, 156)
[2025-06-03 19:11:14] Player moved to (700, 156)
[2025-06-03 19:11:14] Player moved to (696, 156)
[2025-06-03 19:11:14] Player moved to (700, 156)
[2025-06-03 19:11:14] Player moved to (704, 156)
[2025-06-03 19:11:14] Player moved to (708, 156)
[2025-06-03 19:11:14] Player moved to (712, 156)
[2025-06-03 19:11:14] Player moved to (716, 156)
[2025-06-03 19:11:14] Player moved to (720, 156)
[2025-06-03 19:11:14] Player moved to (724, 156)
[2025-06-03 19:11:14] Player moved to (728, 156)
[2025-06-03 19:11:14] Player moved to (732, 156)
[2025-06-03 19:11:14] Player moved to (736, 156)
[2025-06-03 19:11:14] Player moved to (740, 156)
[2025-06-03 19:11:14] Player moved to (744, 156)
[2025-06-03 19:11:14] Player moved to (748, 156)
[2025-06-03 19:11:14] Player moved to (752, 156)
[2025-06-03 19:11:14] Player moved to (756, 156)
[2025-06-03 19:11:14] Player moved to (760, 156)
[2025-06-03 19:11:14] Player moved to (764, 156)
[2025-06-03 19:11:14] Player moved to (768, 156)
[2025-06-03 19:11:14] Player moved to (772, 156)
[2025-06-03 19:11:14] Player moved to (776, 156)
[2025-06-03 19:11:14] Player moved to (780, 156)
[2025-06-03 19:11:14] Player moved to (784, 156)
[2025-06-03 19:11:15] Player moved to (788, 156)
[2025-06-03 19:11:15] Player moved to (792, 156)
[2025-06-03 19:11:15] Player moved to (796, 156)
[2025-06-03 19:11:15] Player moved to (800, 156)
[2025-06-03 19:11:15] Player moved to (804, 156)
[2025-06-03 19:11:15] Player moved to (808, 156)
[2025-06-03 19:11:15] Player moved to (812, 156)
[2025-06-03 19:11:15] Player moved to (816, 156)
[2025-06-03 19:11:15] Player moved to (820, 156)
[2025-06-03 19:11:15] Player moved to (824, 156)
[2025-06-03 19:11:15] Player moved to (820, 156)
[2025-06-03 19:11:15] Player moved to (816, 156)
[2025-06-03 19:11:15] Player moved to (812, 156)
[2025-06-03 19:11:15] Player moved to (808, 156)
[2025-06-03 19:11:15] Player moved to (804, 156)
[2025-06-03 19:11:15] Player moved to (800, 156)
[2025-06-03 19:11:15] Player moved to (796, 156)
[2025-06-03 19:11:15] Player moved to (792, 156)
[2025-06-03 19:11:15] Player moved to (788, 156)
[2025-06-03 19:11:15] Player moved to (784, 156)
[2025-06-03 19:11:15] Player moved to (780, 156)
[2025-06-03 19:11:15] Player moved to (776, 156)
[2025-06-03 19:11:15] Player moved to (772, 156)
[2025-06-03 19:11:15] Player moved to (768, 156)
[2025-06-03 19:11:15] Player moved to (764, 156)
[2025-06-03 19:11:15] Player moved to (760, 156)
[2025-06-03 19:11:15] Player moved to (756, 156)
[2025-06-03 19:11:16] Player moved to (760, 156)
[2025-06-03 19:11:16] Player moved to (764, 156)
[2025-06-03 19:11:17] Player moved to (760, 156)
[2025-06-03 19:11:17] Player moved to (756, 156)
[2025-06-03 19:11:17] Player moved to (752, 156)
[2025-06-03 19:11:18] Player moved to (756, 156)
[2025-06-03 19:11:18] Player moved to (760, 156)
[2025-06-03 19:11:19] -ReimuHakurei- has left the game
[2025-06-03 19:11:41] -ReimuHakurei- has joined the game!
[2025-06-03 19:11:42] -ReimuHakurei- has left the game
[2025-06-03 19:11:46] -ReimuHakurei- has joined the game!
[2025-06-03 19:11:47] -ReimuHakurei- has left the game
[2025-06-03 19:11:51] -ReimuHakurei- has joined the game!
[2025-06-03 19:11:51] -ReimuHakurei- has left the game
[2025-06-03 19:11:55] -ReimuHakurei- has joined the game!
[2025-06-03 19:11:57] -ReimuHakurei- has left the game
[2025-06-03 19:12:00] -ReimuHakurei- has joined the game!
[2025-06-03 19:12:03] Player started the game from menu
[2025-06-03 19:12:03] Player moved to (96, 100)
[2025-06-03 19:12:03] Player moved to (92, 100)
[2025-06-03 19:12:03] Player moved to (88, 100)
[2025-06-03 19:12:03] Player moved to (84, 100)
[2025-06-03 19:12:03] Player moved to (80, 100)
[2025-06-03 19:12:03] Player moved to (76, 100)
[2025-06-03 19:12:03] Player moved to (72, 100)
[2025-06-03 19:12:03] Player moved to (68, 100)
[2025-06-03 19:12:03] Player moved to (64, 100)
[2025-06-03 19:12:03] Player moved to (60, 100)
[2025-06-03 19:12:03] Player moved to (56, 100)
[2025-06-03 19:12:03] Player moved to (56, 104)
[2025-06-03 19:12:04] Player moved to (56, 108)
[2025-06-03 19:12:04] Player moved to (56, 112)
[2025-06-03 19:12:04] Player moved to (56, 116)
[2025-06-03 19:12:04] Player moved to (56, 120)
[2025-06-03 19:12:04] Player moved to (56, 124)
[2025-06-03 19:12:04] Player moved to (56, 128)
[2025-06-03 19:12:04] Player moved to (56, 132)
[2025-06-03 19:12:04] Player moved to (56, 136)
[2025-06-03 19:12:04] Player moved to (56, 140)
[2025-06-03 19:12:04] Player moved to (56, 144)
[2025-06-03 19:12:04] Player moved to (56, 148)
[2025-06-03 19:12:04] Player moved to (56, 152)
[2025-06-03 19:12:04] Player moved to (56, 156)
[2025-06-03 19:12:04] Player moved to (56, 160)
[2025-06-03 19:12:04] Player moved to (56, 164)
[2025-06-03 19:12:04] Player moved to (56, 168)
[2025-06-03 19:12:04] Player moved to (56, 172)
[2025-06-03 19:12:04] Player moved to (56, 176)
[2025-06-03 19:12:04] Player moved to (56, 180)
[2025-06-03 19:12:04] Player moved to (56, 184)
[2025-06-03 19:12:04] Player moved to (56, 188)
[2025-06-03 19:12:04] Player moved to (56, 192)
[2025-06-03 19:12:04] Player moved to (56, 196)
[2025-06-03 19:12:04] Player moved to (56, 200)
[2025-06-03 19:12:04] Player moved to (56, 204)
[2025-06-03 19:12:04] Player moved to (56, 208)
[2025-06-03 19:12:04] Player moved to (56, 212)
[2025-06-03 19:12:04] Player moved to (56, 216)
[2025-06-03 19:12:04] Player moved to (56, 220)
[2025-06-03 19:12:04] Player moved to (56, 224)
[2025-06-03 19:12:04] Player moved to (56, 228)
[2025-06-03 19:12:04] Player moved to (56, 232)
[2025-06-03 19:12:04] Player moved to (56, 236)
[2025-06-03 19:12:04] Player moved to (56, 240)
[2025-06-03 19:12:04] Player moved to (56, 244)
[2025-06-03 19:12:04] Player moved to (56, 248)
[2025-06-03 19:12:04] Player moved to (56, 252)
[2025-06-03 19:12:04] Player moved to (56, 256)
[2025-06-03 19:12:04] Player moved to (56, 260)
[2025-06-03 19:12:04] Player moved to (56, 264)
[2025-06-03 19:12:04] Player moved to (56, 268)
[2025-06-03 19:12:04] Player moved to (56, 272)
[2025-06-03 19:12:04] Player moved to (56, 276)
[2025-06-03 19:12:04] Player moved to (56, 280)
[2025-06-03 19:12:04] Player moved to (56, 284)
[2025-06-03 19:12:04] Player moved to (56, 288)
[2025-06-03 19:12:04] Player moved to (56, 292)
[2025-06-03 19:12:04] Player moved to (56, 296)
[2025-06-03 19:12:04] Player moved to (56, 300)
[2025-06-03 19:12:04] Player moved to (56, 304)
[2025-06-03 19:12:04] Player moved to (56, 308)
[2025-06-03 19:12:04] Player moved to (56, 312)
[2025-06-03 19:12:04] Player moved to (56, 316)
[2025-06-03 19:12:04] Player moved to (56, 320)
[2025-06-03 19:12:04] Player moved to (56, 324)
[2025-06-03 19:12:04] Player moved to (56, 328)
[2025-06-03 19:12:04] Player moved to (56, 332)
[2025-06-03 19:12:04] Player moved to (56, 336)
[2025-06-03 19:12:04] Player moved to (56, 340)
[2025-06-03 19:12:04] Player moved to (56, 344)
[2025-06-03 19:12:05] Player moved to (56, 348)
[2025-06-03 19:12:05] Player moved to (56, 352)
[2025-06-03 19:12:05] Player moved to (60, 356)
[2025-06-03 19:12:05] Player moved to (64, 360)
[2025-06-03 19:12:05] Player moved to (68, 364)
[2025-06-03 19:12:05] Player moved to (72, 364)
[2025-06-03 19:12:05] Player moved to (76, 364)
[2025-06-03 19:12:05] Player moved to (80, 364)
[2025-06-03 19:12:05] Player moved to (84, 364)
[2025-06-03 19:12:05] Player moved to (88, 364)
[2025-06-03 19:12:05] Player moved to (92, 364)
[2025-06-03 19:12:05] Player moved to (96, 364)
[2025-06-03 19:12:05] Player moved to (100, 364)
[2025-06-03 19:12:05] Player moved to (104, 364)
[2025-06-03 19:12:05] Player moved to (108, 364)
[2025-06-03 19:12:05] Player moved to (112, 364)
[2025-06-03 19:12:05] Player moved to (116, 364)
[2025-06-03 19:12:05] Player moved to (120, 364)
[2025-06-03 19:12:05] Player moved to (124, 364)
[2025-06-03 19:12:05] Player moved to (128, 364)
[2025-06-03 19:12:05] Player moved to (132, 364)
[2025-06-03 19:12:05] Player moved to (136, 364)
[2025-06-03 19:12:05] Player moved to (140, 368)
[2025-06-03 19:12:05] Player moved to (144, 372)
[2025-06-03 19:12:05] Player moved to (148, 376)
[2025-06-03 19:12:05] Player moved to (152, 380)
[2025-06-03 19:12:05] Player moved to (156, 384)
[2025-06-03 19:12:05] Player moved to (160, 384)
[2025-06-03 19:12:05] Player moved to (164, 384)
[2025-06-03 19:12:05] Player moved to (168, 384)
[2025-06-03 19:12:05] Player moved to (172, 384)
[2025-06-03 19:12:05] Player moved to (176, 384)
[2025-06-03 19:12:05] Player moved to (180, 384)
[2025-06-03 19:12:05] Player moved to (184, 384)
[2025-06-03 19:12:05] Player moved to (188, 384)
[2025-06-03 19:12:05] Player moved to (192, 384)
[2025-06-03 19:12:05] Player moved to (196, 384)
[2025-06-03 19:12:05] Player moved to (200, 384)
[2025-06-03 19:12:05] Player moved to (204, 388)
[2025-06-03 19:12:05] Player moved to (208, 392)
[2025-06-03 19:12:05] Player moved to (212, 396)
[2025-06-03 19:12:05] Player moved to (216, 400)
[2025-06-03 19:12:05] Player moved to (220, 404)
[2025-06-03 19:12:05] Player moved to (224, 408)
[2025-06-03 19:12:05] Player moved to (228, 412)
[2025-06-03 19:12:05] Player moved to (232, 416)
[2025-06-03 19:12:05] Player moved to (236, 420)
[2025-06-03 19:12:05] Player moved to (240, 420)
[2025-06-03 19:12:05] Player moved to (244, 420)
[2025-06-03 19:12:05] Player moved to (248, 420)
[2025-06-03 19:12:05] Player moved to (252, 420)
[2025-06-03 19:12:05] Player moved to (256, 420)
[2025-06-03 19:12:05] Player moved to (260, 420)
[2025-06-03 19:12:05] Player moved to (264, 420)
[2025-06-03 19:12:05] Player moved to (268, 420)
[2025-06-03 19:12:05] Player moved to (272, 420)
[2025-06-03 19:12:05] Player moved to (276, 420)
[2025-06-03 19:12:05] Player moved to (280, 420)
[2025-06-03 19:12:05] Player moved to (284, 420)
[2025-06-03 19:12:05] Player moved to (288, 420)
[2025-06-03 19:12:05] Player moved to (292, 420)
[2025-06-03 19:12:05] Player moved to (296, 420)
[2025-06-03 19:12:06] Player moved to (300, 420)
[2025-06-03 19:12:06] Player moved to (304, 420)
[2025-06-03 19:12:06] Player moved to (308, 420)
[2025-06-03 19:12:06] Player moved to (312, 420)
[2025-06-03 19:12:06] Player moved to (316, 420)
[2025-06-03 19:12:06] Player moved to (320, 420)
[2025-06-03 19:12:06] Player moved to (324, 420)
[2025-06-03 19:12:06] Player moved to (328, 420)
[2025-06-03 19:12:06] Player moved to (332, 420)
[2025-06-03 19:12:06] Player moved to (336, 420)
[2025-06-03 19:12:06] Player moved to (340, 420)
[2025-06-03 19:12:06] Player moved to (344, 420)
[2025-06-03 19:12:06] Player moved to (348, 420)
[2025-06-03 19:12:06] Player moved to (352, 420)
[2025-06-03 19:12:06] Player moved to (356, 420)
[2025-06-03 19:12:06] Player moved to (360, 420)
[2025-06-03 19:12:06] Player moved to (364, 420)
[2025-06-03 19:12:06] Player moved to (368, 420)
[2025-06-03 19:12:06] -ReimuHakurei- shot bullet at (1, 0)
[2025-06-03 19:12:06] Player moved to (372, 420)
[2025-06-03 19:12:06] Player moved to (376, 420)
[2025-06-03 19:12:06] Player moved to (380, 420)
[2025-06-03 19:12:06] Player moved to (384, 420)
[2025-06-03 19:12:06] Player moved to (388, 420)
[2025-06-03 19:12:06] Player moved to (392, 420)
[2025-06-03 19:12:06] Player moved to (396, 420)
[2025-06-03 19:12:06] Player moved to (400, 420)
[2025-06-03 19:12:06] Player moved to (404, 420)
[2025-06-03 19:12:06] Player moved to (408, 420)
[2025-06-03 19:12:06] Player moved to (412, 420)
[2025-06-03 19:12:06] Player moved to (416, 420)
[2025-06-03 19:12:06] Player moved to (420, 420)
[2025-06-03 19:12:06] Player moved to (424, 420)
[2025-06-03 19:12:06] Player moved to (428, 420)
[2025-06-03 19:12:06] Player moved to (432, 420)
[2025-06-03 19:12:06] Player moved to (436, 420)
[2025-06-03 19:12:06] Player moved to (440, 420)
[2025-06-03 19:12:06] Player moved to (444, 420)
[2025-06-03 19:12:06] Player moved to (448, 420)
[2025-06-03 19:12:06] Player moved to (452, 420)
[2025-06-03 19:12:06] Player moved to (456, 420)
[2025-06-03 19:12:06] Player moved to (460, 420)
[2025-06-03 19:12:06] Player moved to (464, 420)
[2025-06-03 19:12:06] Player moved to (468, 420)
[2025-06-03 19:12:06] Player moved to (472, 420)
[2025-06-03 19:12:06] Player moved to (476, 420)
[2025-06-03 19:12:06] Player moved to (480, 420)
[2025-06-03 19:12:06] Player moved to (484, 420)
[2025-06-03 19:12:06] Player moved to (488, 420)
[2025-06-03 19:12:06] Player moved to (492, 420)
[2025-06-03 19:12:06] Player moved to (496, 420)
[2025-06-03 19:12:06] Player moved to (500, 420)
[2025-06-03 19:12:06] Player moved to (504, 420)
[2025-06-03 19:12:06] Player moved to (508, 420)
[2025-06-03 19:12:06] Player moved to (512, 420)
[2025-06-03 19:12:06] Player moved to (516, 420)
[2025-06-03 19:12:06] Player moved to (520, 420)
[2025-06-03 19:12:06] Bullet hit enemy!
[2025-06-03 19:12:06] Player moved to (524, 420)
[2025-06-03 19:12:06] Player moved to (528, 420)
[2025-06-03 19:12:06] Player moved to (532, 420)
[2025-06-03 19:12:06] Player moved to (536, 420)
[2025-06-03 19:12:07] Player moved to (540, 420)
[2025-06-03 19:12:07] Player moved to (544, 420)
[2025-06-03 19:12:07] Player moved to (548, 420)
[2025-06-03 19:12:07] Player moved to (544, 420)
[2025-06-03 19:12:07] Player moved to (540, 420)
[2025-06-03 19:12:07] Player moved to (536, 420)
[2025-06-03 19:12:07] Player moved to (532, 420)
[2025-06-03 19:12:07] Player moved to (528, 420)
[2025-06-03 19:12:07] Player moved to (524, 420)
[2025-06-03 19:12:07] Player moved to (520, 420)
[2025-06-03 19:12:07] Player moved to (516, 420)
[2025-06-03 19:12:07] Player moved to (512, 420)
[2025-06-03 19:12:07] Player moved to (508, 420)
[2025-06-03 19:12:07] Player moved to (504, 420)
[2025-06-03 19:12:07] Player moved to (500, 420)
[2025-06-03 19:12:07] Player moved to (496, 416)
[2025-06-03 19:12:07] Player moved to (492, 412)
[2025-06-03 19:12:07] Player moved to (488, 408)
[2025-06-03 19:12:07] Player moved to (488, 404)
[2025-06-03 19:12:07] Player moved to (488, 400)
[2025-06-03 19:12:07] Player moved to (488, 396)
[2025-06-03 19:12:07] Player moved to (488, 392)
[2025-06-03 19:12:07] Player moved to (488, 388)
[2025-06-03 19:12:07] Player moved to (488, 384)
[2025-06-03 19:12:07] Player moved to (488, 380)
[2025-06-03 19:12:07] Player moved to (488, 376)
[2025-06-03 19:12:07] Player moved to (488, 372)
[2025-06-03 19:12:07] Player moved to (488, 368)
[2025-06-03 19:12:07] Player moved to (488, 364)
[2025-06-03 19:12:07] Player moved to (488, 360)
[2025-06-03 19:12:07] Player moved to (488, 356)
[2025-06-03 19:12:07] Player moved to (488, 352)
[2025-06-03 19:12:07] Player moved to (488, 348)
[2025-06-03 19:12:07] Player moved to (488, 344)
[2025-06-03 19:12:07] Player moved to (488, 340)
[2025-06-03 19:12:07] Player moved to (488, 336)
[2025-06-03 19:12:07] Player moved to (488, 332)
[2025-06-03 19:12:07] Player moved to (488, 328)
[2025-06-03 19:12:07] Player moved to (492, 324)
[2025-06-03 19:12:07] Player moved to (496, 320)
[2025-06-03 19:12:07] Player moved to (500, 316)
[2025-06-03 19:12:07] Player moved to (504, 316)
[2025-06-03 19:12:07] Player moved to (508, 316)
[2025-06-03 19:12:07] Player moved to (512, 316)
[2025-06-03 19:12:07] Player moved to (516, 316)
[2025-06-03 19:12:07] Player moved to (520, 316)
[2025-06-03 19:12:07] Player moved to (524, 316)
[2025-06-03 19:12:07] Player moved to (528, 316)
[2025-06-03 19:12:07] -ReimuHakurei- shot bullet at (1, 0)
[2025-06-03 19:12:07] Player moved to (532, 316)
[2025-06-03 19:12:07] Player moved to (536, 316)
[2025-06-03 19:12:08] Player moved to (540, 316)
[2025-06-03 19:12:08] Player moved to (544, 316)
[2025-06-03 19:12:08] Player moved to (548, 316)
[2025-06-03 19:12:08] Player moved to (552, 316)
[2025-06-03 19:12:08] Player moved to (556, 316)
[2025-06-03 19:12:08] Player moved to (560, 316)
[2025-06-03 19:12:08] Player moved to (564, 316)
[2025-06-03 19:12:08] Player moved to (568, 316)
[2025-06-03 19:12:08] Player moved to (572, 316)
[2025-06-03 19:12:08] Player moved to (576, 316)
[2025-06-03 19:12:08] Player moved to (580, 312)
[2025-06-03 19:12:08] Player moved to (584, 308)
[2025-06-03 19:12:08] Player moved to (588, 304)
[2025-06-03 19:12:08] Player moved to (592, 300)
[2025-06-03 19:12:08] Player moved to (592, 296)
[2025-06-03 19:12:08] Player moved to (592, 292)
[2025-06-03 19:12:08] Player moved to (588, 288)
[2025-06-03 19:12:08] Player moved to (584, 284)
[2025-06-03 19:12:08] Player moved to (580, 280)
[2025-06-03 19:12:08] Player moved to (576, 276)
[2025-06-03 19:12:08] Player moved to (572, 272)
[2025-06-03 19:12:08] Player moved to (568, 272)
[2025-06-03 19:12:08] Player moved to (564, 272)
[2025-06-03 19:12:08] Player moved to (560, 272)
[2025-06-03 19:12:08] Player moved to (556, 272)
[2025-06-03 19:12:08] Player moved to (552, 272)
[2025-06-03 19:12:08] Player moved to (548, 272)
[2025-06-03 19:12:08] Player moved to (544, 272)
[2025-06-03 19:12:08] Player moved to (540, 268)
[2025-06-03 19:12:08] Player moved to (536, 264)
[2025-06-03 19:12:08] Player moved to (532, 260)
[2025-06-03 19:12:08] Player moved to (532, 256)
[2025-06-03 19:12:08] Player moved to (532, 252)
[2025-06-03 19:12:08] Player moved to (532, 248)
[2025-06-03 19:12:08] -ReimuHakurei- shot bullet at (0, -1)
[2025-06-03 19:12:08] Player moved to (536, 248)
[2025-06-03 19:12:08] Player moved to (540, 248)
[2025-06-03 19:12:08] Player moved to (544, 248)
[2025-06-03 19:12:08] Player moved to (548, 248)
[2025-06-03 19:12:08] Player moved to (552, 248)
[2025-06-03 19:12:08] Player moved to (556, 248)
[2025-06-03 19:12:08] Player moved to (560, 248)
[2025-06-03 19:12:08] Player moved to (564, 248)
[2025-06-03 19:12:08] Player moved to (568, 244)
[2025-06-03 19:12:08] Player moved to (572, 240)
[2025-06-03 19:12:08] Player moved to (572, 236)
[2025-06-03 19:12:08] Player moved to (572, 232)
[2025-06-03 19:12:08] Player moved to (572, 228)
[2025-06-03 19:12:08] Player moved to (572, 224)
[2025-06-03 19:12:08] Player moved to (572, 220)
[2025-06-03 19:12:08] Player moved to (572, 216)
[2025-06-03 19:12:09] Player moved to (572, 212)
[2025-06-03 19:12:09] Player moved to (572, 208)
[2025-06-03 19:12:09] Player moved to (572, 204)
[2025-06-03 19:12:09] Player moved to (572, 200)
[2025-06-03 19:12:09] Player moved to (572, 196)
[2025-06-03 19:12:09] Player moved to (572, 192)
[2025-06-03 19:12:09] -ReimuHakurei- shot bullet at (0, -1)
[2025-06-03 19:12:09] -ReimuHakurei- hit by enemy! Health: 2
[2025-06-03 19:12:09] Player moved to (104, 100)
[2025-06-03 19:12:09] Player moved to (108, 100)
[2025-06-03 19:12:09] Player moved to (112, 100)
[2025-06-03 19:12:09] Player moved to (116, 100)
[2025-06-03 19:12:09] Player moved to (120, 100)
[2025-06-03 19:12:09] Player moved to (124, 100)
[2025-06-03 19:12:09] Player moved to (128, 100)
[2025-06-03 19:12:09] Player moved to (132, 100)
[2025-06-03 19:12:09] Player moved to (136, 100)
[2025-06-03 19:12:09] Player moved to (140, 100)
[2025-06-03 19:12:09] Player moved to (144, 100)
[2025-06-03 19:12:09] Player moved to (148, 100)
[2025-06-03 19:12:09] Player moved to (152, 100)
[2025-06-03 19:12:10] Player moved to (156, 100)
[2025-06-03 19:12:10] Player moved to (160, 100)
[2025-06-03 19:12:10] Player moved to (164, 100)
[2025-06-03 19:12:10] Player moved to (168, 100)
[2025-06-03 19:12:10] Player moved to (172, 100)
[2025-06-03 19:12:10] Player moved to (176, 100)
[2025-06-03 19:12:10] Player moved to (180, 100)
[2025-06-03 19:12:10] Player moved to (184, 100)
[2025-06-03 19:12:10] Player moved to (188, 100)
[2025-06-03 19:12:10] Player moved to (192, 100)
[2025-06-03 19:12:10] Player moved to (196, 100)
[2025-06-03 19:12:10] Player moved to (200, 100)
[2025-06-03 19:12:10] Player moved to (204, 100)
[2025-06-03 19:12:10] Player moved to (208, 100)
[2025-06-03 19:12:10] Player moved to (212, 104)
[2025-06-03 19:12:10] Player moved to (216, 108)
[2025-06-03 19:12:10] Player moved to (220, 112)
[2025-06-03 19:12:10] Player moved to (224, 116)
[2025-06-03 19:12:10] Player moved to (228, 120)
[2025-06-03 19:12:10] Player moved to (232, 124)
[2025-06-03 19:12:10] Player moved to (236, 128)
[2025-06-03 19:12:10] Player moved to (240, 132)
[2025-06-03 19:12:10] Player moved to (244, 136)
[2025-06-03 19:12:10] Player moved to (248, 140)
[2025-06-03 19:12:10] Player moved to (252, 144)
[2025-06-03 19:12:10] Player moved to (256, 148)
[2025-06-03 19:12:10] Player moved to (260, 152)
[2025-06-03 19:12:10] Player moved to (264, 156)
[2025-06-03 19:12:10] Player moved to (268, 160)
[2025-06-03 19:12:10] Player moved to (272, 164)
[2025-06-03 19:12:10] Player moved to (276, 168)
[2025-06-03 19:12:10] Player moved to (280, 172)
[2025-06-03 19:12:10] Player moved to (284, 176)
[2025-06-03 19:12:10] Player moved to (288, 180)
[2025-06-03 19:12:10] Player moved to (292, 184)
[2025-06-03 19:12:10] Player moved to (296, 188)
[2025-06-03 19:12:10] Player moved to (300, 192)
[2025-06-03 19:12:10] Player moved to (304, 196)
[2025-06-03 19:12:10] Player moved to (308, 200)
[2025-06-03 19:12:10] Player moved to (312, 204)
[2025-06-03 19:12:10] Player moved to (316, 208)
[2025-06-03 19:12:10] Player moved to (320, 212)
[2025-06-03 19:12:10] Player moved to (324, 216)
[2025-06-03 19:12:10] Player moved to (328, 220)
[2025-06-03 19:12:10] Player moved to (332, 224)
[2025-06-03 19:12:10] Player moved to (336, 228)
[2025-06-03 19:12:10] Player moved to (340, 232)
[2025-06-03 19:12:10] Player moved to (344, 236)
[2025-06-03 19:12:10] Player moved to (348, 240)
[2025-06-03 19:12:10] Player moved to (352, 244)
[2025-06-03 19:12:10] Player moved to (356, 248)
[2025-06-03 19:12:10] Player moved to (360, 252)
[2025-06-03 19:12:11] Player moved to (364, 256)
[2025-06-03 19:12:11] Player moved to (368, 260)
[2025-06-03 19:12:11] Player moved to (372, 264)
[2025-06-03 19:12:11] Player moved to (376, 268)
[2025-06-03 19:12:11] Player moved to (380, 272)
[2025-06-03 19:12:11] Player moved to (384, 276)
[2025-06-03 19:12:11] Player moved to (388, 280)
[2025-06-03 19:12:11] Player moved to (392, 284)
[2025-06-03 19:12:11] Player moved to (396, 288)
[2025-06-03 19:12:11] Player moved to (400, 292)
[2025-06-03 19:12:11] Player moved to (404, 296)
[2025-06-03 19:12:11] Player moved to (408, 300)
[2025-06-03 19:12:11] Player moved to (412, 304)
[2025-06-03 19:12:11] Player moved to (416, 308)
[2025-06-03 19:12:11] Player moved to (420, 312)
[2025-06-03 19:12:11] Player moved to (424, 316)
[2025-06-03 19:12:11] Player moved to (428, 320)
[2025-06-03 19:12:11] Player moved to (432, 324)
[2025-06-03 19:12:11] Player moved to (436, 328)
[2025-06-03 19:12:11] Player moved to (440, 332)
[2025-06-03 19:12:11] Player moved to (444, 336)
[2025-06-03 19:12:11] Player moved to (448, 340)
[2025-06-03 19:12:11] Player moved to (452, 344)
[2025-06-03 19:12:11] Player moved to (456, 348)
[2025-06-03 19:12:11] Player moved to (460, 352)
[2025-06-03 19:12:11] Player moved to (464, 356)
[2025-06-03 19:12:11] Player moved to (468, 360)
[2025-06-03 19:12:11] Player moved to (472, 364)
[2025-06-03 19:12:11] Player moved to (476, 368)
[2025-06-03 19:12:11] Player moved to (480, 372)
[2025-06-03 19:12:11] Player moved to (484, 376)
[2025-06-03 19:12:11] Player moved to (488, 380)
[2025-06-03 19:12:11] Player moved to (492, 384)
[2025-06-03 19:12:11] Player moved to (496, 388)
[2025-06-03 19:12:11] Player moved to (500, 392)
[2025-06-03 19:12:11] Player moved to (504, 396)
[2025-06-03 19:12:11] Player moved to (508, 400)
[2025-06-03 19:12:11] Player moved to (512, 404)
[2025-06-03 19:12:11] Player moved to (516, 408)
[2025-06-03 19:12:11] Player moved to (520, 412)
[2025-06-03 19:12:11] Player moved to (524, 416)
[2025-06-03 19:12:11] Player moved to (528, 420)
[2025-06-03 19:12:11] Player moved to (532, 424)
[2025-06-03 19:12:11] Player moved to (536, 428)
[2025-06-03 19:12:11] Player moved to (540, 432)
[2025-06-03 19:12:11] Player moved to (544, 436)
[2025-06-03 19:12:11] Player moved to (548, 440)
[2025-06-03 19:12:11] Player moved to (552, 444)
[2025-06-03 19:12:11] Player moved to (556, 448)
[2025-06-03 19:12:11] Player moved to (560, 452)
[2025-06-03 19:12:11] Player moved to (564, 456)
[2025-06-03 19:12:11] Player moved to (568, 460)
[2025-06-03 19:12:11] Player moved to (572, 464)
[2025-06-03 19:12:11] Player moved to (576, 468)
[2025-06-03 19:12:11] Player moved to (580, 472)
[2025-06-03 19:12:11] Player moved to (584, 476)
[2025-06-03 19:12:11] Player moved to (588, 480)
[2025-06-03 19:12:11] Player moved to (592, 484)
[2025-06-03 19:12:11] Player moved to (596, 488)
[2025-06-03 19:12:11] Player moved to (596, 492)
[2025-06-03 19:12:12] Player moved to (596, 496)
[2025-06-03 19:12:12] -ReimuHakurei- hit by enemy! Health: 1
[2025-06-03 19:12:12] Player moved to (100, 104)
[2025-06-03 19:12:12] Player moved to (100, 108)
[2025-06-03 19:12:12] Player moved to (100, 112)
[2025-06-03 19:12:12] Player moved to (100, 116)
[2025-06-03 19:12:12] Player moved to (100, 120)
[2025-06-03 19:12:12] Player moved to (100, 124)
[2025-06-03 19:12:12] Player moved to (100, 128)
[2025-06-03 19:12:12] Player moved to (100, 132)
[2025-06-03 19:12:12] Player moved to (100, 136)
[2025-06-03 19:12:12] Player moved to (100, 140)
[2025-06-03 19:12:12] Player moved to (100, 144)
[2025-06-03 19:12:12] Player moved to (100, 148)
[2025-06-03 19:12:12] Player moved to (100, 152)
[2025-06-03 19:12:12] Player moved to (100, 156)
[2025-06-03 19:12:12] Player moved to (100, 160)
[2025-06-03 19:12:12] Player moved to (100, 164)
[2025-06-03 19:12:12] Player moved to (100, 168)
[2025-06-03 19:12:12] Player moved to (100, 172)
[2025-06-03 19:12:12] Player moved to (100, 176)
[2025-06-03 19:12:12] Player moved to (100, 180)
[2025-06-03 19:12:12] Player moved to (100, 184)
[2025-06-03 19:12:12] Player moved to (100, 188)
[2025-06-03 19:12:12] Player moved to (100, 192)
[2025-06-03 19:12:12] Player moved to (100, 196)
[2025-06-03 19:12:12] Player moved to (100, 200)
[2025-06-03 19:12:12] Player moved to (100, 204)
[2025-06-03 19:12:12] Player moved to (104, 208)
[2025-06-03 19:12:12] Player moved to (108, 212)
[2025-06-03 19:12:12] Player moved to (112, 216)
[2025-06-03 19:12:12] Player moved to (116, 220)
[2025-06-03 19:12:12] Player moved to (120, 224)
[2025-06-03 19:12:12] Player moved to (124, 228)
[2025-06-03 19:12:12] Player moved to (128, 232)
[2025-06-03 19:12:12] Player moved to (132, 236)
[2025-06-03 19:12:12] Player moved to (136, 240)
[2025-06-03 19:12:12] Player moved to (140, 244)
[2025-06-03 19:12:12] Player moved to (144, 248)
[2025-06-03 19:12:12] Player moved to (148, 252)
[2025-06-03 19:12:12] Player moved to (152, 256)
[2025-06-03 19:12:12] Player moved to (156, 260)
[2025-06-03 19:12:12] Player moved to (160, 260)
[2025-06-03 19:12:12] Player moved to (164, 260)
[2025-06-03 19:12:12] Player moved to (168, 260)
[2025-06-03 19:12:12] Player moved to (172, 260)
[2025-06-03 19:12:12] Player moved to (176, 260)
[2025-06-03 19:12:12] Player moved to (180, 260)
[2025-06-03 19:12:12] Player moved to (184, 260)
[2025-06-03 19:12:12] Player moved to (188, 260)
[2025-06-03 19:12:12] Player moved to (192, 260)
[2025-06-03 19:12:12] Player moved to (196, 260)
[2025-06-03 19:12:12] Player moved to (200, 260)
[2025-06-03 19:12:12] Player moved to (204, 260)
[2025-06-03 19:12:12] Player moved to (208, 260)
[2025-06-03 19:12:12] Player moved to (212, 260)
[2025-06-03 19:12:12] Player moved to (216, 256)
[2025-06-03 19:12:12] Player moved to (220, 252)
[2025-06-03 19:12:12] Player moved to (224, 248)
[2025-06-03 19:12:12] Player moved to (228, 244)
[2025-06-03 19:12:12] Player moved to (232, 240)
[2025-06-03 19:12:12] Player moved to (236, 236)
[2025-06-03 19:12:13] Player moved to (240, 232)
[2025-06-03 19:12:13] Player moved to (244, 232)
[2025-06-03 19:12:13] Player moved to (248, 232)
[2025-06-03 19:12:13] Player moved to (252, 232)
[2025-06-03 19:12:13] Player moved to (256, 232)
[2025-06-03 19:12:13] Player moved to (260, 232)
[2025-06-03 19:12:13] Player moved to (264, 232)
[2025-06-03 19:12:13] Player moved to (268, 232)
[2025-06-03 19:12:13] Player moved to (272, 232)
[2025-06-03 19:12:13] Player moved to (276, 232)
[2025-06-03 19:12:13] Player moved to (280, 232)
[2025-06-03 19:12:13] Player moved to (284, 232)
[2025-06-03 19:12:13] Player moved to (288, 232)
[2025-06-03 19:12:13] Player moved to (292, 232)
[2025-06-03 19:12:13] Player moved to (296, 232)
[2025-06-03 19:12:13] Player moved to (300, 232)
[2025-06-03 19:12:13] Player moved to (304, 232)
[2025-06-03 19:12:13] Player moved to (308, 232)
[2025-06-03 19:12:13] Player moved to (312, 232)
[2025-06-03 19:12:13] Player moved to (316, 232)
[2025-06-03 19:12:13] Player moved to (320, 232)
[2025-06-03 19:12:13] Player moved to (324, 232)
[2025-06-03 19:12:13] Player moved to (328, 232)
[2025-06-03 19:12:13] Player moved to (332, 232)
[2025-06-03 19:12:13] Player moved to (336, 232)
[2025-06-03 19:12:13] Player moved to (340, 232)
[2025-06-03 19:12:13] Player moved to (344, 232)
[2025-06-03 19:12:13] Player moved to (348, 232)
[2025-06-03 19:12:13] Player moved to (352, 232)
[2025-06-03 19:12:13] Player moved to (356, 232)
[2025-06-03 19:12:13] Player moved to (360, 232)
[2025-06-03 19:12:13] Player moved to (364, 232)
[2025-06-03 19:12:13] Player moved to (368, 232)
[2025-06-03 19:12:13] Player moved to (372, 232)
[2025-06-03 19:12:13] Player moved to (376, 232)
[2025-06-03 19:12:13] Player moved to (380, 232)
[2025-06-03 19:12:13] Player moved to (384, 232)
[2025-06-03 19:12:13] Player moved to (388, 232)
[2025-06-03 19:12:13] Player moved to (392, 232)
[2025-06-03 19:12:13] Player moved to (396, 232)
[2025-06-03 19:12:13] Player moved to (400, 232)
[2025-06-03 19:12:13] Player moved to (404, 232)
[2025-06-03 19:12:13] Player moved to (408, 232)
[2025-06-03 19:12:13] Player moved to (412, 232)
[2025-06-03 19:12:13] Player moved to (416, 232)
[2025-06-03 19:12:13] Player moved to (420, 232)
[2025-06-03 19:12:13] Player moved to (424, 232)
[2025-06-03 19:12:13] Player moved to (428, 232)
[2025-06-03 19:12:13] Player moved to (432, 232)
[2025-06-03 19:12:13] Player moved to (436, 232)
[2025-06-03 19:12:13] Player moved to (440, 232)
[2025-06-03 19:12:13] Player moved to (444, 232)
[2025-06-03 19:12:13] Player moved to (448, 232)
[2025-06-03 19:12:13] Player moved to (452, 232)
[2025-06-03 19:12:13] Player moved to (456, 232)
[2025-06-03 19:12:13] Player moved to (460, 232)
[2025-06-03 19:12:13] Player moved to (464, 232)
[2025-06-03 19:12:13] Player moved to (468, 232)
[2025-06-03 19:12:13] Player moved to (472, 232)
[2025-06-03 19:12:13] Player moved to (476, 232)
[2025-06-03 19:12:13] Player moved to (480, 232)
[2025-06-03 19:12:14] Player moved to (484, 232)
[2025-06-03 19:12:14] Player moved to (488, 232)
[2025-06-03 19:12:14] Player moved to (492, 232)
[2025-06-03 19:12:14] Player moved to (496, 232)
[2025-06-03 19:12:14] Player moved to (500, 232)
[2025-06-03 19:12:14] Player moved to (504, 232)
[2025-06-03 19:12:14] Player moved to (508, 232)
[2025-06-03 19:12:14] Player moved to (512, 228)
[2025-06-03 19:12:14] Player moved to (516, 224)
[2025-06-03 19:12:14] Player moved to (520, 220)
[2025-06-03 19:12:14] Player moved to (524, 216)
[2025-06-03 19:12:14] Player moved to (528, 212)
[2025-06-03 19:12:14] Player moved to (532, 208)
[2025-06-03 19:12:14] Player moved to (536, 204)
[2025-06-03 19:12:14] Player moved to (540, 200)
[2025-06-03 19:12:14] Player moved to (544, 196)
[2025-06-03 19:12:14] Player moved to (548, 192)
[2025-06-03 19:12:14] Player moved to (552, 188)
[2025-06-03 19:12:14] Player moved to (556, 184)
[2025-06-03 19:12:14] Player moved to (556, 180)
[2025-06-03 19:12:14] Player moved to (556, 176)
[2025-06-03 19:12:14] Player moved to (556, 172)
[2025-06-03 19:12:14] Player moved to (556, 168)
[2025-06-03 19:12:14] Player moved to (556, 164)
[2025-06-03 19:12:14] Player moved to (556, 160)
[2025-06-03 19:12:14] Player moved to (556, 156)
[2025-06-03 19:12:14] Player moved to (556, 152)
[2025-06-03 19:12:14] Player moved to (556, 148)
[2025-06-03 19:12:14] Player moved to (556, 144)
[2025-06-03 19:12:14] Player moved to (556, 140)
[2025-06-03 19:12:14] Player moved to (556, 136)
[2025-06-03 19:12:14] Player moved to (556, 132)
[2025-06-03 19:12:14] Player moved to (556, 128)
[2025-06-03 19:12:14] Player moved to (556, 124)
[2025-06-03 19:12:14] Player moved to (556, 120)
[2025-06-03 19:12:14] Player moved to (556, 116)
[2025-06-03 19:12:14] Player moved to (556, 112)
[2025-06-03 19:12:14] Player moved to (556, 108)
[2025-06-03 19:12:14] Player moved to (556, 104)
[2025-06-03 19:12:14] Player moved to (556, 100)
[2025-06-03 19:12:14] Player moved to (560, 96)
[2025-06-03 19:12:14] Player moved to (564, 92)
[2025-06-03 19:12:14] -ReimuHakurei- hit by enemy! Health: 0
[2025-06-03 19:12:14] No health � Game Over
[2025-06-03 19:12:16] ���������� � ���� � Game Over �����
[2025-06-03 19:12:17] -ReimuHakurei- has left the game
[2025-06-03 19:16:05] -ReimuHakurei- has joined the game!
[2025-06-03 19:16:33] -ReimuHakurei- has joined the game!
[2025-06-03 19:16:34] Player started the game from menu
[2025-06-03 19:16:35] -ReimuHakurei- has left the game
[2025-06-03 19:16:43] -ReimuHakurei- has joined the game!
[2025-06-03 19:16:44] Player started the game from menu
[2025-06-03 19:16:44] -ReimuHakurei- has left the game
[2025-06-03 19:17:00] -ReimuHakurei- has joined the game!
[2025-06-03 19:17:00] Player started the game from menu
[2025-06-03 19:17:01] -ReimuHakurei- has left the game
[2025-06-03 19:19:28] -ReimuHakurei- has joined the game!
[2025-06-03 19:19:29] Player started the game from menu
[2025-06-03 19:19:31] -ReimuHakurei- has left the game
[2025-06-03 19:19:37] -ReimuHakurei- has joined the game!
[2025-06-03 19:19:38] Player started the game from menu
[2025-06-03 19:19:38] Player moved to (104, 100)
[2025-06-03 19:19:38] Player moved to (108, 100)
[2025-06-03 19:19:38] Player moved to (112, 100)
[2025-06-03 19:19:38] Player moved to (116, 100)
[2025-06-03 19:19:38] Player moved to (120, 100)
[2025-06-03 19:19:38] Player moved to (124, 100)
[2025-06-03 19:19:38] Player moved to (128, 100)
[2025-06-03 19:19:38] Player moved to (132, 100)
[2025-06-03 19:19:38] Player moved to (136, 100)
[2025-06-03 19:19:38] Player moved to (140, 100)
[2025-06-03 19:19:38] Player moved to (144, 100)
[2025-06-03 19:19:38] Player moved to (148, 100)
[2025-06-03 19:19:38] Player moved to (152, 100)
[2025-06-03 19:19:38] Player moved to (156, 100)
[2025-06-03 19:19:38] Player moved to (160, 100)
[2025-06-03 19:19:38] Player moved to (164, 100)
[2025-06-03 19:19:38] Player moved to (168, 100)
[2025-06-03 19:19:38] Player moved to (172, 100)
[2025-06-03 19:19:38] Player moved to (176, 100)
[2025-06-03 19:19:38] Player moved to (180, 100)
[2025-06-03 19:19:38] Player moved to (184, 100)
[2025-06-03 19:19:38] Player moved to (188, 100)
[2025-06-03 19:19:38] Player moved to (192, 104)
[2025-06-03 19:19:38] Player moved to (196, 108)
[2025-06-03 19:19:38] Player moved to (200, 112)
[2025-06-03 19:19:38] Player moved to (200, 116)
[2025-06-03 19:19:38] Player moved to (200, 120)
[2025-06-03 19:19:38] Player moved to (200, 124)
[2025-06-03 19:19:38] Player moved to (200, 128)
[2025-06-03 19:19:38] Player moved to (200, 132)
[2025-06-03 19:19:38] Player moved to (200, 136)
[2025-06-03 19:19:38] Player moved to (200, 140)
[2025-06-03 19:19:38] Player moved to (200, 144)
[2025-06-03 19:19:38] Player moved to (200, 148)
[2025-06-03 19:19:39] Player moved to (200, 152)
[2025-06-03 19:19:39] Player moved to (200, 156)
[2025-06-03 19:19:39] Player moved to (200, 160)
[2025-06-03 19:19:39] Player moved to (200, 164)
[2025-06-03 19:19:39] Player moved to (200, 168)
[2025-06-03 19:19:39] Player moved to (200, 172)
[2025-06-03 19:19:39] Player moved to (200, 176)
[2025-06-03 19:19:39] Player moved to (200, 180)
[2025-06-03 19:19:39] Player moved to (200, 184)
[2025-06-03 19:19:39] Player moved to (200, 188)
[2025-06-03 19:19:39] Player moved to (200, 192)
[2025-06-03 19:19:39] Player moved to (200, 196)
[2025-06-03 19:19:39] Player moved to (200, 200)
[2025-06-03 19:19:39] Player moved to (200, 204)
[2025-06-03 19:19:39] Player moved to (200, 208)
[2025-06-03 19:19:39] Player moved to (200, 212)
[2025-06-03 19:19:39] Player moved to (200, 216)
[2025-06-03 19:19:39] Player moved to (200, 220)
[2025-06-03 19:19:39] Player moved to (200, 224)
[2025-06-03 19:19:39] Player moved to (200, 228)
[2025-06-03 19:19:39] Player moved to (200, 232)
[2025-06-03 19:19:39] Player moved to (200, 236)
[2025-06-03 19:19:39] Player moved to (200, 240)
[2025-06-03 19:19:39] Player moved to (200, 244)
[2025-06-03 19:19:39] Player moved to (200, 248)
[2025-06-03 19:19:39] Player moved to (200, 252)
[2025-06-03 19:19:39] Player moved to (200, 256)
[2025-06-03 19:19:39] Player moved to (200, 260)
[2025-06-03 19:19:39] Player moved to (200, 264)
[2025-06-03 19:19:39] Player moved to (200, 268)
[2025-06-03 19:19:39] Player moved to (200, 272)
[2025-06-03 19:19:39] Player moved to (200, 276)
[2025-06-03 19:19:39] Player moved to (200, 280)
[2025-06-03 19:19:39] Player moved to (200, 284)
[2025-06-03 19:19:39] Player moved to (200, 288)
[2025-06-03 19:19:39] Player moved to (200, 292)
[2025-06-03 19:19:39] Player moved to (200, 296)
[2025-06-03 19:19:39] Player moved to (200, 300)
[2025-06-03 19:19:39] Player moved to (200, 304)
[2025-06-03 19:19:39] Player moved to (200, 308)
[2025-06-03 19:19:39] Player moved to (200, 312)
[2025-06-03 19:19:39] Player moved to (200, 316)
[2025-06-03 19:19:39] Player moved to (200, 320)
[2025-06-03 19:19:39] Player moved to (200, 324)
[2025-06-03 19:19:39] Player moved to (200, 328)
[2025-06-03 19:19:39] Player moved to (200, 332)
[2025-06-03 19:19:39] Player moved to (200, 336)
[2025-06-03 19:19:39] Player moved to (200, 340)
[2025-06-03 19:19:39] Player moved to (200, 344)
[2025-06-03 19:19:39] Player moved to (200, 348)
[2025-06-03 19:19:39] Player moved to (200, 352)
[2025-06-03 19:19:39] Player moved to (200, 356)
[2025-06-03 19:19:39] Player moved to (200, 360)
[2025-06-03 19:19:39] Player moved to (200, 364)
[2025-06-03 19:19:39] Player moved to (204, 368)
[2025-06-03 19:19:39] Player moved to (208, 372)
[2025-06-03 19:19:39] Player moved to (212, 372)
[2025-06-03 19:19:39] Player moved to (216, 372)
[2025-06-03 19:19:39] Player moved to (220, 372)
[2025-06-03 19:19:39] Player moved to (224, 372)
[2025-06-03 19:19:40] Player moved to (228, 372)
[2025-06-03 19:19:40] Player moved to (232, 372)
[2025-06-03 19:19:40] Player moved to (236, 372)
[2025-06-03 19:19:40] Player moved to (240, 372)
[2025-06-03 19:19:40] Player moved to (244, 372)
[2025-06-03 19:19:40] Player moved to (248, 372)
[2025-06-03 19:19:40] Player moved to (252, 372)
[2025-06-03 19:19:40] Player moved to (256, 372)
[2025-06-03 19:19:40] Player moved to (260, 372)
[2025-06-03 19:19:40] Player moved to (264, 372)
[2025-06-03 19:19:40] Player moved to (268, 372)
[2025-06-03 19:19:40] Player moved to (272, 372)
[2025-06-03 19:19:40] Player moved to (276, 372)
[2025-06-03 19:19:40] Player moved to (280, 372)
[2025-06-03 19:19:40] Player moved to (284, 372)
[2025-06-03 19:19:40] Player moved to (288, 372)
[2025-06-03 19:19:40] Player moved to (292, 376)
[2025-06-03 19:19:40] Player moved to (296, 380)
[2025-06-03 19:19:40] Player moved to (300, 384)
[2025-06-03 19:19:40] Player moved to (304, 388)
[2025-06-03 19:19:40] Player moved to (308, 388)
[2025-06-03 19:19:40] Player moved to (312, 388)
[2025-06-03 19:19:40] -ReimuHakurei- shot bullet at (1, 0)
[2025-06-03 19:19:40] Player moved to (316, 388)
[2025-06-03 19:19:40] Player moved to (320, 388)
[2025-06-03 19:19:40] Player moved to (324, 388)
[2025-06-03 19:19:40] Player moved to (328, 388)
[2025-06-03 19:19:40] Player moved to (332, 388)
[2025-06-03 19:19:40] Player moved to (336, 388)
[2025-06-03 19:19:40] Player moved to (340, 388)
[2025-06-03 19:19:40] Player moved to (344, 388)
[2025-06-03 19:19:40] Player moved to (348, 388)
[2025-06-03 19:19:40] Player moved to (352, 388)
[2025-06-03 19:19:40] Player moved to (356, 388)
[2025-06-03 19:19:40] Player moved to (360, 388)
[2025-06-03 19:19:40] Player moved to (364, 388)
[2025-06-03 19:19:40] Player moved to (368, 388)
[2025-06-03 19:19:40] Player moved to (372, 388)
[2025-06-03 19:19:40] Player moved to (376, 388)
[2025-06-03 19:19:40] Player moved to (380, 388)
[2025-06-03 19:19:40] Player moved to (384, 388)
[2025-06-03 19:19:40] Player moved to (388, 388)
[2025-06-03 19:19:40] Player moved to (392, 388)
[2025-06-03 19:19:40] Player moved to (396, 388)
[2025-06-03 19:19:40] Player moved to (400, 388)
[2025-06-03 19:19:40] Player moved to (404, 388)
[2025-06-03 19:19:40] Player moved to (408, 388)
[2025-06-03 19:19:40] Player moved to (412, 388)
[2025-06-03 19:19:40] Player moved to (416, 388)
[2025-06-03 19:19:40] Player moved to (420, 388)
[2025-06-03 19:19:40] Player moved to (424, 388)
[2025-06-03 19:19:40] Player moved to (428, 388)
[2025-06-03 19:19:40] Player moved to (432, 388)
[2025-06-03 19:19:40] Player moved to (436, 388)
[2025-06-03 19:19:40] Player moved to (440, 388)
[2025-06-03 19:19:40] Player moved to (444, 388)
[2025-06-03 19:19:40] Player moved to (448, 388)
[2025-06-03 19:19:40] Player moved to (452, 388)
[2025-06-03 19:19:40] Player moved to (456, 388)
[2025-06-03 19:19:40] Player moved to (460, 388)
[2025-06-03 19:19:40] Player moved to (464, 388)
[2025-06-03 19:19:41] Player moved to (468, 388)
[2025-06-03 19:19:41] Player moved to (472, 388)
[2025-06-03 19:19:41] Player moved to (476, 388)
[2025-06-03 19:19:41] Player moved to (480, 388)
[2025-06-03 19:19:41] Player moved to (484, 388)
[2025-06-03 19:19:41] Player moved to (488, 388)
[2025-06-03 19:19:41] Player moved to (492, 388)
[2025-06-03 19:19:41] Player moved to (496, 388)
[2025-06-03 19:19:41] Player moved to (500, 388)
[2025-06-03 19:19:41] Player moved to (504, 388)
[2025-06-03 19:19:41] Player moved to (508, 388)
[2025-06-03 19:19:41] Player moved to (512, 388)
[2025-06-03 19:19:41] Player moved to (508, 388)
[2025-06-03 19:19:41] Player moved to (504, 388)
[2025-06-03 19:19:41] Player moved to (500, 388)
[2025-06-03 19:19:41] Player moved to (496, 388)
[2025-06-03 19:19:41] Player moved to (492, 388)
[2025-06-03 19:19:41] Bullet hit enemy!
[2025-06-03 19:19:41] Player moved to (488, 388)
[2025-06-03 19:19:41] Player moved to (484, 388)
[2025-06-03 19:19:41] Player moved to (480, 388)
[2025-06-03 19:19:41] Player moved to (476, 388)
[2025-06-03 19:19:41] Player moved to (472, 388)
[2025-06-03 19:19:41] Player moved to (468, 388)
[2025-06-03 19:19:41] Player moved to (464, 388)
[2025-06-03 19:19:41] Player moved to (460, 388)
[2025-06-03 19:19:41] Player moved to (456, 388)
[2025-06-03 19:19:41] Player moved to (452, 388)
[2025-06-03 19:19:41] Player moved to (456, 388)
[2025-06-03 19:19:41] Player moved to (460, 388)
[2025-06-03 19:19:41] Player moved to (464, 388)
[2025-06-03 19:19:41] Player moved to (468, 388)
[2025-06-03 19:19:41] Player moved to (472, 388)
[2025-06-03 19:19:41] Player moved to (476, 388)
[2025-06-03 19:19:41] Player moved to (480, 388)
[2025-06-03 19:19:41] Player moved to (484, 388)
[2025-06-03 19:19:41] -ReimuHakurei- shot bullet at (1, 0)
[2025-06-03 19:19:41] Player moved to (488, 388)
[2025-06-03 19:19:41] Player moved to (492, 388)
[2025-06-03 19:19:41] Player moved to (496, 388)
[2025-06-03 19:19:41] Player moved to (500, 388)
[2025-06-03 19:19:41] Player moved to (504, 388)
[2025-06-03 19:19:41] Player moved to (508, 388)
[2025-06-03 19:19:41] Player moved to (512, 388)
[2025-06-03 19:19:41] Player moved to (516, 388)
[2025-06-03 19:19:41] Player moved to (520, 388)
[2025-06-03 19:19:41] Player moved to (524, 388)
[2025-06-03 19:19:41] Player moved to (528, 388)
[2025-06-03 19:19:41] Player moved to (532, 388)
[2025-06-03 19:19:41] Player moved to (536, 388)
[2025-06-03 19:19:41] Player moved to (540, 388)
[2025-06-03 19:19:41] Player moved to (544, 388)
[2025-06-03 19:19:41] Player moved to (548, 388)
[2025-06-03 19:19:41] Player moved to (552, 388)
[2025-06-03 19:19:41] Player moved to (556, 388)
[2025-06-03 19:19:41] Player moved to (560, 384)
[2025-06-03 19:19:41] Player moved to (564, 380)
[2025-06-03 19:19:42] Player moved to (568, 376)
[2025-06-03 19:19:42] Player moved to (568, 372)
[2025-06-03 19:19:42] Player moved to (568, 368)
[2025-06-03 19:19:42] Player moved to (568, 364)
[2025-06-03 19:19:42] Player moved to (568, 360)
[2025-06-03 19:19:42] Player moved to (568, 356)
[2025-06-03 19:19:42] Player moved to (568, 352)
[2025-06-03 19:19:42] Player moved to (568, 348)
[2025-06-03 19:19:42] Player moved to (564, 344)
[2025-06-03 19:19:42] Player moved to (560, 340)
[2025-06-03 19:19:42] Player moved to (556, 336)
[2025-06-03 19:19:42] Player moved to (552, 332)
[2025-06-03 19:19:42] Player moved to (548, 328)
[2025-06-03 19:19:42] Player moved to (544, 324)
[2025-06-03 19:19:42] Player moved to (540, 320)
[2025-06-03 19:19:42] Player moved to (540, 316)
[2025-06-03 19:19:42] Player moved to (540, 312)
[2025-06-03 19:19:42] Player moved to (540, 308)
[2025-06-03 19:19:42] Player moved to (540, 304)
[2025-06-03 19:19:42] Player moved to (540, 300)
[2025-06-03 19:19:42] Player moved to (540, 296)
[2025-06-03 19:19:42] Player moved to (540, 292)
[2025-06-03 19:19:42] Player moved to (540, 288)
[2025-06-03 19:19:42] Player moved to (544, 284)
[2025-06-03 19:19:42] Player moved to (548, 280)
[2025-06-03 19:19:42] Player moved to (552, 280)
[2025-06-03 19:19:42] Player moved to (556, 280)
[2025-06-03 19:19:42] Player moved to (560, 280)
[2025-06-03 19:19:42] Player moved to (564, 280)
[2025-06-03 19:19:42] -ReimuHakurei- hit by enemy! Health: 2
[2025-06-03 19:19:42] Player moved to (104, 100)
[2025-06-03 19:19:42] Player moved to (108, 100)
[2025-06-03 19:19:42] Player moved to (112, 100)
[2025-06-03 19:19:42] Player moved to (116, 100)
[2025-06-03 19:19:42] Player moved to (120, 100)
[2025-06-03 19:19:42] Player moved to (124, 100)
[2025-06-03 19:19:42] Player moved to (128, 100)
[2025-06-03 19:19:42] Player moved to (132, 100)
[2025-06-03 19:19:42] Player moved to (136, 100)
[2025-06-03 19:19:42] Player moved to (140, 100)
[2025-06-03 19:19:42] Player moved to (144, 100)
[2025-06-03 19:19:42] Player moved to (148, 100)
[2025-06-03 19:19:42] Player moved to (152, 100)
[2025-06-03 19:19:42] Player moved to (156, 100)
[2025-06-03 19:19:42] Player moved to (160, 100)
[2025-06-03 19:19:42] Player moved to (164, 100)
[2025-06-03 19:19:42] Player moved to (168, 100)
[2025-06-03 19:19:42] Player moved to (172, 100)
[2025-06-03 19:19:42] Player moved to (176, 100)
[2025-06-03 19:19:43] Player moved to (180, 100)
[2025-06-03 19:19:43] Player moved to (184, 100)
[2025-06-03 19:19:43] Player moved to (188, 100)
[2025-06-03 19:19:43] Player moved to (192, 100)
[2025-06-03 19:19:43] Player moved to (196, 104)
[2025-06-03 19:19:43] Player moved to (200, 108)
[2025-06-03 19:19:43] Player moved to (204, 112)
[2025-06-03 19:19:43] Player moved to (208, 116)
[2025-06-03 19:19:43] Player moved to (212, 120)
[2025-06-03 19:19:43] Player moved to (216, 124)
[2025-06-03 19:19:43] Player moved to (220, 128)
[2025-06-03 19:19:43] Player moved to (224, 132)
[2025-06-03 19:19:43] Player moved to (228, 136)
[2025-06-03 19:19:43] Player moved to (232, 140)
[2025-06-03 19:19:43] Player moved to (236, 144)
[2025-06-03 19:19:43] Player moved to (240, 148)
[2025-06-03 19:19:43] Player moved to (244, 152)
[2025-06-03 19:19:43] Player moved to (248, 156)
[2025-06-03 19:19:43] Player moved to (252, 156)
[2025-06-03 19:19:43] Player moved to (256, 156)
[2025-06-03 19:19:43] Player moved to (260, 156)
[2025-06-03 19:19:43] Player moved to (264, 156)
[2025-06-03 19:19:43] Player moved to (268, 156)
[2025-06-03 19:19:43] Player moved to (272, 156)
[2025-06-03 19:19:43] Player moved to (276, 156)
[2025-06-03 19:19:43] Player moved to (280, 156)
[2025-06-03 19:19:43] Player moved to (284, 156)
[2025-06-03 19:19:43] Player moved to (288, 152)
[2025-06-03 19:19:43] Player moved to (292, 148)
[2025-06-03 19:19:43] Player moved to (296, 144)
[2025-06-03 19:19:43] Player moved to (300, 140)
[2025-06-03 19:19:43] Player moved to (304, 136)
[2025-06-03 19:19:43] Player moved to (308, 132)
[2025-06-03 19:19:43] Player moved to (312, 128)
[2025-06-03 19:19:43] Player moved to (316, 124)
[2025-06-03 19:19:43] Player moved to (320, 120)
[2025-06-03 19:19:43] Player moved to (324, 116)
[2025-06-03 19:19:43] Player moved to (328, 112)
[2025-06-03 19:19:43] Player moved to (332, 108)
[2025-06-03 19:19:43] Player moved to (336, 104)
[2025-06-03 19:19:43] Player moved to (340, 100)
[2025-06-03 19:19:43] Player moved to (344, 96)
[2025-06-03 19:19:43] Player moved to (348, 92)
[2025-06-03 19:19:43] Player moved to (352, 88)
[2025-06-03 19:19:43] Player moved to (356, 84)
[2025-06-03 19:19:43] Player moved to (360, 80)
[2025-06-03 19:19:43] Player moved to (364, 80)
[2025-06-03 19:19:43] Player moved to (368, 80)
[2025-06-03 19:19:43] -ReimuHakurei- shot bullet at (1, 0)
[2025-06-03 19:19:43] Player moved to (372, 80)
[2025-06-03 19:19:43] Player moved to (376, 80)
[2025-06-03 19:19:43] Player moved to (380, 80)
[2025-06-03 19:19:43] Player moved to (384, 80)
[2025-06-03 19:19:43] Player moved to (388, 80)
[2025-06-03 19:19:43] Player moved to (392, 80)
[2025-06-03 19:19:43] Player moved to (396, 80)
[2025-06-03 19:19:43] Player moved to (400, 80)
[2025-06-03 19:19:43] Player moved to (404, 80)
[2025-06-03 19:19:43] Player moved to (408, 80)
[2025-06-03 19:19:43] Player moved to (412, 80)
[2025-06-03 19:19:43] Player moved to (416, 80)
[2025-06-03 19:19:43] Player moved to (420, 80)
[2025-06-03 19:19:44] Player moved to (424, 80)
[2025-06-03 19:19:44] Player moved to (428, 80)
[2025-06-03 19:19:44] Player moved to (432, 80)
[2025-06-03 19:19:44] Player moved to (436, 80)
[2025-06-03 19:19:44] Bullet hit enemy!
[2025-06-03 19:19:44] Player moved to (440, 80)
[2025-06-03 19:19:44] Player moved to (444, 80)
[2025-06-03 19:19:44] Player moved to (448, 80)
[2025-06-03 19:19:44] Player moved to (452, 80)
[2025-06-03 19:19:44] Player moved to (456, 80)
[2025-06-03 19:19:44] Player moved to (460, 80)
[2025-06-03 19:19:44] Player moved to (464, 80)
[2025-06-03 19:19:44] Player moved to (468, 80)
[2025-06-03 19:19:44] Player moved to (472, 84)
[2025-06-03 19:19:44] Player moved to (476, 88)
[2025-06-03 19:19:44] Player moved to (480, 92)
[2025-06-03 19:19:44] Player moved to (484, 96)
[2025-06-03 19:19:44] Player moved to (488, 100)
[2025-06-03 19:19:44] Player moved to (488, 104)
[2025-06-03 19:19:44] Player moved to (488, 108)
[2025-06-03 19:19:44] Player moved to (488, 112)
[2025-06-03 19:19:44] Player moved to (488, 116)
[2025-06-03 19:19:44] Player moved to (488, 120)
[2025-06-03 19:19:44] Player moved to (488, 124)
[2025-06-03 19:19:44] Player moved to (488, 128)
[2025-06-03 19:19:44] Player moved to (488, 132)
[2025-06-03 19:19:44] Player moved to (488, 136)
[2025-06-03 19:19:44] Player moved to (484, 140)
[2025-06-03 19:19:44] Player moved to (480, 144)
[2025-06-03 19:19:44] Player moved to (476, 148)
[2025-06-03 19:19:44] Player moved to (472, 152)
[2025-06-03 19:19:44] Player moved to (468, 156)
[2025-06-03 19:19:44] Player moved to (464, 160)
[2025-06-03 19:19:44] Player moved to (460, 164)
[2025-06-03 19:19:44] Player moved to (456, 168)
[2025-06-03 19:19:44] Player moved to (456, 172)
[2025-06-03 19:19:44] Player moved to (456, 176)
[2025-06-03 19:19:44] Player moved to (460, 180)
[2025-06-03 19:19:44] Player moved to (464, 184)
[2025-06-03 19:19:45] Player moved to (468, 188)
[2025-06-03 19:19:45] Player moved to (472, 192)
[2025-06-03 19:19:45] Player moved to (476, 196)
[2025-06-03 19:19:45] Player moved to (476, 200)
[2025-06-03 19:19:45] Player moved to (476, 204)
[2025-06-03 19:19:45] Player moved to (472, 208)
[2025-06-03 19:19:45] Player moved to (468, 212)
[2025-06-03 19:19:45] Player moved to (464, 216)
[2025-06-03 19:19:45] Player moved to (460, 220)
[2025-06-03 19:19:45] Player moved to (456, 224)
[2025-06-03 19:19:45] Player moved to (452, 228)
[2025-06-03 19:19:45] Player moved to (448, 232)
[2025-06-03 19:19:45] Player moved to (444, 236)
[2025-06-03 19:19:45] Player moved to (440, 240)
[2025-06-03 19:19:45] Player moved to (436, 240)
[2025-06-03 19:19:45] Player moved to (432, 240)
[2025-06-03 19:19:45] Player moved to (428, 240)
[2025-06-03 19:19:45] Player moved to (424, 240)
[2025-06-03 19:19:45] Player moved to (420, 240)
[2025-06-03 19:19:45] Player moved to (416, 240)
[2025-06-03 19:19:45] Player moved to (412, 240)
[2025-06-03 19:19:45] Player moved to (408, 240)
[2025-06-03 19:19:45] Player moved to (404, 240)
[2025-06-03 19:19:45] Player moved to (400, 240)
[2025-06-03 19:19:45] Player moved to (396, 240)
[2025-06-03 19:19:45] Player moved to (392, 240)
[2025-06-03 19:19:45] Player moved to (388, 240)
[2025-06-03 19:19:45] Player moved to (384, 240)
[2025-06-03 19:19:45] Player moved to (380, 240)
[2025-06-03 19:19:45] Player moved to (376, 240)
[2025-06-03 19:19:45] Player moved to (372, 240)
[2025-06-03 19:19:45] Player moved to (368, 240)
[2025-06-03 19:19:45] Player moved to (364, 240)
[2025-06-03 19:19:45] Player moved to (360, 244)
[2025-06-03 19:19:45] Player moved to (356, 248)
[2025-06-03 19:19:45] Player moved to (352, 252)
[2025-06-03 19:19:45] Player moved to (348, 256)
[2025-06-03 19:19:45] Player moved to (344, 260)
[2025-06-03 19:19:45] Player hit an obstacle!
[2025-06-03 19:19:45] Player hit an obstacle!
[2025-06-03 19:19:45] Player hit an obstacle!
[2025-06-03 19:19:45] Player hit an obstacle!
[2025-06-03 19:19:45] Player hit an obstacle!
[2025-06-03 19:19:45] Player hit an obstacle!
[2025-06-03 19:19:45] Player hit an obstacle!
[2025-06-03 19:19:45] Player hit an obstacle!
[2025-06-03 19:19:45] Player hit an obstacle!
[2025-06-03 19:19:45] Player hit an obstacle!
[2025-06-03 19:19:45] Player hit an obstacle!
[2025-06-03 19:19:45] Player hit an obstacle!
[2025-06-03 19:19:45] Player hit an obstacle!
[2025-06-03 19:19:45] Player hit an obstacle!
[2025-06-03 19:19:45] Player hit an obstacle!
[2025-06-03 19:19:45] Player hit an obstacle!
[2025-06-03 19:19:45] Player moved to (340, 260)
[2025-06-03 19:19:45] Player moved to (336, 260)
[2025-06-03 19:19:45] Player moved to (332, 260)
[2025-06-03 19:19:45] Player moved to (328, 260)
[2025-06-03 19:19:45] Player moved to (324, 260)
[2025-06-03 19:19:45] Player moved to (320, 260)
[2025-06-03 19:19:45] Player moved to (316, 260)
[2025-06-03 19:19:46] Player moved to (312, 260)
[2025-06-03 19:19:46] Player moved to (308, 260)
[2025-06-03 19:19:46] Player moved to (304, 260)
[2025-06-03 19:19:46] -ReimuHakurei- shot bullet at (-1, 0)
[2025-06-03 19:19:46] Player hit an obstacle!
[2025-06-03 19:19:46] Player hit an obstacle!
[2025-06-03 19:19:46] Player hit an obstacle!
[2025-06-03 19:19:46] Player hit an obstacle!
[2025-06-03 19:19:46] Player hit an obstacle!
[2025-06-03 19:19:46] Player hit an obstacle!
[2025-06-03 19:19:46] Player hit an obstacle!
[2025-06-03 19:19:46] Player hit an obstacle!
[2025-06-03 19:19:46] Player hit an obstacle!
[2025-06-03 19:19:46] Player hit an obstacle!
[2025-06-03 19:19:46] Player hit an obstacle!
[2025-06-03 19:19:46] Player hit an obstacle!
[2025-06-03 19:19:47] Player moved to (304, 256)
[2025-06-03 19:19:47] Player moved to (304, 252)
[2025-06-03 19:19:47] Player moved to (304, 248)
[2025-06-03 19:19:47] Player moved to (304, 244)
[2025-06-03 19:19:47] Player moved to (304, 248)
[2025-06-03 19:19:47] Player moved to (304, 252)
[2025-06-03 19:19:47] Player moved to (304, 256)
[2025-06-03 19:19:47] Player moved to (304, 260)
[2025-06-03 19:19:47] Player hit an obstacle!
[2025-06-03 19:19:47] Player hit an obstacle!
[2025-06-03 19:19:47] Player hit an obstacle!
[2025-06-03 19:19:47] Player hit an obstacle!
[2025-06-03 19:19:47] Player hit an obstacle!
[2025-06-03 19:19:47] Player hit an obstacle!
[2025-06-03 19:19:47] Player hit an obstacle!
[2025-06-03 19:19:47] Player hit an obstacle!
[2025-06-03 19:19:48] Player hit an obstacle!
[2025-06-03 19:19:48] Player hit an obstacle!
[2025-06-03 19:19:48] Player moved to (304, 256)
[2025-06-03 19:19:48] Player moved to (304, 252)
[2025-06-03 19:19:48] Player moved to (304, 248)
[2025-06-03 19:19:48] Player moved to (304, 244)
[2025-06-03 19:19:48] Player moved to (304, 248)
[2025-06-03 19:19:48] Player moved to (304, 252)
[2025-06-03 19:19:48] Player moved to (304, 256)
[2025-06-03 19:19:48] Player moved to (304, 260)
[2025-06-03 19:19:48] Player hit an obstacle!
[2025-06-03 19:19:48] Player hit an obstacle!
[2025-06-03 19:19:48] Player hit an obstacle!
[2025-06-03 19:19:48] Player moved to (304, 256)
[2025-06-03 19:19:48] Player moved to (304, 252)
[2025-06-03 19:19:48] Player moved to (304, 248)
[2025-06-03 19:19:48] Player moved to (304, 244)
[2025-06-03 19:19:48] Player moved to (304, 240)
[2025-06-03 19:19:48] Player moved to (304, 244)
[2025-06-03 19:19:48] Player moved to (304, 248)
[2025-06-03 19:19:48] Player moved to (304, 252)
[2025-06-03 19:19:48] Player moved to (304, 256)
[2025-06-03 19:19:48] Player moved to (304, 260)
[2025-06-03 19:19:48] Player moved to (304, 256)
[2025-06-03 19:19:48] Player moved to (304, 252)
[2025-06-03 19:19:48] Player moved to (304, 248)
[2025-06-03 19:19:48] Player moved to (304, 252)
[2025-06-03 19:19:48] Player moved to (304, 256)
[2025-06-03 19:19:48] Player moved to (304, 260)
[2025-06-03 19:19:48] Player hit an obstacle!
[2025-06-03 19:19:48] Player moved to (304, 256)
[2025-06-03 19:19:48] Player moved to (304, 252)
[2025-06-03 19:19:48] Player moved to (304, 248)
[2025-06-03 19:19:48] Player moved to (304, 244)
[2025-06-03 19:19:48] Player moved to (304, 248)
[2025-06-03 19:19:48] Player moved to (304, 252)
[2025-06-03 19:19:48] Player moved to (304, 256)
[2025-06-03 19:19:48] Player moved to (304, 252)
[2025-06-03 19:19:48] Player moved to (304, 248)
[2025-06-03 19:19:48] Player moved to (304, 244)
[2025-06-03 19:19:48] Player moved to (304, 248)
[2025-06-03 19:19:48] Player moved to (304, 252)
[2025-06-03 19:19:48] Player moved to (304, 256)
[2025-06-03 19:19:49] Player moved to (304, 252)
[2025-06-03 19:19:49] Player moved to (304, 248)
[2025-06-03 19:19:49] Player moved to (304, 244)
[2025-06-03 19:19:49] Player moved to (304, 248)
[2025-06-03 19:19:49] Player moved to (304, 252)
[2025-06-03 19:19:49] Player moved to (304, 256)
[2025-06-03 19:19:49] Player moved to (304, 260)
[2025-06-03 19:19:49] Player hit an obstacle!
[2025-06-03 19:19:49] Player hit an obstacle!
[2025-06-03 19:19:49] Player hit an obstacle!
[2025-06-03 19:19:49] Player hit an obstacle!
[2025-06-03 19:19:49] Player hit an obstacle!
[2025-06-03 19:19:49] Player hit an obstacle!
[2025-06-03 19:19:49] Player hit an obstacle!
[2025-06-03 19:19:49] Player hit an obstacle!
[2025-06-03 19:19:49] Player hit an obstacle!
[2025-06-03 19:19:49] Player hit an obstacle!
[2025-06-03 19:19:49] Player hit an obstacle!
[2025-06-03 19:19:49] Player hit an obstacle!
[2025-06-03 19:19:49] Player hit an obstacle!
[2025-06-03 19:19:49] Player hit an obstacle!
[2025-06-03 19:19:49] Player hit an obstacle!
[2025-06-03 19:19:49] Player hit an obstacle!
[2025-06-03 19:19:49] Player hit an obstacle!
[2025-06-03 19:19:52] -ReimuHakurei- has left the game
[2025-06-03 19:20:10] -ReimuHakurei- has joined the game!
[2025-06-03 19:20:11] Player started the game from menu
[2025-06-03 19:20:11] -ReimuHakurei- has left the game
[2025-06-03 19:20:21] -ReimuHakurei- has joined the game!
[2025-06-03 19:20:22] Player started the game from menu
[2025-06-03 19:20:23] -ReimuHakurei- has left the game
[2025-06-03 19:20:39] -ReimuHakurei- has joined the game!
[2025-06-03 19:20:40] Player started the game from menu
[2025-06-03 19:20:41] -ReimuHakurei- has left the game
[2025-06-03 19:20:50] -ReimuHakurei- has joined the game!
[2025-06-03 19:20:51] -ReimuHakurei- has left the game
[2025-06-03 19:21:03] -ReimuHakurei- has joined the game!
[2025-06-03 19:21:05] Player started the game from menu
[2025-06-03 19:21:05] -ReimuHakurei- has left the game
[2025-06-03 19:21:12] -ReimuHakurei- has joined the game!
[2025-06-03 19:21:13] Player started the game from menu
[2025-06-03 19:21:14] -ReimuHakurei- has left the game
[2025-06-03 19:31:11] -ReimuHakurei- has joined the game!
[2025-06-03 19:31:12] Player started the game from menu
[2025-06-03 19:31:12] Player moved to (100, 104)
[2025-06-03 19:31:12] Player moved to (100, 108)
[2025-06-03 19:31:12] Player moved to (100, 112)
[2025-06-03 19:31:12] Player moved to (100, 116)
[2025-06-03 19:31:12] Player moved to (100, 120)
[2025-06-03 19:31:12] Player moved to (100, 124)
[2025-06-03 19:31:12] Player moved to (100, 128)
[2025-06-03 19:31:12] Player moved to (100, 132)
[2025-06-03 19:31:12] Player moved to (100, 136)
[2025-06-03 19:31:13] Player moved to (100, 140)
[2025-06-03 19:31:13] Player moved to (100, 144)
[2025-06-03 19:31:13] Player moved to (100, 148)
[2025-06-03 19:31:13] Player moved to (100, 152)
[2025-06-03 19:31:13] Player moved to (100, 156)
[2025-06-03 19:31:13] Player moved to (100, 160)
[2025-06-03 19:31:13] Player moved to (100, 164)
[2025-06-03 19:31:13] Player moved to (100, 168)
[2025-06-03 19:31:13] Player moved to (100, 172)
[2025-06-03 19:31:13] Player moved to (100, 176)
[2025-06-03 19:31:13] Player moved to (100, 180)
[2025-06-03 19:31:13] Player moved to (100, 184)
[2025-06-03 19:31:13] Player moved to (104, 188)
[2025-06-03 19:31:13] Player moved to (108, 192)
[2025-06-03 19:31:13] Player moved to (112, 196)
[2025-06-03 19:31:13] Player moved to (116, 200)
[2025-06-03 19:31:13] Player moved to (120, 204)
[2025-06-03 19:31:13] Player moved to (124, 208)
[2025-06-03 19:31:13] Player moved to (128, 212)
[2025-06-03 19:31:13] Player moved to (132, 216)
[2025-06-03 19:31:13] Player moved to (136, 220)
[2025-06-03 19:31:13] Player moved to (140, 224)
[2025-06-03 19:31:13] Player moved to (144, 228)
[2025-06-03 19:31:13] Player moved to (148, 232)
[2025-06-03 19:31:13] Player moved to (152, 236)
[2025-06-03 19:31:13] Player moved to (156, 240)
[2025-06-03 19:31:13] Player moved to (160, 244)
[2025-06-03 19:31:13] Player moved to (164, 248)
[2025-06-03 19:31:13] Player moved to (168, 252)
[2025-06-03 19:31:13] Player moved to (172, 256)
[2025-06-03 19:31:13] Player moved to (176, 260)
[2025-06-03 19:31:13] Player moved to (180, 264)
[2025-06-03 19:31:13] Player moved to (184, 268)
[2025-06-03 19:31:13] Player moved to (188, 272)
[2025-06-03 19:31:13] Player moved to (192, 276)
[2025-06-03 19:31:13] Player moved to (196, 280)
[2025-06-03 19:31:13] Player moved to (200, 284)
[2025-06-03 19:31:13] Player moved to (204, 288)
[2025-06-03 19:31:13] Player moved to (208, 292)
[2025-06-03 19:31:13] Player moved to (212, 296)
[2025-06-03 19:31:13] Player moved to (216, 300)
[2025-06-03 19:31:13] Player moved to (220, 304)
[2025-06-03 19:31:13] Player moved to (224, 308)
[2025-06-03 19:31:13] Player moved to (228, 312)
[2025-06-03 19:31:13] Player moved to (232, 316)
[2025-06-03 19:31:13] Player moved to (236, 320)
[2025-06-03 19:31:13] Player moved to (240, 324)
[2025-06-03 19:31:13] Player moved to (244, 328)
[2025-06-03 19:31:13] Player moved to (248, 332)
[2025-06-03 19:31:13] Player moved to (252, 336)
[2025-06-03 19:31:13] Player moved to (256, 340)
[2025-06-03 19:31:13] Player moved to (260, 344)
[2025-06-03 19:31:13] Player hit an obstacle!
[2025-06-03 19:31:13] Player hit an obstacle!
[2025-06-03 19:31:13] Player hit an obstacle!
[2025-06-03 19:31:13] Player hit an obstacle!
[2025-06-03 19:31:13] Player hit an obstacle!
[2025-06-03 19:31:13] Player hit an obstacle!
[2025-06-03 19:31:13] Player hit an obstacle!
[2025-06-03 19:31:13] Player hit an obstacle!
[2025-06-03 19:31:14] Player hit an obstacle!
[2025-06-03 19:31:14] Player hit an obstacle!
[2025-06-03 19:31:14] Player hit an obstacle!
[2025-06-03 19:31:14] Player hit an obstacle!
[2025-06-03 19:31:14] Player hit an obstacle!
[2025-06-03 19:31:14] Player hit an obstacle!
[2025-06-03 19:31:14] Player hit an obstacle!
[2025-06-03 19:31:14] Player hit an obstacle!
[2025-06-03 19:31:14] Player hit an obstacle!
[2025-06-03 19:31:14] Player hit an obstacle!
[2025-06-03 19:31:14] Player hit an obstacle!
[2025-06-03 19:31:14] Player hit an obstacle!
[2025-06-03 19:31:14] Player hit an obstacle!
[2025-06-03 19:31:14] Player hit an obstacle!
[2025-06-03 19:31:14] Player hit an obstacle!
[2025-06-03 19:31:14] Player hit an obstacle!
[2025-06-03 19:31:14] Player hit an obstacle!
[2025-06-03 19:31:14] Player hit an obstacle!
[2025-06-03 19:31:14] Player hit an obstacle!
[2025-06-03 19:31:14] Player hit an obstacle!
[2025-06-03 19:31:14] Player hit an obstacle!
[2025-06-03 19:31:14] Player hit an obstacle!
[2025-06-03 19:31:14] Player hit an obstacle!
[2025-06-03 19:31:14] Player hit an obstacle!
[2025-06-03 19:31:14] Player hit an obstacle!
[2025-06-03 19:31:14] Player hit an obstacle!
[2025-06-03 19:31:14] Player hit an obstacle!
[2025-06-03 19:31:14] Player hit an obstacle!
[2025-06-03 19:31:14] Player hit an obstacle!
[2025-06-03 19:31:14] Player hit an obstacle!
[2025-06-03 19:31:14] Player hit an obstacle!
[2025-06-03 19:31:14] Player hit an obstacle!
[2025-06-03 19:31:14] Player hit an obstacle!
[2025-06-03 19:31:14] Player hit an obstacle!
[2025-06-03 19:31:14] Player hit an obstacle!
[2025-06-03 19:31:14] Player hit an obstacle!
[2025-06-03 19:31:14] Player hit an obstacle!
[2025-06-03 19:31:14] Player hit an obstacle!
[2025-06-03 19:31:14] Player hit an obstacle!
[2025-06-03 19:31:14] Player hit an obstacle!
[2025-06-03 19:31:14] Player hit an obstacle!
[2025-06-03 19:31:14] Player hit an obstacle!
[2025-06-03 19:31:14] Player hit an obstacle!
[2025-06-03 19:31:14] Player hit an obstacle!
[2025-06-03 19:31:14] Player hit an obstacle!
[2025-06-03 19:31:14] Player hit an obstacle!
[2025-06-03 19:31:14] Player hit an obstacle!
[2025-06-03 19:31:14] Player hit an obstacle!
[2025-06-03 19:31:14] Player moved to (260, 348)
[2025-06-03 19:31:14] Player moved to (260, 352)
[2025-06-03 19:31:14] Player moved to (260, 356)
[2025-06-03 19:31:14] Player moved to (260, 360)
[2025-06-03 19:31:14] Player moved to (260, 364)
[2025-06-03 19:31:14] Player moved to (260, 368)
[2025-06-03 19:31:15] Player moved to (260, 372)
[2025-06-03 19:31:15] Player moved to (260, 376)
[2025-06-03 19:31:15] Player moved to (260, 380)
[2025-06-03 19:31:15] Player moved to (264, 384)
[2025-06-03 19:31:15] Player moved to (268, 388)
[2025-06-03 19:31:15] Player moved to (272, 388)
[2025-06-03 19:31:15] Player moved to (276, 388)
[2025-06-03 19:31:15] Player moved to (280, 388)
[2025-06-03 19:31:15] Player moved to (284, 388)
[2025-06-03 19:31:15] Player moved to (288, 388)
[2025-06-03 19:31:15] Player moved to (292, 388)
[2025-06-03 19:31:15] Player moved to (296, 388)
[2025-06-03 19:31:15] Player moved to (300, 388)
[2025-06-03 19:31:15] Player moved to (304, 388)
[2025-06-03 19:31:15] Player moved to (308, 388)
[2025-06-03 19:31:15] Player moved to (312, 388)
[2025-06-03 19:31:15] Player moved to (316, 388)
[2025-06-03 19:31:15] Player moved to (320, 388)
[2025-06-03 19:31:15] Player moved to (324, 388)
[2025-06-03 19:31:15] Player moved to (328, 388)
[2025-06-03 19:31:15] Player moved to (332, 388)
[2025-06-03 19:31:15] Player moved to (336, 388)
[2025-06-03 19:31:15] Player moved to (340, 388)
[2025-06-03 19:31:15] Player moved to (344, 388)
[2025-06-03 19:31:15] Player moved to (348, 388)
[2025-06-03 19:31:15] Player moved to (352, 388)
[2025-06-03 19:31:15] Player moved to (356, 388)
[2025-06-03 19:31:15] Player moved to (360, 388)
[2025-06-03 19:31:15] Player moved to (364, 388)
[2025-06-03 19:31:15] Player moved to (368, 388)
[2025-06-03 19:31:15] Player moved to (372, 388)
[2025-06-03 19:31:15] Player moved to (376, 388)
[2025-06-03 19:31:15] Player moved to (380, 388)
[2025-06-03 19:31:15] Player moved to (384, 388)
[2025-06-03 19:31:15] Player moved to (388, 388)
[2025-06-03 19:31:15] Player moved to (392, 388)
[2025-06-03 19:31:15] Player moved to (396, 388)
[2025-06-03 19:31:15] Player moved to (400, 388)
[2025-06-03 19:31:15] Player moved to (404, 388)
[2025-06-03 19:31:15] Player moved to (408, 388)
[2025-06-03 19:31:15] Player moved to (412, 388)
[2025-06-03 19:31:15] Player moved to (416, 388)
[2025-06-03 19:31:15] Player moved to (420, 388)
[2025-06-03 19:31:15] Player moved to (424, 388)
[2025-06-03 19:31:15] Player moved to (428, 388)
[2025-06-03 19:31:15] Player moved to (432, 388)
[2025-06-03 19:31:15] Player moved to (436, 388)
[2025-06-03 19:31:15] Player moved to (440, 388)
[2025-06-03 19:31:15] Player moved to (444, 384)
[2025-06-03 19:31:15] Player moved to (448, 380)
[2025-06-03 19:31:15] Player moved to (452, 376)
[2025-06-03 19:31:15] Player moved to (456, 372)
[2025-06-03 19:31:15] Player moved to (460, 368)
[2025-06-03 19:31:15] Player moved to (464, 364)
[2025-06-03 19:31:15] Player moved to (468, 360)
[2025-06-03 19:31:15] Player moved to (472, 356)
[2025-06-03 19:31:15] Player moved to (476, 352)
[2025-06-03 19:31:15] Player moved to (480, 348)
[2025-06-03 19:31:15] Player moved to (484, 344)
[2025-06-03 19:31:15] Player moved to (488, 340)
[2025-06-03 19:31:16] Player moved to (492, 336)
[2025-06-03 19:31:16] Player moved to (496, 332)
[2025-06-03 19:31:16] Player moved to (500, 328)
[2025-06-03 19:31:16] Player moved to (504, 328)
[2025-06-03 19:31:16] Player moved to (508, 328)
[2025-06-03 19:31:16] Player moved to (512, 328)
[2025-06-03 19:31:16] Player moved to (516, 328)
[2025-06-03 19:31:16] Player moved to (520, 328)
[2025-06-03 19:31:16] Player moved to (524, 328)
[2025-06-03 19:31:16] Player moved to (528, 328)
[2025-06-03 19:31:16] Player moved to (532, 328)
[2025-06-03 19:31:16] Player moved to (536, 328)
[2025-06-03 19:31:16] Player moved to (540, 328)
[2025-06-03 19:31:16] Player moved to (544, 328)
[2025-06-03 19:31:16] Player moved to (548, 328)
[2025-06-03 19:31:16] Player moved to (552, 328)
[2025-06-03 19:31:16] Player moved to (556, 328)
[2025-06-03 19:31:16] Player moved to (560, 328)
[2025-06-03 19:31:16] Player moved to (564, 328)
[2025-06-03 19:31:16] -ReimuHakurei- hit by enemy! Health: 2
[2025-06-03 19:31:16] Player moved to (104, 100)
[2025-06-03 19:31:16] Player moved to (108, 100)
[2025-06-03 19:31:16] Player moved to (112, 100)
[2025-06-03 19:31:16] Player moved to (116, 100)
[2025-06-03 19:31:16] Player moved to (120, 100)
[2025-06-03 19:31:16] Player moved to (124, 100)
[2025-06-03 19:31:16] Player moved to (128, 100)
[2025-06-03 19:31:16] Player moved to (132, 100)
[2025-06-03 19:31:16] Player moved to (136, 100)
[2025-06-03 19:31:16] Player moved to (140, 100)
[2025-06-03 19:31:16] Player moved to (144, 100)
[2025-06-03 19:31:16] Player moved to (148, 100)
[2025-06-03 19:31:16] Player moved to (152, 100)
[2025-06-03 19:31:16] Player moved to (156, 100)
[2025-06-03 19:31:16] Player moved to (160, 100)
[2025-06-03 19:31:16] Player moved to (164, 100)
[2025-06-03 19:31:16] Player moved to (168, 100)
[2025-06-03 19:31:16] Player moved to (172, 100)
[2025-06-03 19:31:16] Player moved to (176, 100)
[2025-06-03 19:31:16] Player moved to (180, 100)
[2025-06-03 19:31:16] Player moved to (184, 100)
[2025-06-03 19:31:16] Player moved to (188, 100)
[2025-06-03 19:31:16] Player moved to (192, 100)
[2025-06-03 19:31:16] Player moved to (196, 100)
[2025-06-03 19:31:16] Player moved to (200, 100)
[2025-06-03 19:31:16] Player moved to (204, 104)
[2025-06-03 19:31:16] Player moved to (208, 108)
[2025-06-03 19:31:16] Player moved to (212, 112)
[2025-06-03 19:31:16] Player moved to (216, 116)
[2025-06-03 19:31:16] Player moved to (220, 120)
[2025-06-03 19:31:16] Player moved to (224, 124)
[2025-06-03 19:31:16] Player moved to (228, 128)
[2025-06-03 19:31:16] Player moved to (232, 132)
[2025-06-03 19:31:16] Player moved to (236, 136)
[2025-06-03 19:31:16] Player moved to (240, 140)
[2025-06-03 19:31:16] Player moved to (244, 144)
[2025-06-03 19:31:16] Player moved to (248, 148)
[2025-06-03 19:31:16] Player moved to (252, 152)
[2025-06-03 19:31:16] Player moved to (256, 156)
[2025-06-03 19:31:16] Player moved to (260, 160)
[2025-06-03 19:31:16] Player moved to (264, 164)
[2025-06-03 19:31:17] Player moved to (268, 168)
[2025-06-03 19:31:17] Player moved to (272, 168)
[2025-06-03 19:31:17] Player moved to (276, 168)
[2025-06-03 19:31:17] Player moved to (280, 168)
[2025-06-03 19:31:17] Player moved to (284, 168)
[2025-06-03 19:31:17] Player moved to (288, 168)
[2025-06-03 19:31:17] Player moved to (292, 168)
[2025-06-03 19:31:17] Player moved to (296, 168)
[2025-06-03 19:31:17] Player moved to (300, 168)
[2025-06-03 19:31:17] Player moved to (304, 172)
[2025-06-03 19:31:17] Player moved to (308, 176)
[2025-06-03 19:31:17] Player moved to (312, 180)
[2025-06-03 19:31:17] Player moved to (316, 184)
[2025-06-03 19:31:17] Player moved to (320, 188)
[2025-06-03 19:31:17] Player moved to (324, 192)
[2025-06-03 19:31:17] Player moved to (328, 196)
[2025-06-03 19:31:17] Player moved to (332, 200)
[2025-06-03 19:31:17] Player moved to (336, 204)
[2025-06-03 19:31:17] Player moved to (340, 208)
[2025-06-03 19:31:17] Player moved to (344, 212)
[2025-06-03 19:31:17] Player moved to (348, 216)
[2025-06-03 19:31:17] Player moved to (352, 220)
[2025-06-03 19:31:17] Player moved to (356, 224)
[2025-06-03 19:31:17] Player moved to (360, 228)
[2025-06-03 19:31:17] Player moved to (364, 232)
[2025-06-03 19:31:17] Player moved to (368, 236)
[2025-06-03 19:31:17] Player moved to (372, 240)
[2025-06-03 19:31:17] Player moved to (376, 244)
[2025-06-03 19:31:17] Player moved to (380, 248)
[2025-06-03 19:31:17] Player moved to (384, 252)
[2025-06-03 19:31:17] Player moved to (388, 256)
[2025-06-03 19:31:17] Player moved to (388, 260)
[2025-06-03 19:31:17] Player moved to (388, 264)
[2025-06-03 19:31:17] Player moved to (388, 268)
[2025-06-03 19:31:17] Player moved to (388, 272)
[2025-06-03 19:31:17] Player moved to (388, 276)
[2025-06-03 19:31:17] Player moved to (388, 280)
[2025-06-03 19:31:17] Player moved to (388, 284)
[2025-06-03 19:31:17] Player moved to (388, 288)
[2025-06-03 19:31:17] Player moved to (388, 292)
[2025-06-03 19:31:17] Player moved to (384, 296)
[2025-06-03 19:31:17] Player moved to (380, 300)
[2025-06-03 19:31:17] Player moved to (376, 304)
[2025-06-03 19:31:17] Player moved to (372, 308)
[2025-06-03 19:31:17] Player moved to (368, 312)
[2025-06-03 19:31:17] Player moved to (364, 316)
[2025-06-03 19:31:17] Player moved to (360, 320)
[2025-06-03 19:31:17] Player moved to (356, 324)
[2025-06-03 19:31:17] Player moved to (352, 328)
[2025-06-03 19:31:17] Player hit an obstacle!
[2025-06-03 19:31:17] Player hit an obstacle!
[2025-06-03 19:31:17] Player hit an obstacle!
[2025-06-03 19:31:17] Player hit an obstacle!
[2025-06-03 19:31:17] Player hit an obstacle!
[2025-06-03 19:31:17] Player hit an obstacle!
[2025-06-03 19:31:17] Player hit an obstacle!
[2025-06-03 19:31:17] Player hit an obstacle!
[2025-06-03 19:31:17] Player hit an obstacle!
[2025-06-03 19:31:17] Player hit an obstacle!
[2025-06-03 19:31:17] Player hit an obstacle!
[2025-06-03 19:31:17] Player hit an obstacle!
[2025-06-03 19:31:18] Player hit an obstacle!
[2025-06-03 19:31:18] Player hit an obstacle!
[2025-06-03 19:31:18] Player hit an obstacle!
[2025-06-03 19:31:18] Player hit an obstacle!
[2025-06-03 19:31:18] Player hit an obstacle!
[2025-06-03 19:31:18] Player hit an obstacle!
[2025-06-03 19:31:18] Player hit an obstacle!
[2025-06-03 19:31:18] Player hit an obstacle!
[2025-06-03 19:31:18] Player hit an obstacle!
[2025-06-03 19:31:18] Player hit an obstacle!
[2025-06-03 19:31:18] Player hit an obstacle!
[2025-06-03 19:31:18] Player hit an obstacle!
[2025-06-03 19:31:18] Player moved to (352, 332)
[2025-06-03 19:31:18] Player moved to (352, 336)
[2025-06-03 19:31:18] Player moved to (352, 340)
[2025-06-03 19:31:18] Player moved to (352, 344)
[2025-06-03 19:31:18] Player moved to (352, 348)
[2025-06-03 19:31:18] Player moved to (352, 352)
[2025-06-03 19:31:18] Player moved to (348, 352)
[2025-06-03 19:31:18] Player moved to (344, 352)
[2025-06-03 19:31:18] Player moved to (340, 352)
[2025-06-03 19:31:18] Player moved to (336, 352)
[2025-06-03 19:31:18] Player moved to (332, 352)
[2025-06-03 19:31:18] Player moved to (328, 352)
[2025-06-03 19:31:18] Player moved to (324, 352)
[2025-06-03 19:31:18] Player moved to (320, 352)
[2025-06-03 19:31:18] Player moved to (316, 352)
[2025-06-03 19:31:18] Player moved to (312, 352)
[2025-06-03 19:31:18] Player moved to (308, 352)
[2025-06-03 19:31:18] Player moved to (304, 352)
[2025-06-03 19:31:18] Player moved to (300, 352)
[2025-06-03 19:31:18] Player moved to (296, 352)
[2025-06-03 19:31:18] Player moved to (292, 352)
[2025-06-03 19:31:18] Player moved to (288, 352)
[2025-06-03 19:31:18] Player moved to (284, 352)
[2025-06-03 19:31:18] Player moved to (280, 352)
[2025-06-03 19:31:18] Player moved to (276, 352)
[2025-06-03 19:31:18] Player moved to (272, 352)
[2025-06-03 19:31:18] Player moved to (268, 352)
[2025-06-03 19:31:18] Player moved to (264, 352)
[2025-06-03 19:31:18] Player moved to (260, 352)
[2025-06-03 19:31:18] Player moved to (256, 352)
[2025-06-03 19:31:18] Player moved to (252, 352)
[2025-06-03 19:31:18] Player moved to (248, 352)
[2025-06-03 19:31:18] Player moved to (244, 352)
[2025-06-03 19:31:18] Player moved to (240, 352)
[2025-06-03 19:31:18] Player moved to (236, 352)
[2025-06-03 19:31:18] Player moved to (232, 352)
[2025-06-03 19:31:18] Player moved to (228, 352)
[2025-06-03 19:31:18] Player moved to (224, 352)
[2025-06-03 19:31:18] Player moved to (220, 352)
[2025-06-03 19:31:18] Player moved to (216, 352)
[2025-06-03 19:31:18] Player moved to (212, 352)
[2025-06-03 19:31:18] Player moved to (208, 352)
[2025-06-03 19:31:18] Player moved to (204, 352)
[2025-06-03 19:31:18] Player moved to (200, 352)
[2025-06-03 19:31:18] Player moved to (196, 352)
[2025-06-03 19:31:18] Player moved to (192, 352)
[2025-06-03 19:31:18] Player moved to (188, 352)
[2025-06-03 19:31:19] Player moved to (184, 352)
[2025-06-03 19:31:19] Player moved to (180, 352)
[2025-06-03 19:31:19] Player moved to (176, 352)
[2025-06-03 19:31:19] Player moved to (172, 356)
[2025-06-03 19:31:19] Player moved to (168, 360)
[2025-06-03 19:31:19] Player moved to (164, 364)
[2025-06-03 19:31:19] -ReimuHakurei- hit by enemy! Health: 1
[2025-06-03 19:31:19] Player moved to (96, 104)
[2025-06-03 19:31:19] Player moved to (92, 108)
[2025-06-03 19:31:19] Player moved to (88, 112)
[2025-06-03 19:31:19] Player moved to (84, 116)
[2025-06-03 19:31:19] Player moved to (80, 120)
[2025-06-03 19:31:19] Player moved to (76, 124)
[2025-06-03 19:31:19] Player moved to (72, 128)
[2025-06-03 19:31:19] Player moved to (68, 132)
[2025-06-03 19:31:19] Player moved to (64, 136)
[2025-06-03 19:31:19] Player moved to (60, 140)
[2025-06-03 19:31:19] Player moved to (56, 144)
[2025-06-03 19:31:19] Player moved to (52, 148)
[2025-06-03 19:31:19] Player moved to (48, 152)
[2025-06-03 19:31:19] Player moved to (44, 152)
[2025-06-03 19:31:19] Player moved to (40, 152)
[2025-06-03 19:31:19] Player moved to (36, 152)
[2025-06-03 19:31:19] Player moved to (32, 152)
[2025-06-03 19:31:19] Player moved to (28, 152)
[2025-06-03 19:31:19] Player moved to (24, 152)
[2025-06-03 19:31:19] Player moved to (20, 152)
[2025-06-03 19:31:19] Player moved to (16, 152)
[2025-06-03 19:31:19] Player moved to (20, 152)
[2025-06-03 19:31:19] Player moved to (24, 152)
[2025-06-03 19:31:19] Player moved to (28, 152)
[2025-06-03 19:31:19] Player moved to (32, 152)
[2025-06-03 19:31:19] Player moved to (36, 152)
[2025-06-03 19:31:19] Player moved to (40, 152)
[2025-06-03 19:31:19] Player moved to (44, 152)
[2025-06-03 19:31:19] Player moved to (48, 152)
[2025-06-03 19:31:19] Player moved to (52, 156)
[2025-06-03 19:31:19] Player moved to (56, 160)
[2025-06-03 19:31:19] Player moved to (60, 164)
[2025-06-03 19:31:19] Player moved to (64, 168)
[2025-06-03 19:31:19] Player moved to (68, 172)
[2025-06-03 19:31:19] Player moved to (68, 176)
[2025-06-03 19:31:19] Player moved to (68, 180)
[2025-06-03 19:31:19] Player moved to (68, 184)
[2025-06-03 19:31:19] Player moved to (68, 188)
[2025-06-03 19:31:19] Player moved to (68, 192)
[2025-06-03 19:31:19] Player moved to (68, 196)
[2025-06-03 19:31:19] Player moved to (68, 200)
[2025-06-03 19:31:19] Player moved to (68, 204)
[2025-06-03 19:31:19] Player moved to (68, 208)
[2025-06-03 19:31:19] Player moved to (68, 212)
[2025-06-03 19:31:19] Player moved to (68, 216)
[2025-06-03 19:31:19] Player moved to (68, 220)
[2025-06-03 19:31:19] Player moved to (68, 224)
[2025-06-03 19:31:19] Player moved to (68, 228)
[2025-06-03 19:31:19] Player moved to (68, 232)
[2025-06-03 19:31:19] Player moved to (68, 236)
[2025-06-03 19:31:19] Player moved to (68, 240)
[2025-06-03 19:31:19] Player moved to (68, 244)
[2025-06-03 19:31:19] Player moved to (68, 248)
[2025-06-03 19:31:19] Player moved to (68, 252)
[2025-06-03 19:31:20] Player moved to (68, 256)
[2025-06-03 19:31:20] Player moved to (68, 260)
[2025-06-03 19:31:20] Player moved to (68, 264)
[2025-06-03 19:31:20] Player moved to (68, 268)
[2025-06-03 19:31:20] Player moved to (68, 272)
[2025-06-03 19:31:20] Player moved to (68, 276)
[2025-06-03 19:31:20] Player moved to (68, 280)
[2025-06-03 19:31:20] Player moved to (68, 284)
[2025-06-03 19:31:20] Player moved to (68, 288)
[2025-06-03 19:31:20] Player moved to (68, 292)
[2025-06-03 19:31:20] Player moved to (68, 296)
[2025-06-03 19:31:20] Player moved to (68, 300)
[2025-06-03 19:31:20] Player moved to (72, 304)
[2025-06-03 19:31:20] Player moved to (76, 308)
[2025-06-03 19:31:20] Player moved to (80, 312)
[2025-06-03 19:31:20] Player moved to (84, 316)
[2025-06-03 19:31:20] Player moved to (88, 320)
[2025-06-03 19:31:20] Player moved to (92, 324)
[2025-06-03 19:31:20] Player moved to (96, 328)
[2025-06-03 19:31:20] Player moved to (100, 332)
[2025-06-03 19:31:20] Player moved to (104, 336)
[2025-06-03 19:31:20] Player moved to (108, 340)
[2025-06-03 19:31:20] Player moved to (112, 344)
[2025-06-03 19:31:20] Player moved to (116, 348)
[2025-06-03 19:31:20] Player moved to (120, 352)
[2025-06-03 19:31:20] Player moved to (124, 356)
[2025-06-03 19:31:20] Player moved to (128, 360)
[2025-06-03 19:31:20] Player moved to (132, 364)
[2025-06-03 19:31:20] -ReimuHakurei- hit by enemy! Health: 0
[2025-06-03 19:31:20] No health — Game Over
[2025-06-03 19:31:35] -ReimuHakurei- has left the game
[2025-06-03 19:33:43] -ReimuHakurei- has joined the game!
[2025-06-03 19:33:43] -ReimuHakurei- has used FPS Counter :)
[2025-06-03 19:33:43] -ReimuHakurei- has used FPS Counter :)
[2025-06-03 19:33:43] -ReimuHakurei- has used FPS Counter :)
[2025-06-03 19:33:43] -ReimuHakurei- has used FPS Counter :)
[2025-06-03 19:33:43] -ReimuHakurei- has used FPS Counter :)
[2025-06-03 19:33:43] -ReimuHakurei- has used FPS Counter :)
[2025-06-03 19:33:43] -ReimuHakurei- has used FPS Counter :)
[2025-06-03 19:33:43] -ReimuHakurei- has used FPS Counter :)
[2025-06-03 19:33:43] -ReimuHakurei- has used FPS Counter :)
[2025-06-03 19:33:43] -ReimuHakurei- has used FPS Counter :)
[2025-06-03 19:33:43] -ReimuHakurei- has used FPS Counter :)
[2025-06-03 19:33:43] -ReimuHakurei- has used FPS Counter :)
[2025-06-03 19:33:43] -ReimuHakurei- has used FPS Counter :)
[2025-06-03 19:33:43] -ReimuHakurei- has used FPS Counter :)
[2025-06-03 19:33:43] -ReimuHakurei- has used FPS Counter :)
[2025-06-03 19:33:43] -ReimuHakurei- has used FPS Counter :)
[2025-06-03 19:33:43] -ReimuHakurei- has used FPS Counter :)
[2025-06-03 19:33:43] -ReimuHakurei- has used FPS Counter :)
[2025-06-03 19:33:43] -ReimuHakurei- has used FPS Counter :)
[2025-06-03 19:33:43] -ReimuHakurei- has used FPS Counter :)
[2025-06-03 19:33:43] -ReimuHakurei- has used FPS Counter :)
[2025-06-03 19:33:43] -ReimuHakurei- has used FPS Counter :)
[2025-06-03 19:33:43] -ReimuHakurei- has used FPS Counter :)
[2025-06-03 19:33:43] -ReimuHakurei- has used FPS Counter :)
[2025-06-03 19:33:43] -ReimuHakurei- has used FPS Counter :)
[2025-06-03 19:33:43] -ReimuHakurei- has used FPS Counter :)
[2025-06-03 19:33:43] -ReimuHakurei- has used FPS Counter :)
[2025-06-03 19:33:43] -ReimuHakurei- has used FPS Counter :)
[2025-06-03 19:33:43] -ReimuHakurei- has used FPS Counter :)
[2025-06-03 19:33:43] -ReimuHakurei- has used FPS Counter :)
[2025-06-03 19:33:43] -ReimuHakurei- has used FPS Counter :)
[2025-06-03 19:33:43] -ReimuHakurei- has used FPS Counter :)
[2025-06-03 19:33:43] -ReimuHakurei- has used FPS Counter :)
[2025-06-03 19:33:43] -ReimuHakurei- has used FPS Counter :)
[2025-06-03 19:33:43] -ReimuHakurei- has used FPS Counter :)
[2025-06-03 19:33:43] -ReimuHakurei- has used FPS Counter :)
[2025-06-03 19:33:43] -ReimuHakurei- has used FPS Counter :)
[2025-06-03 19:33:43] -ReimuHakurei- has used FPS Counter :)
[2025-06-03 19:33:43] -ReimuHakurei- has used FPS Counter :)
[2025-06-03 19:33:43] -ReimuHakurei- has used FPS Counter :)
[2025-06-03 19:33:43] -ReimuHakurei- has used FPS Counter :)
[2025-06-03 19:33:43] -ReimuHakurei- has used FPS Counter :)
[2025-06-03 19:33:43] -ReimuHakurei- has used FPS Counter :)
[2025-06-03 19:33:43] -ReimuHakurei- has used FPS Counter :)
[2025-06-03 19:33:43] -ReimuHakurei- has used FPS Counter :)
[2025-06-03 19:33:43] -ReimuHakurei- has used FPS Counter :)
[2025-06-03 19:33:44] -ReimuHakurei- has used FPS Counter :)
[2025-06-03 19:33:44] -ReimuHakurei- has used FPS Counter :)
[2025-06-03 19:33:44] -ReimuHakurei- has used FPS Counter :)
[2025-06-03 19:33:44] -ReimuHakurei- has used FPS Counter :)
[2025-06-03 19:33:44] -ReimuHakurei- has used FPS Counter :)
[2025-06-03 19:33:44] -ReimuHakurei- has used FPS Counter :)
[2025-06-03 19:33:44] -ReimuHakurei- has used FPS Counter :)
[2025-06-03 19:33:44] -ReimuHakurei- has used FPS Counter :)
[2025-06-03 19:33:44] -ReimuHakurei- has used FPS Counter :)
[2025-06-03 19:33:44] -ReimuHakurei- has used FPS Counter :)
[2025-06-03 19:33:44] -ReimuHakurei- has used FPS Counter :)
[2025-06-03 19:33:44] -ReimuHakurei- has used FPS Counter :)
[2025-06-03 19:33:44] -ReimuHakurei- has used FPS Counter :)
[2025-06-03 19:33:44] -ReimuHakurei- has used FPS Counter :)
[2025-06-03 19:33:44] -ReimuHakurei- has used FPS Counter :)
[2025-06-03 19:33:44] -ReimuHakurei- has used FPS Counter :)
[2025-06-03 19:33:44] -ReimuHakurei- has used FPS Counter :)
[2025-06-03 19:33:44] -ReimuHakurei- has used FPS Counter :)
[2025-06-03 19:33:44] -ReimuHakurei- has used FPS Counter :)
[2025-06-03 19:33:44] -ReimuHakurei- has used FPS Counter :)
[2025-06-03 19:33:44] -ReimuHakurei- has used FPS Counter :)
[2025-06-03 19:33:44] -ReimuHakurei- has used FPS Counter :)
[2025-06-03 19:33:44] -ReimuHakurei- has used FPS Counter :)
[2025-06-03 19:33:44] -ReimuHakurei- has used FPS Counter :)
[2025-06-03 19:33:44] -ReimuHakurei- has used FPS Counter :)
[2025-06-03 19:33:44] -ReimuHakurei- has used FPS Counter :)
[2025-06-03 19:33:44] -ReimuHakurei- has used FPS Counter :)
[2025-06-03 19:33:44] -ReimuHakurei- has used FPS Counter :)
[2025-06-03 19:33:44] -ReimuHakurei- has used FPS Counter :)
[2025-06-03 19:33:44] -ReimuHakurei- has used FPS Counter :)
[2025-06-03 19:33:44] -ReimuHakurei- has used FPS Counter :)
[2025-06-03 19:33:44] -ReimuHakurei- has used FPS Counter :)
[2025-06-03 19:33:44] -ReimuHakurei- has used FPS Counter :)
[2025-06-03 19:33:44] -ReimuHakurei- has used FPS Counter :)
[2025-06-03 19:33:44] -ReimuHakurei- has used FPS Counter :)
[2025-06-03 19:33:44] -ReimuHakurei- has used FPS Counter :)
[2025-06-03 19:33:44] -ReimuHakurei- has used FPS Counter :)
[2025-06-03 19:33:44] -ReimuHakurei- has used FPS Counter :)
[2025-06-03 19:33:44] -ReimuHakurei- has used FPS Counter :)
[2025-06-03 19:33:44] -ReimuHakurei- has used FPS Counter :)
[2025-06-03 19:33:44] -ReimuHakurei- has used FPS Counter :)
[2025-06-03 19:33:44] -ReimuHakurei- has used FPS Counter :)
[2025-06-03 19:33:44] -ReimuHakurei- has used FPS Counter :)
[2025-06-03 19:33:44] -ReimuHakurei- has used FPS Counter :)
[2025-06-03 19:33:44] -ReimuHakurei- has used FPS Counter :)
[2025-06-03 19:33:44] -ReimuHakurei- has used FPS Counter :)
[2025-06-03 19:33:44] -ReimuHakurei- has used FPS Counter :)
[2025-06-03 19:33:44] -ReimuHakurei- has used FPS Counter :)
[2025-06-03 19:33:44] -ReimuHakurei- has used FPS Counter :)
[2025-06-03 19:33:44] -ReimuHakurei- has used FPS Counter :)
[2025-06-03 19:33:44] -ReimuHakurei- has used FPS Counter :)
[2025-06-03 19:33:44] -ReimuHakurei- has used FPS Counter :)
[2025-06-03 19:33:44] -ReimuHakurei- has used FPS Counter :)
[2025-06-03 19:33:44] -ReimuHakurei- has used FPS Counter :)
[2025-06-03 19:33:44] -ReimuHakurei- has used FPS Counter :)
[2025-06-03 19:33:44] -ReimuHakurei- has used FPS Counter :)
[2025-06-03 19:33:44] -ReimuHakurei- has used FPS Counter :)
[2025-06-03 19:33:44] -ReimuHakurei- has used FPS Counter :)
[2025-06-03 19:33:44] -ReimuHakurei- has used FPS Counter :)
[2025-06-03 19:33:44] -ReimuHakurei- has used FPS Counter :)
[2025-06-03 19:33:44] -ReimuHakurei- has used FPS Counter :)
[2025-06-03 19:33:45] -ReimuHakurei- has used FPS Counter :)
[2025-06-03 19:33:45] -ReimuHakurei- has used FPS Counter :)
[2025-06-03 19:33:45] -ReimuHakurei- has used FPS Counter :)
[2025-06-03 19:33:45] -ReimuHakurei- has used FPS Counter :)
[2025-06-03 19:33:45] -ReimuHakurei- has used FPS Counter :)
[2025-06-03 19:33:45] -ReimuHakurei- has used FPS Counter :)
[2025-06-03 19:33:45] -ReimuHakurei- has used FPS Counter :)
[2025-06-03 19:33:45] -ReimuHakurei- has used FPS Counter :)
[2025-06-03 19:33:45] -ReimuHakurei- has used FPS Counter :)
[2025-06-03 19:33:45] -ReimuHakurei- has used FPS Counter :)
[2025-06-03 19:33:45] -ReimuHakurei- has used FPS Counter :)
[2025-06-03 19:33:45] -ReimuHakurei- has used FPS Counter :)
[2025-06-03 19:33:45] -ReimuHakurei- has used FPS Counter :)
[2025-06-03 19:33:45] -ReimuHakurei- has used FPS Counter :)
[2025-06-03 19:33:45] -ReimuHakurei- has used FPS Counter :)
[2025-06-03 19:33:45] -ReimuHakurei- has used FPS Counter :)
[2025-06-03 19:33:45] -ReimuHakurei- has used FPS Counter :)
[2025-06-03 19:33:45] -ReimuHakurei- has used FPS Counter :)
[2025-06-03 19:33:45] -ReimuHakurei- has used FPS Counter :)
[2025-06-03 19:33:45] -ReimuHakurei- has used FPS Counter :)
[2025-06-03 19:33:45] -ReimuHakurei- has used FPS Counter :)
[2025-06-03 19:33:45] -ReimuHakurei- has used FPS Counter :)
[2025-06-03 19:33:45] -ReimuHakurei- has used FPS Counter :)
[2025-06-03 19:33:45] -ReimuHakurei- has used FPS Counter :)
[2025-06-03 19:33:45] -ReimuHakurei- has used FPS Counter :)
[2025-06-03 19:33:45] -ReimuHakurei- has used FPS Counter :)
[2025-06-03 19:33:45] -ReimuHakurei- has used FPS Counter :)
[2025-06-03 19:33:45] -ReimuHakurei- has used FPS Counter :)
[2025-06-03 19:33:45] -ReimuHakurei- has used FPS Counter :)
[2025-06-03 19:33:45] -ReimuHakurei- has used FPS Counter :)
[2025-06-03 19:33:45] -ReimuHakurei- has used FPS Counter :)
[2025-06-03 19:33:45] -ReimuHakurei- has used FPS Counter :)
[2025-06-03 19:33:45] -ReimuHakurei- has used FPS Counter :)
[2025-06-03 19:33:45] -ReimuHakurei- has used FPS Counter :)
[2025-06-03 19:33:45] -ReimuHakurei- has used FPS Counter :)
[2025-06-03 19:33:45] -ReimuHakurei- has used FPS Counter :)
[2025-06-03 19:33:45] -ReimuHakurei- has used FPS Counter :)
[2025-06-03 19:33:45] -ReimuHakurei- has used FPS Counter :)
[2025-06-03 19:33:45] -ReimuHakurei- has used FPS Counter :)
[2025-06-03 19:33:45] -ReimuHakurei- has used FPS Counter :)
[2025-06-03 19:33:45] -ReimuHakurei- has used FPS Counter :)
[2025-06-03 19:33:45] -ReimuHakurei- has used FPS Counter :)
[2025-06-03 19:33:45] -ReimuHakurei- has used FPS Counter :)
[2025-06-03 19:33:45] -ReimuHakurei- has used FPS Counter :)
[2025-06-03 19:33:45] -ReimuHakurei- has used FPS Counter :)
[2025-06-03 19:33:45] -ReimuHakurei- has used FPS Counter :)
[2025-06-03 19:33:45] -ReimuHakurei- has used FPS Counter :)
[2025-06-03 19:33:45] -ReimuHakurei- has used FPS Counter :)
[2025-06-03 19:33:45] -ReimuHakurei- has used FPS Counter :)
[2025-06-03 19:33:45] -ReimuHakurei- has used FPS Counter :)
[2025-06-03 19:33:45] -ReimuHakurei- has used FPS Counter :)
[2025-06-03 19:33:45] -ReimuHakurei- has used FPS Counter :)
[2025-06-03 19:33:45] -ReimuHakurei- has used FPS Counter :)
[2025-06-03 19:33:45] -ReimuHakurei- has used FPS Counter :)
[2025-06-03 19:33:45] -ReimuHakurei- has used FPS Counter :)
[2025-06-03 19:33:45] -ReimuHakurei- has used FPS Counter :)
[2025-06-03 19:33:45] -ReimuHakurei- has used FPS Counter :)
[2025-06-03 19:33:45] -ReimuHakurei- has used FPS Counter :)
[2025-06-03 19:33:45] -ReimuHakurei- has used FPS Counter :)
[2025-06-03 19:33:45] -ReimuHakurei- has used FPS Counter :)
[2025-06-03 19:33:46] -ReimuHakurei- has used FPS Counter :)
[2025-06-03 19:33:46] -ReimuHakurei- has used FPS Counter :)
[2025-06-03 19:33:46] -ReimuHakurei- has used FPS Counter :)
[2025-06-03 19:33:46] -ReimuHakurei- has used FPS Counter :)
[2025-06-03 19:33:46] -ReimuHakurei- has used FPS Counter :)
[2025-06-03 19:33:46] -ReimuHakurei- has used FPS Counter :)
[2025-06-03 19:33:46] -ReimuHakurei- has used FPS Counter :)
[2025-06-03 19:33:46] -ReimuHakurei- has used FPS Counter :)
[2025-06-03 19:33:46] -ReimuHakurei- has used FPS Counter :)
[2025-06-03 19:33:46] -ReimuHakurei- has used FPS Counter :)
[2025-06-03 19:33:46] -ReimuHakurei- has used FPS Counter :)
[2025-06-03 19:33:46] -ReimuHakurei- has used FPS Counter :)
[2025-06-03 19:33:46] -ReimuHakurei- has used FPS Counter :)
[2025-06-03 19:33:46] -ReimuHakurei- has used FPS Counter :)
[2025-06-03 19:33:46] -ReimuHakurei- has used FPS Counter :)
[2025-06-03 19:33:46] -ReimuHakurei- has used FPS Counter :)
[2025-06-03 19:33:46] -ReimuHakurei- has used FPS Counter :)
[2025-06-03 19:33:46] -ReimuHakurei- has used FPS Counter :)
[2025-06-03 19:33:46] -ReimuHakurei- has used FPS Counter :)
[2025-06-03 19:33:46] -ReimuHakurei- has used FPS Counter :)
[2025-06-03 19:33:46] -ReimuHakurei- has used FPS Counter :)
[2025-06-03 19:33:46] -ReimuHakurei- has used FPS Counter :)
[2025-06-03 19:33:46] -ReimuHakurei- has used FPS Counter :)
[2025-06-03 19:33:46] -ReimuHakurei- has used FPS Counter :)
[2025-06-03 19:33:46] -ReimuHakurei- has used FPS Counter :)
[2025-06-03 19:33:46] -ReimuHakurei- has used FPS Counter :)
[2025-06-03 19:33:46] -ReimuHakurei- has used FPS Counter :)
[2025-06-03 19:33:46] -ReimuHakurei- has used FPS Counter :)
[2025-06-03 19:33:46] -ReimuHakurei- has used FPS Counter :)
[2025-06-03 19:33:46] -ReimuHakurei- has used FPS Counter :)
[2025-06-03 19:33:46] -ReimuHakurei- has used FPS Counter :)
[2025-06-03 19:33:46] -ReimuHakurei- has used FPS Counter :)
[2025-06-03 19:33:46] -ReimuHakurei- has used FPS Counter :)
[2025-06-03 19:33:46] -ReimuHakurei- has used FPS Counter :)
[2025-06-03 19:33:46] -ReimuHakurei- has used FPS Counter :)
[2025-06-03 19:33:46] -ReimuHakurei- has used FPS Counter :)
[2025-06-03 19:33:46] -ReimuHakurei- has used FPS Counter :)
[2025-06-03 19:33:46] -ReimuHakurei- has used FPS Counter :)
[2025-06-03 19:33:46] -ReimuHakurei- has used FPS Counter :)
[2025-06-03 19:33:46] -ReimuHakurei- has used FPS Counter :)
[2025-06-03 19:33:46] -ReimuHakurei- has used FPS Counter :)
[2025-06-03 19:33:46] -ReimuHakurei- has used FPS Counter :)
[2025-06-03 19:33:46] -ReimuHakurei- has used FPS Counter :)
[2025-06-03 19:33:46] -ReimuHakurei- has used FPS Counter :)
[2025-06-03 19:33:46] -ReimuHakurei- has used FPS Counter :)
[2025-06-03 19:33:46] -ReimuHakurei- has used FPS Counter :)
[2025-06-03 19:33:46] -ReimuHakurei- has used FPS Counter :)
[2025-06-03 19:33:46] -ReimuHakurei- has used FPS Counter :)
[2025-06-03 19:33:46] -ReimuHakurei- has used FPS Counter :)
[2025-06-03 19:33:46] -ReimuHakurei- has used FPS Counter :)
[2025-06-03 19:33:46] -ReimuHakurei- has used FPS Counter :)
[2025-06-03 19:33:46] -ReimuHakurei- has used FPS Counter :)
[2025-06-03 19:33:46] -ReimuHakurei- has used FPS Counter :)
[2025-06-03 19:33:46] -ReimuHakurei- has used FPS Counter :)
[2025-06-03 19:33:46] -ReimuHakurei- has used FPS Counter :)
[2025-06-03 19:33:46] -ReimuHakurei- has used FPS Counter :)
[2025-06-03 19:33:46] -ReimuHakurei- has used FPS Counter :)
[2025-06-03 19:33:46] -ReimuHakurei- has used FPS Counter :)
[2025-06-03 19:33:46] -ReimuHakurei- has used FPS Counter :)
[2025-06-03 19:33:46] -ReimuHakurei- has used FPS Counter :)
[2025-06-03 19:33:47] -ReimuHakurei- has used FPS Counter :)
[2025-06-03 19:33:47] -ReimuHakurei- has used FPS Counter :)
[2025-06-03 19:33:47] -ReimuHakurei- has used FPS Counter :)
[2025-06-03 19:33:47] -ReimuHakurei- has used FPS Counter :)
[2025-06-03 19:33:47] -ReimuHakurei- has used FPS Counter :)
[2025-06-03 19:33:47] -ReimuHakurei- has used FPS Counter :)
[2025-06-03 19:33:47] -ReimuHakurei- has used FPS Counter :)
[2025-06-03 19:33:47] -ReimuHakurei- has used FPS Counter :)
[2025-06-03 19:33:47] -ReimuHakurei- has used FPS Counter :)
[2025-06-03 19:33:47] -ReimuHakurei- has used FPS Counter :)
[2025-06-03 19:33:47] -ReimuHakurei- has used FPS Counter :)
[2025-06-03 19:33:47] -ReimuHakurei- has used FPS Counter :)
[2025-06-03 19:33:47] -ReimuHakurei- has used FPS Counter :)
[2025-06-03 19:33:47] -ReimuHakurei- has used FPS Counter :)
[2025-06-03 19:33:47] -ReimuHakurei- has used FPS Counter :)
[2025-06-03 19:33:47] -ReimuHakurei- has used FPS Counter :)
[2025-06-03 19:33:47] -ReimuHakurei- has used FPS Counter :)
[2025-06-03 19:33:47] -ReimuHakurei- has used FPS Counter :)
[2025-06-03 19:33:47] -ReimuHakurei- has used FPS Counter :)
[2025-06-03 19:33:47] -ReimuHakurei- has used FPS Counter :)
[2025-06-03 19:33:47] -ReimuHakurei- has used FPS Counter :)
[2025-06-03 19:33:47] -ReimuHakurei- has used FPS Counter :)
[2025-06-03 19:33:47] -ReimuHakurei- has used FPS Counter :)
[2025-06-03 19:33:47] -ReimuHakurei- has used FPS Counter :)
[2025-06-03 19:33:47] -ReimuHakurei- has used FPS Counter :)
[2025-06-03 19:33:47] -ReimuHakurei- has used FPS Counter :)
[2025-06-03 19:33:47] -ReimuHakurei- has used FPS Counter :)
[2025-06-03 19:33:47] -ReimuHakurei- has used FPS Counter :)
[2025-06-03 19:33:47] -ReimuHakurei- has used FPS Counter :)
[2025-06-03 19:33:47] -ReimuHakurei- has used FPS Counter :)
[2025-06-03 19:33:47] -ReimuHakurei- has used FPS Counter :)
[2025-06-03 19:33:47] -ReimuHakurei- has used FPS Counter :)
[2025-06-03 19:33:47] -ReimuHakurei- has used FPS Counter :)
[2025-06-03 19:33:47] -ReimuHakurei- has used FPS Counter :)
[2025-06-03 19:33:47] -ReimuHakurei- has used FPS Counter :)
[2025-06-03 19:33:47] -ReimuHakurei- has used FPS Counter :)
[2025-06-03 19:33:47] -ReimuHakurei- has used FPS Counter :)
[2025-06-03 19:33:47] -ReimuHakurei- has used FPS Counter :)
[2025-06-03 19:33:47] -ReimuHakurei- has used FPS Counter :)
[2025-06-03 19:33:47] -ReimuHakurei- has used FPS Counter :)
[2025-06-03 19:33:47] -ReimuHakurei- has used FPS Counter :)
[2025-06-03 19:33:47] -ReimuHakurei- has used FPS Counter :)
[2025-06-03 19:33:47] -ReimuHakurei- has used FPS Counter :)
[2025-06-03 19:33:47] -ReimuHakurei- has used FPS Counter :)
[2025-06-03 19:33:47] -ReimuHakurei- has used FPS Counter :)
[2025-06-03 19:33:47] -ReimuHakurei- has used FPS Counter :)
[2025-06-03 19:33:47] -ReimuHakurei- has used FPS Counter :)
[2025-06-03 19:33:47] -ReimuHakurei- has used FPS Counter :)
[2025-06-03 19:33:47] -ReimuHakurei- has used FPS Counter :)
[2025-06-03 19:33:47] -ReimuHakurei- has used FPS Counter :)
[2025-06-03 19:33:47] -ReimuHakurei- has used FPS Counter :)
[2025-06-03 19:33:47] -ReimuHakurei- has used FPS Counter :)
[2025-06-03 19:33:47] -ReimuHakurei- has used FPS Counter :)
[2025-06-03 19:33:47] -ReimuHakurei- has used FPS Counter :)
[2025-06-03 19:33:47] -ReimuHakurei- has used FPS Counter :)
[2025-06-03 19:33:47] -ReimuHakurei- has used FPS Counter :)
[2025-06-03 19:33:47] -ReimuHakurei- has used FPS Counter :)
[2025-06-03 19:33:47] -ReimuHakurei- has used FPS Counter :)
[2025-06-03 19:33:47] -ReimuHakurei- has used FPS Counter :)
[2025-06-03 19:33:47] -ReimuHakurei- has used FPS Counter :)
[2025-06-03 19:33:48] -ReimuHakurei- has used FPS Counter :)
[2025-06-03 19:33:48] -ReimuHakurei- has used FPS Counter :)
[2025-06-03 19:33:48] -ReimuHakurei- has used FPS Counter :)
[2025-06-03 19:33:48] -ReimuHakurei- has used FPS Counter :)
[2025-06-03 19:33:48] -ReimuHakurei- has used FPS Counter :)
[2025-06-03 19:33:48] -ReimuHakurei- has used FPS Counter :)
[2025-06-03 19:33:48] -ReimuHakurei- has used FPS Counter :)
[2025-06-03 19:33:48] -ReimuHakurei- has used FPS Counter :)
[2025-06-03 19:33:48] -ReimuHakurei- has used FPS Counter :)
[2025-06-03 19:33:48] -ReimuHakurei- has used FPS Counter :)
[2025-06-03 19:33:48] -ReimuHakurei- has used FPS Counter :)
[2025-06-03 19:33:48] -ReimuHakurei- has used FPS Counter :)
[2025-06-03 19:33:48] -ReimuHakurei- has used FPS Counter :)
[2025-06-03 19:33:48] -ReimuHakurei- has used FPS Counter :)
[2025-06-03 19:33:48] -ReimuHakurei- has used FPS Counter :)
[2025-06-03 19:33:48] -ReimuHakurei- has used FPS Counter :)
[2025-06-03 19:33:48] -ReimuHakurei- has used FPS Counter :)
[2025-06-03 19:33:48] -ReimuHakurei- has used FPS Counter :)
[2025-06-03 19:33:48] -ReimuHakurei- has used FPS Counter :)
[2025-06-03 19:33:48] -ReimuHakurei- has used FPS Counter :)
[2025-06-03 19:33:48] -ReimuHakurei- has used FPS Counter :)
[2025-06-03 19:33:48] -ReimuHakurei- has used FPS Counter :)
[2025-06-03 19:33:48] -ReimuHakurei- has used FPS Counter :)
[2025-06-03 19:33:48] -ReimuHakurei- has used FPS Counter :)
[2025-06-03 19:33:48] -ReimuHakurei- has used FPS Counter :)
[2025-06-03 19:33:48] -ReimuHakurei- has used FPS Counter :)
[2025-06-03 19:33:48] -ReimuHakurei- has used FPS Counter :)
[2025-06-03 19:33:48] -ReimuHakurei- has used FPS Counter :)
[2025-06-03 19:33:48] -ReimuHakurei- has used FPS Counter :)
[2025-06-03 19:33:48] -ReimuHakurei- has used FPS Counter :)
[2025-06-03 19:33:48] -ReimuHakurei- has used FPS Counter :)
[2025-06-03 19:33:48] -ReimuHakurei- has used FPS Counter :)
[2025-06-03 19:33:48] -ReimuHakurei- has used FPS Counter :)
[2025-06-03 19:33:48] -ReimuHakurei- has used FPS Counter :)
[2025-06-03 19:33:48] -ReimuHakurei- has used FPS Counter :)
[2025-06-03 19:33:48] -ReimuHakurei- has used FPS Counter :)
[2025-06-03 19:33:48] -ReimuHakurei- has used FPS Counter :)
[2025-06-03 19:33:48] -ReimuHakurei- has used FPS Counter :)
[2025-06-03 19:33:48] -ReimuHakurei- has used FPS Counter :)
[2025-06-03 19:33:48] -ReimuHakurei- has used FPS Counter :)
[2025-06-03 19:33:48] -ReimuHakurei- has used FPS Counter :)
[2025-06-03 19:33:48] -ReimuHakurei- has used FPS Counter :)
[2025-06-03 19:33:48] -ReimuHakurei- has used FPS Counter :)
[2025-06-03 19:33:48] -ReimuHakurei- has used FPS Counter :)
[2025-06-03 19:33:48] -ReimuHakurei- has used FPS Counter :)
[2025-06-03 19:33:48] -ReimuHakurei- has used FPS Counter :)
[2025-06-03 19:33:48] -ReimuHakurei- has used FPS Counter :)
[2025-06-03 19:33:48] -ReimuHakurei- has used FPS Counter :)
[2025-06-03 19:33:48] -ReimuHakurei- has used FPS Counter :)
[2025-06-03 19:33:48] -ReimuHakurei- has used FPS Counter :)
[2025-06-03 19:33:48] -ReimuHakurei- has used FPS Counter :)
[2025-06-03 19:33:48] -ReimuHakurei- has used FPS Counter :)
[2025-06-03 19:33:48] -ReimuHakurei- has used FPS Counter :)
[2025-06-03 19:33:48] -ReimuHakurei- has used FPS Counter :)
[2025-06-03 19:33:48] -ReimuHakurei- has used FPS Counter :)
[2025-06-03 19:33:48] -ReimuHakurei- has used FPS Counter :)
[2025-06-03 19:33:48] -ReimuHakurei- has used FPS Counter :)
[2025-06-03 19:33:48] -ReimuHakurei- has used FPS Counter :)
[2025-06-03 19:33:48] -ReimuHakurei- has used FPS Counter :)
[2025-06-03 19:33:48] -ReimuHakurei- has used FPS Counter :)
[2025-06-03 19:33:48] -ReimuHakurei- has used FPS Counter :)
[2025-06-03 19:33:49] -ReimuHakurei- has used FPS Counter :)
[2025-06-03 19:33:49] -ReimuHakurei- has used FPS Counter :)
[2025-06-03 19:33:49] -ReimuHakurei- has used FPS Counter :)
[2025-06-03 19:33:49] -ReimuHakurei- has used FPS Counter :)
[2025-06-03 19:33:49] -ReimuHakurei- has used FPS Counter :)
[2025-06-03 19:33:49] -ReimuHakurei- has used FPS Counter :)
[2025-06-03 19:33:49] -ReimuHakurei- has used FPS Counter :)
[2025-06-03 19:33:49] -ReimuHakurei- has used FPS Counter :)
[2025-06-03 19:33:49] -ReimuHakurei- has used FPS Counter :)
[2025-06-03 19:33:49] -ReimuHakurei- has used FPS Counter :)
[2025-06-03 19:33:49] -ReimuHakurei- has used FPS Counter :)
[2025-06-03 19:33:49] -ReimuHakurei- has used FPS Counter :)
[2025-06-03 19:33:49] -ReimuHakurei- has used FPS Counter :)
[2025-06-03 19:33:49] -ReimuHakurei- has used FPS Counter :)
[2025-06-03 19:33:49] -ReimuHakurei- has used FPS Counter :)
[2025-06-03 19:33:49] -ReimuHakurei- has used FPS Counter :)
[2025-06-03 19:33:49] -ReimuHakurei- has used FPS Counter :)
[2025-06-03 19:33:49] -ReimuHakurei- has used FPS Counter :)
[2025-06-03 19:33:49] -ReimuHakurei- has used FPS Counter :)
[2025-06-03 19:33:49] -ReimuHakurei- has used FPS Counter :)
[2025-06-03 19:33:49] -ReimuHakurei- has used FPS Counter :)
[2025-06-03 19:33:49] -ReimuHakurei- has used FPS Counter :)
[2025-06-03 19:33:49] -ReimuHakurei- has used FPS Counter :)
[2025-06-03 19:33:49] -ReimuHakurei- has used FPS Counter :)
[2025-06-03 19:33:49] -ReimuHakurei- has used FPS Counter :)
[2025-06-03 19:33:49] -ReimuHakurei- has used FPS Counter :)
[2025-06-03 19:33:49] -ReimuHakurei- has used FPS Counter :)
[2025-06-03 19:33:49] -ReimuHakurei- has used FPS Counter :)
[2025-06-03 19:33:49] -ReimuHakurei- has used FPS Counter :)
[2025-06-03 19:33:49] -ReimuHakurei- has used FPS Counter :)
[2025-06-03 19:33:49] -ReimuHakurei- has used FPS Counter :)
[2025-06-03 19:33:49] -ReimuHakurei- has used FPS Counter :)
[2025-06-03 19:33:49] -ReimuHakurei- has used FPS Counter :)
[2025-06-03 19:33:49] -ReimuHakurei- has used FPS Counter :)
[2025-06-03 19:33:49] -ReimuHakurei- has used FPS Counter :)
[2025-06-03 19:33:49] -ReimuHakurei- has used FPS Counter :)
[2025-06-03 19:33:49] -ReimuHakurei- has used FPS Counter :)
[2025-06-03 19:33:49] -ReimuHakurei- has used FPS Counter :)
[2025-06-03 19:33:49] -ReimuHakurei- has used FPS Counter :)
[2025-06-03 19:33:49] -ReimuHakurei- has used FPS Counter :)
[2025-06-03 19:33:49] -ReimuHakurei- has used FPS Counter :)
[2025-06-03 19:33:49] -ReimuHakurei- has used FPS Counter :)
[2025-06-03 19:33:49] -ReimuHakurei- has used FPS Counter :)
[2025-06-03 19:33:49] -ReimuHakurei- has used FPS Counter :)
[2025-06-03 19:33:49] -ReimuHakurei- has used FPS Counter :)
[2025-06-03 19:33:49] -ReimuHakurei- has used FPS Counter :)
[2025-06-03 19:33:49] -ReimuHakurei- has used FPS Counter :)
[2025-06-03 19:33:49] -ReimuHakurei- has used FPS Counter :)
[2025-06-03 19:33:49] -ReimuHakurei- has used FPS Counter :)
[2025-06-03 19:33:49] -ReimuHakurei- has used FPS Counter :)
[2025-06-03 19:33:49] -ReimuHakurei- has used FPS Counter :)
[2025-06-03 19:33:49] -ReimuHakurei- has used FPS Counter :)
[2025-06-03 19:33:49] -ReimuHakurei- has used FPS Counter :)
[2025-06-03 19:33:49] -ReimuHakurei- has used FPS Counter :)
[2025-06-03 19:33:49] -ReimuHakurei- has used FPS Counter :)
[2025-06-03 19:33:49] -ReimuHakurei- has used FPS Counter :)
[2025-06-03 19:33:49] -ReimuHakurei- has used FPS Counter :)
[2025-06-03 19:33:49] -ReimuHakurei- has used FPS Counter :)
[2025-06-03 19:33:49] -ReimuHakurei- has used FPS Counter :)
[2025-06-03 19:33:49] -ReimuHakurei- has used FPS Counter :)
[2025-06-03 19:33:50] -ReimuHakurei- has used FPS Counter :)
[2025-06-03 19:33:50] -ReimuHakurei- has used FPS Counter :)
[2025-06-03 19:33:50] -ReimuHakurei- has used FPS Counter :)
[2025-06-03 19:33:50] -ReimuHakurei- has used FPS Counter :)
[2025-06-03 19:33:50] -ReimuHakurei- has used FPS Counter :)
[2025-06-03 19:33:50] -ReimuHakurei- has used FPS Counter :)
[2025-06-03 19:33:50] -ReimuHakurei- has used FPS Counter :)
[2025-06-03 19:33:50] -ReimuHakurei- has used FPS Counter :)
[2025-06-03 19:33:50] -ReimuHakurei- has used FPS Counter :)
[2025-06-03 19:33:50] -ReimuHakurei- has used FPS Counter :)
[2025-06-03 19:33:50] -ReimuHakurei- has used FPS Counter :)
[2025-06-03 19:33:50] -ReimuHakurei- has used FPS Counter :)
[2025-06-03 19:33:50] -ReimuHakurei- has used FPS Counter :)
[2025-06-03 19:33:50] -ReimuHakurei- has used FPS Counter :)
[2025-06-03 19:33:50] -ReimuHakurei- has used FPS Counter :)
[2025-06-03 19:33:50] -ReimuHakurei- has used FPS Counter :)
[2025-06-03 19:33:50] -ReimuHakurei- has used FPS Counter :)
[2025-06-03 19:33:50] -ReimuHakurei- has used FPS Counter :)
[2025-06-03 19:33:50] -ReimuHakurei- has used FPS Counter :)
[2025-06-03 19:33:50] -ReimuHakurei- has used FPS Counter :)
[2025-06-03 19:33:50] -ReimuHakurei- has used FPS Counter :)
[2025-06-03 19:33:50] -ReimuHakurei- has used FPS Counter :)
[2025-06-03 19:33:50] -ReimuHakurei- has used FPS Counter :)
[2025-06-03 19:33:50] -ReimuHakurei- has used FPS Counter :)
[2025-06-03 19:33:50] -ReimuHakurei- has used FPS Counter :)
[2025-06-03 19:33:50] -ReimuHakurei- has used FPS Counter :)
[2025-06-03 19:33:50] -ReimuHakurei- has used FPS Counter :)
[2025-06-03 19:33:50] -ReimuHakurei- has used FPS Counter :)
[2025-06-03 19:33:50] -ReimuHakurei- has used FPS Counter :)
[2025-06-03 19:33:50] -ReimuHakurei- has used FPS Counter :)
[2025-06-03 19:33:50] -ReimuHakurei- has used FPS Counter :)
[2025-06-03 19:33:50] -ReimuHakurei- has used FPS Counter :)
[2025-06-03 19:33:50] -ReimuHakurei- has used FPS Counter :)
[2025-06-03 19:33:50] -ReimuHakurei- has used FPS Counter :)
[2025-06-03 19:33:50] -ReimuHakurei- has used FPS Counter :)
[2025-06-03 19:33:50] -ReimuHakurei- has used FPS Counter :)
[2025-06-03 19:33:50] -ReimuHakurei- has used FPS Counter :)
[2025-06-03 19:33:50] -ReimuHakurei- has used FPS Counter :)
[2025-06-03 19:33:50] -ReimuHakurei- has used FPS Counter :)
[2025-06-03 19:33:50] -ReimuHakurei- has used FPS Counter :)
[2025-06-03 19:33:50] -ReimuHakurei- has used FPS Counter :)
[2025-06-03 19:33:50] -ReimuHakurei- has used FPS Counter :)
[2025-06-03 19:33:50] -ReimuHakurei- has used FPS Counter :)
[2025-06-03 19:33:50] -ReimuHakurei- has used FPS Counter :)
[2025-06-03 19:33:50] -ReimuHakurei- has used FPS Counter :)
[2025-06-03 19:33:50] -ReimuHakurei- has used FPS Counter :)
[2025-06-03 19:33:50] -ReimuHakurei- has used FPS Counter :)
[2025-06-03 19:33:50] -ReimuHakurei- has used FPS Counter :)
[2025-06-03 19:33:50] -ReimuHakurei- has used FPS Counter :)
[2025-06-03 19:33:50] -ReimuHakurei- has used FPS Counter :)
[2025-06-03 19:33:50] -ReimuHakurei- has used FPS Counter :)
[2025-06-03 19:33:50] -ReimuHakurei- has used FPS Counter :)
[2025-06-03 19:33:50] -ReimuHakurei- has used FPS Counter :)
[2025-06-03 19:33:50] -ReimuHakurei- has used FPS Counter :)
[2025-06-03 19:33:50] -ReimuHakurei- has used FPS Counter :)
[2025-06-03 19:33:50] -ReimuHakurei- has used FPS Counter :)
[2025-06-03 19:33:50] -ReimuHakurei- has used FPS Counter :)
[2025-06-03 19:33:50] -ReimuHakurei- has used FPS Counter :)
[2025-06-03 19:33:50] -ReimuHakurei- has used FPS Counter :)
[2025-06-03 19:33:50] -ReimuHakurei- has used FPS Counter :)
[2025-06-03 19:33:51] -ReimuHakurei- has used FPS Counter :)
[2025-06-03 19:33:51] -ReimuHakurei- has used FPS Counter :)
[2025-06-03 19:33:51] -ReimuHakurei- has used FPS Counter :)
[2025-06-03 19:33:51] -ReimuHakurei- has used FPS Counter :)
[2025-06-03 19:33:51] -ReimuHakurei- has used FPS Counter :)
[2025-06-03 19:33:51] -ReimuHakurei- has used FPS Counter :)
[2025-06-03 19:33:51] -ReimuHakurei- has used FPS Counter :)
[2025-06-03 19:33:51] -ReimuHakurei- has used FPS Counter :)
[2025-06-03 19:33:51] -ReimuHakurei- has used FPS Counter :)
[2025-06-03 19:33:51] -ReimuHakurei- has used FPS Counter :)
[2025-06-03 19:33:51] -ReimuHakurei- has used FPS Counter :)
[2025-06-03 19:33:51] -ReimuHakurei- has used FPS Counter :)
[2025-06-03 19:33:51] -ReimuHakurei- has used FPS Counter :)
[2025-06-03 19:33:51] -ReimuHakurei- has used FPS Counter :)
[2025-06-03 19:33:51] -ReimuHakurei- has used FPS Counter :)
[2025-06-03 19:33:51] -ReimuHakurei- has used FPS Counter :)
[2025-06-03 19:33:51] -ReimuHakurei- has used FPS Counter :)
[2025-06-03 19:33:51] -ReimuHakurei- has used FPS Counter :)
[2025-06-03 19:33:51] -ReimuHakurei- has used FPS Counter :)
[2025-06-03 19:33:51] -ReimuHakurei- has used FPS Counter :)
[2025-06-03 19:33:51] -ReimuHakurei- has used FPS Counter :)
[2025-06-03 19:33:51] -ReimuHakurei- has used FPS Counter :)
[2025-06-03 19:33:51] -ReimuHakurei- has used FPS Counter :)
[2025-06-03 19:33:51] -ReimuHakurei- has used FPS Counter :)
[2025-06-03 19:33:51] -ReimuHakurei- has used FPS Counter :)
[2025-06-03 19:33:51] -ReimuHakurei- has used FPS Counter :)
[2025-06-03 19:33:51] -ReimuHakurei- has used FPS Counter :)
[2025-06-03 19:33:51] -ReimuHakurei- has used FPS Counter :)
[2025-06-03 19:33:51] -ReimuHakurei- has used FPS Counter :)
[2025-06-03 19:33:51] -ReimuHakurei- has used FPS Counter :)
[2025-06-03 19:33:51] -ReimuHakurei- has used FPS Counter :)
[2025-06-03 19:33:51] -ReimuHakurei- has used FPS Counter :)
[2025-06-03 19:33:51] -ReimuHakurei- has used FPS Counter :)
[2025-06-03 19:33:51] -ReimuHakurei- has used FPS Counter :)
[2025-06-03 19:33:51] -ReimuHakurei- has used FPS Counter :)
[2025-06-03 19:33:51] -ReimuHakurei- has used FPS Counter :)
[2025-06-03 19:33:51] -ReimuHakurei- has used FPS Counter :)
[2025-06-03 19:33:51] -ReimuHakurei- has used FPS Counter :)
[2025-06-03 19:33:51] -ReimuHakurei- has used FPS Counter :)
[2025-06-03 19:33:51] -ReimuHakurei- has used FPS Counter :)
[2025-06-03 19:33:51] -ReimuHakurei- has used FPS Counter :)
[2025-06-03 19:33:51] -ReimuHakurei- has used FPS Counter :)
[2025-06-03 19:33:51] -ReimuHakurei- has used FPS Counter :)
[2025-06-03 19:33:51] -ReimuHakurei- has used FPS Counter :)
[2025-06-03 19:33:51] -ReimuHakurei- has used FPS Counter :)
[2025-06-03 19:33:51] -ReimuHakurei- has used FPS Counter :)
[2025-06-03 19:33:51] -ReimuHakurei- has used FPS Counter :)
[2025-06-03 19:33:51] -ReimuHakurei- has used FPS Counter :)
[2025-06-03 19:33:51] -ReimuHakurei- has used FPS Counter :)
[2025-06-03 19:33:51] -ReimuHakurei- has used FPS Counter :)
[2025-06-03 19:33:51] -ReimuHakurei- has used FPS Counter :)
[2025-06-03 19:33:51] -ReimuHakurei- has used FPS Counter :)
[2025-06-03 19:33:51] -ReimuHakurei- has used FPS Counter :)
[2025-06-03 19:33:51] -ReimuHakurei- has used FPS Counter :)
[2025-06-03 19:33:51] -ReimuHakurei- has used FPS Counter :)
[2025-06-03 19:33:51] -ReimuHakurei- has used FPS Counter :)
[2025-06-03 19:33:51] -ReimuHakurei- has used FPS Counter :)
[2025-06-03 19:33:51] -ReimuHakurei- has used FPS Counter :)
[2025-06-03 19:33:51] -ReimuHakurei- has used FPS Counter :)
[2025-06-03 19:33:51] -ReimuHakurei- has used FPS Counter :)
[2025-06-03 19:33:51] -ReimuHakurei- has used FPS Counter :)
[2025-06-03 19:33:52] -ReimuHakurei- has used FPS Counter :)
[2025-06-03 19:33:52] -ReimuHakurei- has used FPS Counter :)
[2025-06-03 19:33:52] -ReimuHakurei- has used FPS Counter :)
[2025-06-03 19:33:52] -ReimuHakurei- has used FPS Counter :)
[2025-06-03 19:33:52] -ReimuHakurei- has used FPS Counter :)
[2025-06-03 19:33:52] -ReimuHakurei- has used FPS Counter :)
[2025-06-03 19:33:52] -ReimuHakurei- has used FPS Counter :)
[2025-06-03 19:33:52] -ReimuHakurei- has used FPS Counter :)
[2025-06-03 19:33:52] -ReimuHakurei- has used FPS Counter :)
[2025-06-03 19:33:52] -ReimuHakurei- has used FPS Counter :)
[2025-06-03 19:33:52] -ReimuHakurei- has used FPS Counter :)
[2025-06-03 19:33:52] -ReimuHakurei- has used FPS Counter :)
[2025-06-03 19:33:52] -ReimuHakurei- has used FPS Counter :)
[2025-06-03 19:33:52] -ReimuHakurei- has used FPS Counter :)
[2025-06-03 19:33:52] -ReimuHakurei- has used FPS Counter :)
[2025-06-03 19:33:52] -ReimuHakurei- has used FPS Counter :)
[2025-06-03 19:33:52] -ReimuHakurei- has used FPS Counter :)
[2025-06-03 19:33:52] -ReimuHakurei- has used FPS Counter :)
[2025-06-03 19:33:52] -ReimuHakurei- has used FPS Counter :)
[2025-06-03 19:33:52] -ReimuHakurei- has used FPS Counter :)
[2025-06-03 19:33:52] -ReimuHakurei- has used FPS Counter :)
[2025-06-03 19:33:52] -ReimuHakurei- has used FPS Counter :)
[2025-06-03 19:33:52] -ReimuHakurei- has used FPS Counter :)
[2025-06-03 19:33:52] -ReimuHakurei- has used FPS Counter :)
[2025-06-03 19:33:52] -ReimuHakurei- has used FPS Counter :)
[2025-06-03 19:33:52] -ReimuHakurei- has used FPS Counter :)
[2025-06-03 19:33:52] -ReimuHakurei- has used FPS Counter :)
[2025-06-03 19:33:52] -ReimuHakurei- has used FPS Counter :)
[2025-06-03 19:33:52] -ReimuHakurei- has used FPS Counter :)
[2025-06-03 19:33:52] -ReimuHakurei- has used FPS Counter :)
[2025-06-03 19:33:52] -ReimuHakurei- has used FPS Counter :)
[2025-06-03 19:33:52] -ReimuHakurei- has used FPS Counter :)
[2025-06-03 19:33:52] -ReimuHakurei- has used FPS Counter :)
[2025-06-03 19:33:52] -ReimuHakurei- has used FPS Counter :)
[2025-06-03 19:33:52] -ReimuHakurei- has used FPS Counter :)
[2025-06-03 19:33:52] -ReimuHakurei- has used FPS Counter :)
[2025-06-03 19:33:52] -ReimuHakurei- has used FPS Counter :)
[2025-06-03 19:33:52] -ReimuHakurei- has used FPS Counter :)
[2025-06-03 19:33:52] -ReimuHakurei- has used FPS Counter :)
[2025-06-03 19:33:52] -ReimuHakurei- has used FPS Counter :)
[2025-06-03 19:33:52] -ReimuHakurei- has used FPS Counter :)
[2025-06-03 19:33:52] -ReimuHakurei- has used FPS Counter :)
[2025-06-03 19:33:52] -ReimuHakurei- has used FPS Counter :)
[2025-06-03 19:33:52] -ReimuHakurei- has used FPS Counter :)
[2025-06-03 19:33:52] -ReimuHakurei- has used FPS Counter :)
[2025-06-03 19:33:52] -ReimuHakurei- has used FPS Counter :)
[2025-06-03 19:33:52] -ReimuHakurei- has used FPS Counter :)
[2025-06-03 19:33:52] -ReimuHakurei- has used FPS Counter :)
[2025-06-03 19:33:52] -ReimuHakurei- has used FPS Counter :)
[2025-06-03 19:33:52] -ReimuHakurei- has used FPS Counter :)
[2025-06-03 19:33:52] -ReimuHakurei- has used FPS Counter :)
[2025-06-03 19:33:52] -ReimuHakurei- has used FPS Counter :)
[2025-06-03 19:33:52] -ReimuHakurei- has used FPS Counter :)
[2025-06-03 19:33:52] -ReimuHakurei- has used FPS Counter :)
[2025-06-03 19:33:52] -ReimuHakurei- has used FPS Counter :)
[2025-06-03 19:33:52] -ReimuHakurei- has used FPS Counter :)
[2025-06-03 19:33:52] -ReimuHakurei- has used FPS Counter :)
[2025-06-03 19:33:52] -ReimuHakurei- has used FPS Counter :)
[2025-06-03 19:33:52] -ReimuHakurei- has used FPS Counter :)
[2025-06-03 19:33:52] -ReimuHakurei- has used FPS Counter :)
[2025-06-03 19:33:53] -ReimuHakurei- has used FPS Counter :)
[2025-06-03 19:33:53] -ReimuHakurei- has used FPS Counter :)
[2025-06-03 19:33:53] -ReimuHakurei- has used FPS Counter :)
[2025-06-03 19:33:53] -ReimuHakurei- has used FPS Counter :)
[2025-06-03 19:33:53] -ReimuHakurei- has used FPS Counter :)
[2025-06-03 19:33:53] -ReimuHakurei- has used FPS Counter :)
[2025-06-03 19:33:53] -ReimuHakurei- has used FPS Counter :)
[2025-06-03 19:33:53] -ReimuHakurei- has used FPS Counter :)
[2025-06-03 19:33:53] -ReimuHakurei- has used FPS Counter :)
[2025-06-03 19:33:53] -ReimuHakurei- has used FPS Counter :)
[2025-06-03 19:33:53] -ReimuHakurei- has used FPS Counter :)
[2025-06-03 19:33:53] -ReimuHakurei- has used FPS Counter :)
[2025-06-03 19:33:53] -ReimuHakurei- has used FPS Counter :)
[2025-06-03 19:33:53] -ReimuHakurei- has used FPS Counter :)
[2025-06-03 19:33:53] -ReimuHakurei- has used FPS Counter :)
[2025-06-03 19:33:53] -ReimuHakurei- has used FPS Counter :)
[2025-06-03 19:33:53] -ReimuHakurei- has used FPS Counter :)
[2025-06-03 19:33:53] -ReimuHakurei- has used FPS Counter :)
[2025-06-03 19:33:53] -ReimuHakurei- has used FPS Counter :)
[2025-06-03 19:33:53] -ReimuHakurei- has used FPS Counter :)
[2025-06-03 19:33:53] -ReimuHakurei- has used FPS Counter :)
[2025-06-03 19:33:53] -ReimuHakurei- has used FPS Counter :)
[2025-06-03 19:33:53] -ReimuHakurei- has used FPS Counter :)
[2025-06-03 19:33:53] -ReimuHakurei- has used FPS Counter :)
[2025-06-03 19:33:53] -ReimuHakurei- has used FPS Counter :)
[2025-06-03 19:33:53] -ReimuHakurei- has used FPS Counter :)
[2025-06-03 19:33:53] -ReimuHakurei- has used FPS Counter :)
[2025-06-03 19:33:53] -ReimuHakurei- has used FPS Counter :)
[2025-06-03 19:33:53] -ReimuHakurei- has used FPS Counter :)
[2025-06-03 19:33:53] -ReimuHakurei- has used FPS Counter :)
[2025-06-03 19:33:53] -ReimuHakurei- has used FPS Counter :)
[2025-06-03 19:33:53] -ReimuHakurei- has used FPS Counter :)
[2025-06-03 19:33:53] -ReimuHakurei- has used FPS Counter :)
[2025-06-03 19:33:53] -ReimuHakurei- has used FPS Counter :)
[2025-06-03 19:33:53] -ReimuHakurei- has used FPS Counter :)
[2025-06-03 19:33:53] -ReimuHakurei- has used FPS Counter :)
[2025-06-03 19:33:53] -ReimuHakurei- has used FPS Counter :)
[2025-06-03 19:33:53] -ReimuHakurei- has used FPS Counter :)
[2025-06-03 19:33:53] -ReimuHakurei- has used FPS Counter :)
[2025-06-03 19:33:53] -ReimuHakurei- has used FPS Counter :)
[2025-06-03 19:33:53] -ReimuHakurei- has used FPS Counter :)
[2025-06-03 19:33:53] -ReimuHakurei- has used FPS Counter :)
[2025-06-03 19:33:53] -ReimuHakurei- has used FPS Counter :)
[2025-06-03 19:33:53] -ReimuHakurei- has used FPS Counter :)
[2025-06-03 19:33:53] -ReimuHakurei- has used FPS Counter :)
[2025-06-03 19:33:53] -ReimuHakurei- has used FPS Counter :)
[2025-06-03 19:33:53] -ReimuHakurei- has used FPS Counter :)
[2025-06-03 19:33:53] -ReimuHakurei- has used FPS Counter :)
[2025-06-03 19:33:53] -ReimuHakurei- has left the game
[2025-06-03 19:35:05] -ReimuHakurei- has joined the game!
[2025-06-03 19:35:06] Player started the game from menu
[2025-06-03 19:35:51] -ReimuHakurei- has left the game
[2025-06-03 19:35:55] -ReimuHakurei- has joined the game!
[2025-06-03 19:38:52] -ReimuHakurei- has left the game
[2025-06-03 19:40:49] -ReimuHakurei- has joined the game!
[2025-06-03 19:40:49] -ReimuHakurei- has used FPS Counter :)
[2025-06-03 19:40:50] -ReimuHakurei- started the game from menu
[2025-06-03 19:43:32] -ReimuHakurei- has left the game
[2025-06-03 19:48:07] =====================================
-ReimuHakurei- has joined the game!
[2025-06-03 19:48:07] -ReimuHakurei- has used FPS Counter :)
[2025-06-03 19:48:19] -ReimuHakurei- started the game from menu
[2025-06-03 19:48:20] Player moved to (100, 104)
[2025-06-03 19:48:20] Player moved to (100, 108)
[2025-06-03 19:48:20] Player moved to (100, 112)
[2025-06-03 19:48:20] Player moved to (100, 116)
[2025-06-03 19:48:20] Player moved to (100, 120)
[2025-06-03 19:48:20] Player moved to (100, 124)
[2025-06-03 19:48:20] Player moved to (100, 128)
[2025-06-03 19:48:20] Player moved to (100, 132)
[2025-06-03 19:48:20] Player moved to (100, 136)
[2025-06-03 19:48:20] Player moved to (100, 140)
[2025-06-03 19:48:20] Player moved to (100, 144)
[2025-06-03 19:48:20] Player moved to (100, 148)
[2025-06-03 19:48:21] Player moved to (100, 152)
[2025-06-03 19:48:21] Player moved to (100, 156)
[2025-06-03 19:48:21] Player moved to (100, 160)
[2025-06-03 19:48:21] Player moved to (100, 164)
[2025-06-03 19:48:21] Player moved to (100, 168)
[2025-06-03 19:48:21] Player moved to (100, 172)
[2025-06-03 19:48:21] Player moved to (100, 176)
[2025-06-03 19:48:21] Player moved to (100, 180)
[2025-06-03 19:48:21] Player moved to (100, 184)
[2025-06-03 19:48:21] Player moved to (100, 188)
[2025-06-03 19:48:21] Player moved to (100, 192)
[2025-06-03 19:48:21] Player moved to (100, 196)
[2025-06-03 19:48:21] Player moved to (100, 200)
[2025-06-03 19:48:21] Player moved to (100, 204)
[2025-06-03 19:48:21] Player moved to (100, 208)
[2025-06-03 19:48:22] =====================================
-ReimuHakurei- has left the game
[2025-06-03 19:48:45] =====================================
-ReimuHakurei- has joined the game!
[2025-06-03 19:48:45] -ReimuHakurei- has used FPS Counter :)
[2025-06-03 19:48:45] -ReimuHakurei- has left the game
=====================================

[2025-06-03 19:49:28] 
=====================================
-ReimuHakurei- has joined the game!
[2025-06-03 19:49:28] -ReimuHakurei- has used FPS Counter :)
[2025-06-03 19:49:29] -ReimuHakurei- has left the game
=====================================

[2025-06-08 13:50:12] 
=====================================
-ReimuHakurei- has joined the game!
[2025-06-08 13:50:12] -ReimuHakurei- has used FPS Counter :)
[2025-06-08 13:50:19] -ReimuHakurei- started the game from menu
[2025-06-08 13:50:21] Player moved to (100, 104)
[2025-06-08 13:50:21] Player moved to (100, 108)
[2025-06-08 13:50:21] Player moved to (100, 112)
[2025-06-08 13:50:21] Player moved to (100, 116)
[2025-06-08 13:50:21] Player moved to (100, 120)
[2025-06-08 13:50:21] Player moved to (100, 124)
[2025-06-08 13:50:21] Player moved to (104, 128)
[2025-06-08 13:50:21] Player moved to (108, 132)
[2025-06-08 13:50:22] Player moved to (112, 136)
[2025-06-08 13:50:22] Player moved to (116, 140)
[2025-06-08 13:50:22] Player moved to (120, 144)
[2025-06-08 13:50:22] Player moved to (124, 148)
[2025-06-08 13:50:22] Player moved to (128, 152)
[2025-06-08 13:50:22] Player moved to (132, 156)
[2025-06-08 13:50:22] Player moved to (136, 160)
[2025-06-08 13:50:22] Player moved to (140, 164)
[2025-06-08 13:50:22] Player moved to (144, 168)
[2025-06-08 13:50:22] Player moved to (148, 172)
[2025-06-08 13:50:22] Player moved to (152, 176)
[2025-06-08 13:50:22] Player moved to (156, 180)
[2025-06-08 13:50:22] Player moved to (160, 184)
[2025-06-08 13:50:22] Player moved to (164, 188)
[2025-06-08 13:50:22] Player moved to (168, 192)
[2025-06-08 13:50:22] Player moved to (172, 196)
[2025-06-08 13:50:22] Player moved to (176, 200)
[2025-06-08 13:50:22] Player moved to (180, 204)
[2025-06-08 13:50:22] Player moved to (184, 208)
[2025-06-08 13:50:22] Player moved to (188, 212)
[2025-06-08 13:50:22] Player moved to (192, 216)
[2025-06-08 13:50:22] Player moved to (196, 220)
[2025-06-08 13:50:22] Player moved to (200, 224)
[2025-06-08 13:50:22] Player moved to (204, 228)
[2025-06-08 13:50:22] Player moved to (208, 232)
[2025-06-08 13:50:22] Player moved to (212, 236)
[2025-06-08 13:50:22] Player moved to (216, 240)
[2025-06-08 13:50:22] Player moved to (220, 240)
[2025-06-08 13:50:22] Player moved to (224, 240)
[2025-06-08 13:50:22] Player moved to (228, 240)
[2025-06-08 13:50:22] Player moved to (232, 240)
[2025-06-08 13:50:22] Player moved to (236, 240)
[2025-06-08 13:50:22] Player moved to (240, 240)
[2025-06-08 13:50:22] Player moved to (244, 240)
[2025-06-08 13:50:22] Player moved to (248, 240)
[2025-06-08 13:50:22] Player moved to (252, 240)
[2025-06-08 13:50:22] Player moved to (256, 240)
[2025-06-08 13:50:22] Player moved to (260, 240)
[2025-06-08 13:50:22] Player moved to (264, 240)
[2025-06-08 13:50:22] Player moved to (268, 240)
[2025-06-08 13:50:22] Player moved to (272, 240)
[2025-06-08 13:50:22] Player moved to (276, 240)
[2025-06-08 13:50:22] Player moved to (280, 240)
[2025-06-08 13:50:22] Player moved to (284, 240)
[2025-06-08 13:50:22] Player moved to (288, 240)
[2025-06-08 13:50:22] Player moved to (292, 240)
[2025-06-08 13:50:22] Player moved to (296, 240)
[2025-06-08 13:50:22] Player moved to (300, 240)
[2025-06-08 13:50:22] Player moved to (304, 240)
[2025-06-08 13:50:22] Player moved to (308, 240)
[2025-06-08 13:50:22] Player moved to (312, 240)
[2025-06-08 13:50:22] Player moved to (316, 240)
[2025-06-08 13:50:22] Player moved to (320, 240)
[2025-06-08 13:50:22] Player moved to (324, 240)
[2025-06-08 13:50:22] Player moved to (328, 240)
[2025-06-08 13:50:22] Player moved to (332, 240)
[2025-06-08 13:50:22] Player moved to (336, 240)
[2025-06-08 13:50:22] Player moved to (340, 244)
[2025-06-08 13:50:22] Player moved to (344, 248)
[2025-06-08 13:50:22] Player moved to (348, 252)
[2025-06-08 13:50:22] Player moved to (352, 256)
[2025-06-08 13:50:23] Player moved to (356, 260)
[2025-06-08 13:50:23] Player moved to (360, 264)
[2025-06-08 13:50:23] Player moved to (364, 268)
[2025-06-08 13:50:23] Player moved to (368, 272)
[2025-06-08 13:50:23] Player moved to (372, 276)
[2025-06-08 13:50:23] Player moved to (376, 280)
[2025-06-08 13:50:23] Player moved to (380, 284)
[2025-06-08 13:50:23] Player moved to (384, 288)
[2025-06-08 13:50:23] Player moved to (388, 292)
[2025-06-08 13:50:23] Player moved to (392, 296)
[2025-06-08 13:50:23] Player moved to (396, 300)
[2025-06-08 13:50:23] Player moved to (400, 304)
[2025-06-08 13:50:23] Player moved to (404, 308)
[2025-06-08 13:50:23] Player moved to (408, 312)
[2025-06-08 13:50:23] Player moved to (412, 316)
[2025-06-08 13:50:23] Player moved to (416, 316)
[2025-06-08 13:50:23] Player moved to (420, 316)
[2025-06-08 13:50:23] Player moved to (424, 316)
[2025-06-08 13:50:23] Player moved to (428, 316)
[2025-06-08 13:50:23] Player moved to (432, 316)
[2025-06-08 13:50:23] Player moved to (436, 316)
[2025-06-08 13:50:23] Player moved to (440, 316)
[2025-06-08 13:50:23] Player moved to (444, 316)
[2025-06-08 13:50:23] Player moved to (448, 316)
[2025-06-08 13:50:23] Player moved to (452, 316)
[2025-06-08 13:50:23] Player moved to (456, 316)
[2025-06-08 13:50:23] Player moved to (460, 316)
[2025-06-08 13:50:23] Player moved to (464, 316)
[2025-06-08 13:50:23] Player moved to (468, 316)
[2025-06-08 13:50:23] Player moved to (472, 316)
[2025-06-08 13:50:23] Player moved to (476, 316)
[2025-06-08 13:50:23] Player moved to (480, 316)
[2025-06-08 13:50:23] Player moved to (484, 316)
[2025-06-08 13:50:23] Player moved to (488, 316)
[2025-06-08 13:50:23] Player moved to (492, 316)
[2025-06-08 13:50:23] Player moved to (496, 316)
[2025-06-08 13:50:23] Player moved to (500, 320)
[2025-06-08 13:50:23] Player moved to (504, 324)
[2025-06-08 13:50:23] Player moved to (508, 328)
[2025-06-08 13:50:23] Player moved to (512, 332)
[2025-06-08 13:50:23] Player moved to (516, 336)
[2025-06-08 13:50:23] Player moved to (520, 340)
[2025-06-08 13:50:23] Player moved to (524, 344)
[2025-06-08 13:50:23] Player moved to (528, 348)
[2025-06-08 13:50:23] Player moved to (532, 352)
[2025-06-08 13:50:23] Player moved to (536, 356)
[2025-06-08 13:50:23] Player moved to (540, 360)
[2025-06-08 13:50:23] Player moved to (544, 364)
[2025-06-08 13:50:23] -ReimuHakurei- hit by enemy! Health: 2
[2025-06-08 13:50:23] Player moved to (104, 104)
[2025-06-08 13:50:23] Player moved to (108, 108)
[2025-06-08 13:50:23] Player moved to (112, 112)
[2025-06-08 13:50:23] Player moved to (116, 116)
[2025-06-08 13:50:23] Player moved to (120, 120)
[2025-06-08 13:50:23] Player moved to (124, 124)
[2025-06-08 13:50:23] Player moved to (128, 128)
[2025-06-08 13:50:23] Player moved to (124, 132)
[2025-06-08 13:50:23] Player moved to (120, 132)
[2025-06-08 13:50:23] Player moved to (116, 132)
[2025-06-08 13:50:23] Player moved to (112, 132)
[2025-06-08 13:50:23] Player moved to (108, 132)
[2025-06-08 13:50:24] Player moved to (104, 132)
[2025-06-08 13:50:24] Player moved to (100, 132)
[2025-06-08 13:50:24] Player moved to (96, 132)
[2025-06-08 13:50:24] Player moved to (92, 132)
[2025-06-08 13:50:24] Player moved to (96, 132)
[2025-06-08 13:50:24] Player moved to (100, 132)
[2025-06-08 13:50:24] Player moved to (104, 132)
[2025-06-08 13:50:24] Player moved to (108, 132)
[2025-06-08 13:50:24] Player moved to (112, 132)
[2025-06-08 13:50:24] Player moved to (116, 132)
[2025-06-08 13:50:24] Player moved to (120, 132)
[2025-06-08 13:50:24] Player moved to (124, 132)
[2025-06-08 13:50:24] Player moved to (128, 132)
[2025-06-08 13:50:24] Player moved to (132, 136)
[2025-06-08 13:50:24] Player moved to (136, 140)
[2025-06-08 13:50:24] Player moved to (140, 144)
[2025-06-08 13:50:24] Player moved to (144, 148)
[2025-06-08 13:50:24] Player moved to (148, 152)
[2025-06-08 13:50:24] Player moved to (152, 156)
[2025-06-08 13:50:24] Player moved to (152, 160)
[2025-06-08 13:50:24] Player moved to (152, 164)
[2025-06-08 13:50:24] Player moved to (152, 168)
[2025-06-08 13:50:24] Player moved to (152, 172)
[2025-06-08 13:50:24] Player moved to (152, 176)
[2025-06-08 13:50:24] Player moved to (152, 180)
[2025-06-08 13:50:24] Player moved to (152, 184)
[2025-06-08 13:50:24] Player moved to (152, 188)
[2025-06-08 13:50:24] Player moved to (152, 192)
[2025-06-08 13:50:24] Player moved to (152, 196)
[2025-06-08 13:50:24] Player moved to (152, 200)
[2025-06-08 13:50:24] Player moved to (152, 204)
[2025-06-08 13:50:24] Player moved to (152, 208)
[2025-06-08 13:50:24] Player moved to (152, 212)
[2025-06-08 13:50:24] Player moved to (152, 216)
[2025-06-08 13:50:24] Player moved to (152, 220)
[2025-06-08 13:50:24] Player moved to (152, 224)
[2025-06-08 13:50:24] Player moved to (152, 228)
[2025-06-08 13:50:24] Player moved to (152, 232)
[2025-06-08 13:50:24] Player moved to (152, 236)
[2025-06-08 13:50:24] Player moved to (152, 240)
[2025-06-08 13:50:24] Player moved to (152, 244)
[2025-06-08 13:50:24] Player moved to (152, 248)
[2025-06-08 13:50:24] Player moved to (152, 252)
[2025-06-08 13:50:24] Player moved to (152, 256)
[2025-06-08 13:50:24] Player moved to (152, 260)
[2025-06-08 13:50:24] Player moved to (152, 264)
[2025-06-08 13:50:24] Player moved to (152, 268)
[2025-06-08 13:50:24] Player moved to (152, 272)
[2025-06-08 13:50:24] Player moved to (152, 276)
[2025-06-08 13:50:25] Player moved to (152, 280)
[2025-06-08 13:50:25] Player moved to (152, 284)
[2025-06-08 13:50:25] Player moved to (152, 288)
[2025-06-08 13:50:25] Player moved to (152, 292)
[2025-06-08 13:50:25] Player moved to (152, 296)
[2025-06-08 13:50:25] Player moved to (152, 300)
[2025-06-08 13:50:25] Player moved to (152, 304)
[2025-06-08 13:50:25] Player moved to (152, 308)
[2025-06-08 13:50:25] Player moved to (152, 312)
[2025-06-08 13:50:25] Player moved to (152, 316)
[2025-06-08 13:50:25] Player moved to (152, 320)
[2025-06-08 13:50:25] Player moved to (152, 324)
[2025-06-08 13:50:25] Player moved to (152, 328)
[2025-06-08 13:50:25] Player moved to (152, 332)
[2025-06-08 13:50:25] Player moved to (152, 336)
[2025-06-08 13:50:25] Player moved to (152, 340)
[2025-06-08 13:50:25] Player moved to (152, 344)
[2025-06-08 13:50:25] Player moved to (152, 348)
[2025-06-08 13:50:25] Player moved to (152, 352)
[2025-06-08 13:50:25] Player moved to (152, 356)
[2025-06-08 13:50:25] Player moved to (152, 360)
[2025-06-08 13:50:25] Player moved to (152, 364)
[2025-06-08 13:50:25] Player moved to (152, 368)
[2025-06-08 13:50:25] Player moved to (152, 372)
[2025-06-08 13:50:25] Player moved to (152, 376)
[2025-06-08 13:50:25] Player moved to (152, 380)
[2025-06-08 13:50:25] Player moved to (152, 384)
[2025-06-08 13:50:25] Player moved to (152, 388)
[2025-06-08 13:50:25] Player moved to (152, 392)
[2025-06-08 13:50:25] Player moved to (152, 396)
[2025-06-08 13:50:25] -ReimuHakurei- shot bullet at (0, 1)
[2025-06-08 13:50:25] -ReimuHakurei- hit by enemy! Health: 1
[2025-06-08 13:50:26] Player moved to (96, 100)
[2025-06-08 13:50:26] Player moved to (92, 100)
[2025-06-08 13:50:26] Player moved to (88, 100)
[2025-06-08 13:50:26] Player moved to (84, 100)
[2025-06-08 13:50:26] Player moved to (80, 100)
[2025-06-08 13:50:26] Player moved to (76, 100)
[2025-06-08 13:50:26] Player moved to (76, 104)
[2025-06-08 13:50:26] Player moved to (76, 108)
[2025-06-08 13:50:26] Player moved to (76, 112)
[2025-06-08 13:50:26] Player moved to (76, 116)
[2025-06-08 13:50:26] Player moved to (76, 120)
[2025-06-08 13:50:26] Player moved to (76, 124)
[2025-06-08 13:50:26] Player moved to (76, 128)
[2025-06-08 13:50:26] Player moved to (76, 132)
[2025-06-08 13:50:26] Player moved to (76, 136)
[2025-06-08 13:50:26] Player moved to (76, 140)
[2025-06-08 13:50:26] Player moved to (76, 144)
[2025-06-08 13:50:26] Player moved to (76, 148)
[2025-06-08 13:50:26] Player moved to (76, 152)
[2025-06-08 13:50:26] Player moved to (76, 156)
[2025-06-08 13:50:26] Player moved to (76, 160)
[2025-06-08 13:50:26] Player moved to (76, 164)
[2025-06-08 13:50:26] Player moved to (76, 168)
[2025-06-08 13:50:26] Player moved to (76, 172)
[2025-06-08 13:50:26] Player moved to (76, 176)
[2025-06-08 13:50:26] Player moved to (76, 180)
[2025-06-08 13:50:26] Player moved to (76, 184)
[2025-06-08 13:50:26] Player moved to (76, 188)
[2025-06-08 13:50:26] Player moved to (76, 192)
[2025-06-08 13:50:26] Player moved to (76, 196)
[2025-06-08 13:50:26] Player moved to (76, 200)
[2025-06-08 13:50:26] Player moved to (76, 204)
[2025-06-08 13:50:26] Player moved to (76, 208)
[2025-06-08 13:50:26] Player moved to (76, 212)
[2025-06-08 13:50:26] Player moved to (76, 216)
[2025-06-08 13:50:26] Player moved to (76, 220)
[2025-06-08 13:50:26] Player moved to (76, 224)
[2025-06-08 13:50:26] Player moved to (76, 228)
[2025-06-08 13:50:26] Player moved to (76, 232)
[2025-06-08 13:50:26] Player moved to (76, 236)
[2025-06-08 13:50:26] Player moved to (76, 240)
[2025-06-08 13:50:26] Player moved to (76, 244)
[2025-06-08 13:50:26] Player moved to (76, 248)
[2025-06-08 13:50:26] Player moved to (76, 252)
[2025-06-08 13:50:26] Player moved to (76, 256)
[2025-06-08 13:50:26] Player moved to (76, 260)
[2025-06-08 13:50:26] Player moved to (76, 264)
[2025-06-08 13:50:26] Player moved to (76, 268)
[2025-06-08 13:50:27] -ReimuHakurei- shot bullet at (0, 1)
[2025-06-08 13:50:27] Bullet hit enemy!
[2025-06-08 13:50:27] Player moved to (80, 268)
[2025-06-08 13:50:27] Player moved to (84, 268)
[2025-06-08 13:50:27] Player moved to (88, 268)
[2025-06-08 13:50:27] Player moved to (92, 272)
[2025-06-08 13:50:27] Player moved to (96, 276)
[2025-06-08 13:50:27] Player moved to (100, 280)
[2025-06-08 13:50:27] Player moved to (104, 284)
[2025-06-08 13:50:27] Player moved to (108, 288)
[2025-06-08 13:50:27] Player moved to (112, 292)
[2025-06-08 13:50:27] Player moved to (116, 296)
[2025-06-08 13:50:27] Player moved to (120, 300)
[2025-06-08 13:50:27] Player moved to (124, 304)
[2025-06-08 13:50:27] Player moved to (128, 308)
[2025-06-08 13:50:27] Player moved to (132, 312)
[2025-06-08 13:50:27] Player moved to (136, 316)
[2025-06-08 13:50:27] Player moved to (140, 320)
[2025-06-08 13:50:27] Player moved to (144, 324)
[2025-06-08 13:50:27] Player moved to (148, 328)
[2025-06-08 13:50:27] Player moved to (152, 332)
[2025-06-08 13:50:27] Player moved to (156, 336)
[2025-06-08 13:50:27] Player moved to (160, 340)
[2025-06-08 13:50:27] Player moved to (164, 344)
[2025-06-08 13:50:27] Player moved to (168, 348)
[2025-06-08 13:50:27] Player moved to (172, 352)
[2025-06-08 13:50:27] Player moved to (176, 356)
[2025-06-08 13:50:27] Player moved to (180, 360)
[2025-06-08 13:50:27] Player moved to (184, 364)
[2025-06-08 13:50:27] Player moved to (188, 368)
[2025-06-08 13:50:27] Player moved to (192, 372)
[2025-06-08 13:50:27] Player moved to (196, 376)
[2025-06-08 13:50:27] Player moved to (200, 380)
[2025-06-08 13:50:27] Player moved to (204, 384)
[2025-06-08 13:50:27] Player moved to (208, 388)
[2025-06-08 13:50:27] Player moved to (212, 388)
[2025-06-08 13:50:27] Player moved to (216, 388)
[2025-06-08 13:50:27] Player moved to (220, 388)
[2025-06-08 13:50:27] Player moved to (224, 388)
[2025-06-08 13:50:27] Player moved to (228, 388)
[2025-06-08 13:50:27] Player moved to (232, 388)
[2025-06-08 13:50:28] Player moved to (236, 388)
[2025-06-08 13:50:28] Player moved to (240, 388)
[2025-06-08 13:50:28] Player moved to (244, 388)
[2025-06-08 13:50:28] Player moved to (248, 388)
[2025-06-08 13:50:28] Player moved to (252, 388)
[2025-06-08 13:50:28] Player moved to (256, 388)
[2025-06-08 13:50:28] Player moved to (260, 388)
[2025-06-08 13:50:28] Player moved to (264, 388)
[2025-06-08 13:50:28] Player moved to (268, 388)
[2025-06-08 13:50:28] Player moved to (272, 388)
[2025-06-08 13:50:28] Player moved to (276, 388)
[2025-06-08 13:50:28] Player moved to (280, 388)
[2025-06-08 13:50:28] Player moved to (284, 388)
[2025-06-08 13:50:28] Player moved to (288, 388)
[2025-06-08 13:50:28] Player moved to (292, 388)
[2025-06-08 13:50:28] Player moved to (296, 388)
[2025-06-08 13:50:28] Player moved to (300, 388)
[2025-06-08 13:50:28] Player moved to (304, 388)
[2025-06-08 13:50:28] Player moved to (308, 388)
[2025-06-08 13:50:28] Player moved to (312, 388)
[2025-06-08 13:50:28] Player moved to (316, 388)
[2025-06-08 13:50:28] Player moved to (320, 388)
[2025-06-08 13:50:28] Player moved to (324, 388)
[2025-06-08 13:50:28] Player moved to (328, 388)
[2025-06-08 13:50:28] Player moved to (332, 388)
[2025-06-08 13:50:28] Player moved to (336, 388)
[2025-06-08 13:50:28] Player moved to (340, 388)
[2025-06-08 13:50:28] Player moved to (344, 388)
[2025-06-08 13:50:28] Player moved to (348, 388)
[2025-06-08 13:50:28] Player moved to (352, 388)
[2025-06-08 13:50:28] Player moved to (356, 388)
[2025-06-08 13:50:28] Player moved to (360, 388)
[2025-06-08 13:50:28] Player moved to (364, 388)
[2025-06-08 13:50:28] Player moved to (368, 388)
[2025-06-08 13:50:28] Player moved to (372, 388)
[2025-06-08 13:50:28] Player moved to (376, 388)
[2025-06-08 13:50:28] Player moved to (380, 388)
[2025-06-08 13:50:28] Player moved to (384, 388)
[2025-06-08 13:50:28] Player moved to (388, 388)
[2025-06-08 13:50:28] Player moved to (392, 388)
[2025-06-08 13:50:28] Player moved to (396, 388)
[2025-06-08 13:50:28] Player moved to (400, 388)
[2025-06-08 13:50:28] Player moved to (404, 388)
[2025-06-08 13:50:28] Player moved to (408, 388)
[2025-06-08 13:50:28] Player moved to (412, 388)
[2025-06-08 13:50:28] Player moved to (416, 388)
[2025-06-08 13:50:28] Player moved to (420, 388)
[2025-06-08 13:50:28] Player moved to (424, 388)
[2025-06-08 13:50:28] Player moved to (428, 388)
[2025-06-08 13:50:28] Player moved to (432, 388)
[2025-06-08 13:50:28] Player moved to (436, 388)
[2025-06-08 13:50:28] Player moved to (440, 388)
[2025-06-08 13:50:28] Player moved to (444, 388)
[2025-06-08 13:50:28] Player moved to (448, 388)
[2025-06-08 13:50:28] Player moved to (452, 388)
[2025-06-08 13:50:28] Player moved to (456, 388)
[2025-06-08 13:50:28] Player moved to (460, 388)
[2025-06-08 13:50:28] Player moved to (464, 388)
[2025-06-08 13:50:28] Player moved to (468, 388)
[2025-06-08 13:50:28] Player moved to (472, 388)
[2025-06-08 13:50:29] Player moved to (476, 388)
[2025-06-08 13:50:29] Player moved to (480, 388)
[2025-06-08 13:50:29] Player moved to (484, 388)
[2025-06-08 13:50:29] Player moved to (488, 388)
[2025-06-08 13:50:29] Player moved to (492, 384)
[2025-06-08 13:50:29] Player moved to (496, 380)
[2025-06-08 13:50:29] Player moved to (500, 376)
[2025-06-08 13:50:29] Player moved to (504, 372)
[2025-06-08 13:50:29] Player moved to (508, 368)
[2025-06-08 13:50:29] Player moved to (512, 364)
[2025-06-08 13:50:29] Player moved to (516, 360)
[2025-06-08 13:50:29] Player moved to (520, 356)
[2025-06-08 13:50:29] Player moved to (524, 352)
[2025-06-08 13:50:29] Player moved to (528, 348)
[2025-06-08 13:50:29] Player moved to (532, 344)
[2025-06-08 13:50:29] Player moved to (536, 340)
[2025-06-08 13:50:29] Player moved to (540, 336)
[2025-06-08 13:50:29] Player moved to (544, 332)
[2025-06-08 13:50:29] Player moved to (548, 328)
[2025-06-08 13:50:29] Player moved to (552, 324)
[2025-06-08 13:50:29] Player moved to (556, 320)
[2025-06-08 13:50:29] Player moved to (560, 316)
[2025-06-08 13:50:29] Player moved to (564, 312)
[2025-06-08 13:50:29] -ReimuHakurei- hit by enemy! Health: 0
[2025-06-08 13:50:29] No health — Game Over
[2025-06-08 13:50:32] Повернення у меню з Game Over сцени
[2025-06-08 13:50:32] -ReimuHakurei- started the game from menu
[2025-06-08 13:50:33] -ReimuHakurei- has left the game
=====================================

[2025-06-08 13:50:34] 
=====================================
-ReimuHakurei- has joined the game!
[2025-06-08 13:50:34] -ReimuHakurei- has used FPS Counter :)
[2025-06-08 13:50:35] -ReimuHakurei- has left the game
=====================================

[2025-06-10 19:48:02] 
=====================================
-ReimuHakurei- has joined the game!
[2025-06-10 19:48:02] -ReimuHakurei- has used FPS Counter :)
[2025-06-10 19:48:04] -ReimuHakurei- has left the game
=====================================

[2025-06-10 19:50:37] 
=====================================
-ReimuHakurei- has joined the game!
[2025-06-10 19:50:37] -ReimuHakurei- has used FPS Counter :)
[2025-06-10 19:50:40] -ReimuHakurei- has left the game
=====================================

